time,equity_strategy,equity_bh_1x,equity_bh_3x
2020-11-06 00:00:00,1.0,1.0,1.0
2020-11-06 04:00:00,1.0,1.0196247945624504,1.058874383687351
2020-11-06 08:00:00,1.0,1.0091947884965342,1.026379882855871
2020-11-06 12:00:00,1.0,0.9987550614109219,0.9945273822722887
2020-11-06 16:00:00,1.0,1.000357085456836,0.9993131105522621
2020-11-06 20:00:00,1.0,1.0096847278892167,1.0272668348035325
2020-11-07 00:00:00,1.0,1.0074346358635635,1.020399013048791
2020-11-07 04:00:00,1.0,1.0009027586957762,1.000551211182262
2020-11-07 08:00:00,1.0,1.0055390370228277,1.0144551609572252
2020-11-07 12:00:00,1.0,0.994000834711558,0.9795336259838285
2020-11-07 16:00:00,1.0,0.9489996422664753,0.8464949614173569
2020-11-07 20:00:00,1.0,0.9603265744163499,0.8768053764042982
2020-11-08 00:00:00,1.0,0.9693418480824965,0.9014989774067619
2020-11-08 04:00:00,1.0,0.9676646481509324,0.8968195321949332
2020-11-08 08:00:00,1.0,0.9831839320617375,0.9399687687516797
2020-11-08 12:00:00,1.0,0.995009876556011,0.9738871988331124
2020-11-08 16:00:00,1.0,0.994101933316397,0.9712211922361094
2020-11-08 20:00:00,1.0,1.0028916793255944,0.9969835028575947
2020-11-09 00:00:00,1.0,1.0002333044727059,0.9890553608836071
2020-11-09 04:00:00,1.0,0.9917552791617629,0.9639055193036503
2020-11-09 08:00:00,1.0,1.0241022962344655,1.0582215333784348
2020-11-09 12:00:00,1.0,0.9721641841342586,0.8972160493670647
2020-11-09 16:00:00,1.0,0.9954324168788007,0.9616392163573277
2020-11-09 20:00:00,1.0,0.9933851701308059,0.9557059775204668
2020-11-10 00:00:00,1.0,0.9938064143176359,0.9569217765864917
2020-11-10 04:00:00,1.0,0.9899069892835476,0.9456576772281239
2020-11-10 08:00:00,1.0,0.99019861987443,0.9464934609234653
2020-11-10 12:00:00,1.0,0.9829564602008488,0.9257259402369263
2020-11-10 16:00:00,1.0,0.9914105069965415,0.9496114246982131
2020-11-10 20:00:00,1.0,0.9913631980340205,0.9494754816222111
2020-11-11 00:00:00,1.0,0.998147821713906,0.9689693477921263
2020-11-11 04:00:00,1.0,0.9980577402647224,0.9687070033943381
2020-11-11 08:00:00,1.0,1.0093321789082381,1.0015356481691888
2020-11-11 12:00:00,1.0,1.0153456016922346,1.0194365654634332
2020-11-11 16:00:00,1.0,1.0244386435159498,1.0468256021941795
2020-11-11 20:00:00,1.0,1.0164453730538514,1.0223217623069931
2020-11-12 00:00:00,1.0,1.0128097116875168,1.01135172151469
2020-11-12 04:00:00,1.0,1.028014034560169,1.056899027985818
2020-11-12 08:00:00,1.0,1.021520393403186,1.036870732273376
2020-11-12 12:00:00,1.0,1.0450102653967985,1.1083992918566554
2020-11-12 16:00:00,1.0,1.041044089360797,1.095779013792649
2020-11-12 20:00:00,1.0,1.0558232796387403,1.1424477189308597
2020-11-13 00:00:00,1.0,1.0649694630367943,1.1721374498589516
2020-11-13 04:00:00,1.0,1.0533243295088677,1.1336864963139501
2020-11-13 08:00:00,1.0,1.051490297126207,1.1277646229997893
2020-11-13 12:00:00,1.0,1.0434004645351276,1.1017346338677592
2020-11-13 16:00:00,1.0,1.0551842846107182,1.1390625145937714
2020-11-13 20:00:00,1.0,1.0576923076923073,1.1471846837341924
2020-11-14 00:00:00,1.0,1.0484845578361783,1.1172242041227258
2020-11-14 04:00:00,1.0,1.0426765726017593,1.098657917287357
2020-11-14 08:00:00,1.0,1.0320767727251514,1.0651512066866635
2020-11-14 12:00:00,1.0,1.0337928567354997,1.0704644421049119
2020-11-14 16:00:00,1.0,1.0292181448665234,1.0562534722088393
2020-11-14 20:00:00,1.0,1.0414744064993438,1.093988093301179
2020-11-15 00:00:00,1.0,1.032337944120986,1.0651966578291912
2020-11-15 04:00:00,1.0,1.0389112976394765,1.0855443963924232
2020-11-15 08:00:00,1.0,1.0339095089718524,1.0698654919303716
2020-11-15 12:00:00,1.0,1.0386708644189935,1.0846463112675782
2020-11-15 16:00:00,1.0,1.0275305758472835,1.0497461133713348
2020-11-15 20:00:00,1.0,1.0341220752692069,1.0699481425725033
2020-11-16 00:00:00,1.0,1.037330011768914,1.0799053587893368
2020-11-16 04:00:00,1.0,1.052184377932507,1.1262974696108352
2020-11-16 08:00:00,1.0,1.052182433728568,1.126291226165229
2020-11-16 12:00:00,1.0,1.06607182667033,1.1708942367428699
2020-11-16 16:00:00,1.0,1.0873939112717161,1.2411500263168704
2020-11-16 20:00:00,1.0,1.0831529544123055,1.2266281580322382
2020-11-17 00:00:00,1.0,1.0740806507639422,1.195806075884092
2020-11-17 04:00:00,1.0,1.0855138660624941,1.2339928963370301
2020-11-17 08:00:00,1.0,1.1013954199739733,1.2881545021596605
2020-11-17 12:00:00,1.0,1.1225956677951687,1.362539761574718
2020-11-17 16:00:00,1.0,1.1461224796636267,1.4482060906551302
2020-11-17 20:00:00,1.0,1.1444478720039817,1.4418581381757385
2020-11-18 00:00:00,1.0,1.1685125802956227,1.5328135141485297
2020-11-18 04:00:00,1.0,1.170650556560781,1.5412270793101501
2020-11-18 08:00:00,1.0,1.1827234149553352,1.588910863795835
2020-11-18 12:00:00,1.0,1.158348930169379,1.4906743280527053
2020-11-18 16:00:00,1.0,1.144481571538928,1.4371367929372099
2020-11-18 20:00:00,1.0,1.1520134175994523,1.4655102330034322
2020-11-19 00:00:00,1.0,1.1610435968291328,1.4999729047000734
2020-11-19 04:00:00,1.0,1.1438360958311082,1.4332808735176261
2020-11-19 08:00:00,1.0,1.1513141522493144,1.4613919515148095
2020-11-19 12:00:00,1.0,1.1694386694386696,1.5304096653000552
2020-11-19 16:00:00,1.0,1.1636579030593994,1.5077143133225377
2020-11-19 20:00:00,1.0,1.1537437591053552,1.4691779959790474
2020-11-20 00:00:00,1.0,1.163609946028899,1.5068688210462875
2020-11-20 04:00:00,1.0,1.1802614047003075,1.571559477866086
2020-11-20 08:00:00,1.0,1.1835989547959622,1.584891673085189
2020-11-20 12:00:00,1.0,1.2098495963832623,1.6903440049656977
2020-11-20 16:00:00,1.0,1.207180852442698,1.6791580806965807
2020-11-20 20:00:00,1.0,1.2090142367573788,1.686808654545866
2020-11-21 00:00:00,1.0,1.2092611506576594,1.6878421324601662
2020-11-21 04:00:00,1.0,1.2099422701043652,1.6906941766991528
2020-11-21 08:00:00,1.0,1.200938661661854,1.652951016370388
2020-11-21 12:00:00,1.0,1.2177203819971902,1.722245217407313
2020-11-21 16:00:00,1.0,1.2105890419481447,1.691987245688805
2020-11-21 20:00:00,1.0,1.212133387943862,1.6984626398245706
2020-11-22 00:00:00,1.0,1.2028083377834005,1.6592633665360907
2020-11-22 04:00:00,1.0,1.1988162390282096,1.642742172729878
2020-11-22 08:00:00,1.0,1.1592523369331353,1.480098503816902
2020-11-22 12:00:00,1.0,1.1856662916513294,1.5812721317132628
2020-11-22 16:00:00,1.0,1.2036942467117033,1.653401456286652
2020-11-22 20:00:00,1.0,1.1933802448141602,1.610899336323561
2020-11-23 00:00:00,1.0,1.190436071982207,1.5989766501178226
2020-11-23 04:00:00,1.0,1.1962123018856188,1.6222522974843097
2020-11-23 08:00:00,1.0,1.2033131827396168,1.6511420361905633
2020-11-23 12:00:00,1.0,1.1834926716472853,1.5695511099559964
2020-11-23 16:00:00,1.0,1.1953250968213562,1.616627690598236
2020-11-23 20:00:00,1.0,1.1903712651842329,1.5965281342003197
2020-11-24 00:00:00,1.0,1.1884607607799629,1.5888410181186192
2020-11-24 04:00:00,1.0,1.1904594024294775,1.5968569087682647
2020-11-24 08:00:00,1.0,1.235540955304048,1.7782712157631417
2020-11-24 12:00:00,1.0,1.2545669350532196,1.860421512751035
2020-11-24 16:00:00,1.0,1.2416988972475258,1.803174728163354
2020-11-24 20:00:00,1.0,1.2416988972475258,1.803174728163354
2020-11-25 00:00:00,1.0,1.2188882004966795,1.7037987715507632
2020-11-25 04:00:00,1.0,1.2297174164381148,1.7492109877253652
2020-11-25 08:00:00,1.0,1.2495755154732713,1.8339524199356543
2020-11-25 12:00:00,1.0,1.2395492557587324,1.7898069888544015
2020-11-25 16:00:00,1.0,1.2301166263136343,1.7489471697895027
2020-11-25 20:00:00,1.0,1.2131255800208425,1.6764749138508266
2020-11-26 00:00:00,1.0,1.1618549779397664,1.4639151930209144
2020-11-26 04:00:00,1.0,1.1418892996199734,1.3884460672188081
2020-11-26 08:00:00,1.0,1.108196245353353,1.2655418889294205
2020-11-26 12:00:00,1.0,1.0955705849720816,1.22228699931517
2020-11-26 16:00:00,1.0,1.0704054572508441,1.138059632667064
2020-11-26 20:00:00,1.0,1.111402237649121,1.2688234862831285
2020-11-27 00:00:00,1.0,1.1067776245457048,1.252984528464403
2020-11-27 04:00:00,1.0,1.1078190697891452,1.256521593404099
2020-11-27 08:00:00,1.0,1.0880653096987267,1.1893056730934133
2020-11-27 12:00:00,1.0,1.069237638751355,1.1275671294529253
2020-11-27 16:00:00,1.0,1.088957699306827,1.1899546416409685
2020-11-27 20:00:00,1.0,1.110757410009281,1.2614193099747188
2020-11-28 00:00:00,1.0,1.1010849954116793,1.2284661995001445
2020-11-28 04:00:00,1.0,1.1026695216221407,1.2337697053145513
2020-11-28 08:00:00,1.0,1.1121034472031983,1.2654363779373106
2020-11-28 12:00:00,1.0,1.1352232723803801,1.3443588951842453
2020-11-28 16:00:00,1.0,1.1545007025056906,1.412845294192555
2020-11-28 20:00:00,1.0,1.1483667390774628,1.390325581526694
2020-11-29 00:00:00,1.0,1.1579341666623468,1.4250753845330604
2020-11-29 04:00:00,1.0,1.1546847538119365,1.413078178472583
2020-11-29 08:00:00,1.0,1.172383490338603,1.4780561691054481
2020-11-29 12:00:00,1.0,1.1742972350827718,1.4852943012913469
2020-11-29 16:00:00,1.0,1.1692999828910058,1.4663321765903825
2020-11-29 20:00:00,1.0,1.1785109730870336,1.5009846306235226
2020-11-30 00:00:00,1.0,1.204077902955709,1.598672907597106
2020-11-30 04:00:00,1.0,1.2068969986675728,1.6099017789037302
2020-11-30 08:00:00,1.0,1.2054680087722487,1.604183312347618
2020-11-30 12:00:00,1.0,1.2502449696963418,1.7829448878586007
2020-11-30 16:00:00,1.0,1.2481776328409748,1.7741003467476213
2020-11-30 20:00:00,1.0,1.2764262680098095,1.894554147864313
2020-12-01 00:00:00,1.0,1.258531166885282,1.8148709599396717
2020-12-01 04:00:00,1.0,1.2647454907429974,1.841755147320442
2020-12-01 08:00:00,1.0,1.2588720506426245,1.816095980437028
2020-12-01 12:00:00,1.0,1.2483973278861062,1.7707622980713078
2020-12-01 16:00:00,1.0,1.2358520279343226,1.7173784666346523
2020-12-01 20:00:00,1.0,1.2160969717079446,1.6350217425200853
2020-12-02 00:00:00,1.0,1.2065891663771966,1.5966724937321655
2020-12-02 04:00:00,1.0,1.239396311715514,1.7269130130885013
2020-12-02 08:00:00,1.0,1.2395797149537802,1.7276796478666039
2020-12-02 12:00:00,1.0,1.2243021603994175,1.6637998027360432
2020-12-02 16:00:00,1.0,1.2378811287788847,1.7191603639811832
2020-12-02 20:00:00,1.0,1.2445555809022149,1.7469686565747657
2020-12-03 00:00:00,1.0,1.2369673529274532,1.7150141260557454
2020-12-03 04:00:00,1.0,1.2448161042300698,1.7476602245741002
2020-12-03 08:00:00,1.0,1.2570250569003691,1.799082521152084
2020-12-03 12:00:00,1.0,1.2660007984197517,1.837621370302121
2020-12-03 16:00:00,1.0,1.2581779698363247,1.8035564700294051
2020-12-03 20:00:00,1.0,1.2586711495689058,1.8056773404918722
2020-12-04 00:00:00,1.0,1.241868042990238,1.733360622635833
2020-12-04 04:00:00,1.0,1.249730403720429,1.7662827351765256
2020-12-04 08:00:00,1.0,1.220522627941581,1.6424419693501375
2020-12-04 12:00:00,1.0,1.2276578563985052,1.6712473312752616
2020-12-04 16:00:00,1.0,1.233839128789254,1.6964915838161854
2020-12-04 20:00:00,1.0,1.208680481747814,1.5927144414721404
2020-12-05 00:00:00,1.0,1.2195894100507572,1.6358395053201724
2020-12-05 04:00:00,1.0,1.2255814465914223,1.6599509234985268
2020-12-05 08:00:00,1.0,1.2321995168005149,1.6868418456463317
2020-12-05 12:00:00,1.0,1.238508458583272,1.7127520660022069
2020-12-05 16:00:00,1.0,1.2390534837542322,1.7150132366412512
2020-12-05 20:00:00,1.0,1.2408985332925486,1.7226746114453897
2020-12-06 00:00:00,1.0,1.2432140801841551,1.7323182698141315
2020-12-06 04:00:00,1.0,1.2462988837677118,1.7452135427001783
2020-12-06 08:00:00,1.0,1.2371073356110762,1.7066002986454774
2020-12-06 12:00:00,1.0,1.2394838008927784,1.7164353620455426
2020-12-06 16:00:00,1.0,1.239923839051021,1.718263454647268
2020-12-06 20:00:00,1.0,1.2546207246955379,1.7793634691112952
2020-12-07 00:00:00,1.0,1.2496487471549818,1.7582089758909132
2020-12-07 04:00:00,1.0,1.255391925591427,1.7824502866594558
2020-12-07 08:00:00,1.0,1.2380418496378598,1.7085475144018685
2020-12-07 12:00:00,1.0,1.2451913355903383,1.7381472483452678
2020-12-07 16:00:00,1.0,1.2291911852385669,1.6711440099380779
2020-12-07 20:00:00,1.0,1.242145416085566,1.7239796929708588
2020-12-08 00:00:00,1.0,1.241356717354224,1.720695776500779
2020-12-08 04:00:00,1.0,1.2406030142937876,1.7175615597489835
2020-12-08 08:00:00,1.0,1.2159673581119967,1.6152405378680483
2020-12-08 12:00:00,1.0,1.2190100372768704,1.6273658437770686
2020-12-08 16:00:00,1.0,1.2180917249495806,1.6236880312825401
2020-12-08 20:00:00,1.0,1.1875268948211595,1.5014614012812018
2020-12-09 00:00:00,1.0,1.1859650509899888,1.4955372030902585
2020-12-09 04:00:00,1.0,1.1616015833596884,1.4033680311395738
2020-12-09 08:00:00,1.0,1.1823967886935471,1.4787380894743267
2020-12-09 12:00:00,1.0,1.1891723394217162,1.5041591622513757
2020-12-09 16:00:00,1.0,1.183374075206993,1.4821568537012844
2020-12-09 20:00:00,1.0,1.201600987137147,1.5506435892274837
2020-12-10 00:00:00,1.0,1.193078245135602,1.5176482720078572
2020-12-10 04:00:00,1.0,1.1882916150372511,1.4993818567233912
2020-12-10 08:00:00,1.0,1.1789970240718373,1.4641982177508068
2020-12-10 12:00:00,1.0,1.175211659002183,1.4500950656426308
2020-12-10 16:00:00,1.0,1.192645983793116,1.514631768010632
2020-12-10 20:00:00,1.0,1.1830241184979342,1.477973154201567
2020-12-11 00:00:00,1.0,1.1659313255323234,1.413910159867418
2020-12-11 04:00:00,1.0,1.154335445170857,1.3717236278736948
2020-12-11 08:00:00,1.0,1.143691576671627,1.3337785592020486
2020-12-11 12:00:00,1.0,1.1733102275496297,1.4374027940028442
2020-12-11 16:00:00,1.0,1.165031807176446,1.406977529750622
2020-12-11 20:00:00,1.0,1.168889755859831,1.4209549518476434
2020-12-12 00:00:00,1.0,1.184799176694439,1.4789755740730517
2020-12-12 04:00:00,1.0,1.1912040325381976,1.5029609689012444
2020-12-12 08:00:00,1.0,1.199321083984426,1.533685205487944
2020-12-12 12:00:00,1.0,1.1923809239894032,1.5070600902034101
2020-12-12 16:00:00,1.0,1.2187106298702315,1.6068950878659767
2020-12-12 20:00:00,1.0,1.2189309729833424,1.6077666686762815
2020-12-13 00:00:00,1.0,1.2173581119965162,1.6015428704667134
2020-12-13 04:00:00,1.0,1.247380509225896,1.7200342718790131
2020-12-13 08:00:00,1.0,1.2518606031698305,1.7385673058677842
2020-12-13 12:00:00,1.0,1.2450254301875252,1.7100895146978328
2020-12-13 16:00:00,1.0,1.2438874228151038,1.7054002262028978
2020-12-13 20:00:00,1.0,1.2426697030811749,1.700391655157953
2020-12-14 00:00:00,1.0,1.2482229975995565,1.7231879999170088
2020-12-14 04:00:00,1.0,1.2414260606280558,1.6950382215969344
2020-12-14 08:00:00,1.0,1.2382271970800651,1.6819350747769592
2020-12-14 12:00:00,1.0,1.2442950575743597,1.7066617503457258
2020-12-14 16:00:00,1.0,1.2427273811313715,1.7002111257791181
2020-12-14 20:00:00,1.0,1.2490304903023108,1.7260815214157104
2020-12-15 00:00:00,1.0,1.2624169824917957,1.7815793903250263
2020-12-15 04:00:00,1.0,1.2441349847833638,1.7041782682321767
2020-12-15 08:00:00,1.0,1.2503525489809781,1.7297281593207816
2020-12-15 12:00:00,1.0,1.2574663911945712,1.7592518641538986
2020-12-15 16:00:00,1.0,1.265701391013112,1.793815266126763
2020-12-15 20:00:00,1.0,1.2589647243637272,1.7651726441838398
2020-12-16 00:00:00,1.0,1.2537860131376344,1.7433897001230838
2020-12-16 04:00:00,1.0,1.2588046515727316,1.7643249533434349
2020-12-16 08:00:00,1.0,1.2792719345088424,1.8503850214394753
2020-12-16 12:00:00,1.0,1.3389972314535907,2.1095514860974007
2020-12-16 16:00:00,1.0,1.3438901447006188,2.1326774168367986
2020-12-16 20:00:00,1.0,1.3826867343076825,2.3173813768253635
2020-12-17 00:00:00,1.0,1.4097591260932911,2.4535012693363063
2020-12-17 04:00:00,1.0,1.4567764580233413,2.6989838090894502
2020-12-17 08:00:00,1.0,1.4744946365894005,2.797463730589355
2020-12-17 12:00:00,1.0,1.512188862562928,3.012008213960602
2020-12-17 16:00:00,1.0,1.484016051347723,2.8436626966287126
2020-12-17 20:00:00,1.0,1.477410942498225,2.8056926862125207
2020-12-18 00:00:00,1.0,1.4783461045929882,2.8110204742521785
2020-12-18 04:00:00,1.0,1.4941842379498247,2.9013673497267707
2020-12-18 08:00:00,1.0,1.48317939558588,2.8372606160736655
2020-12-18 12:00:00,1.0,1.461328487513027,2.711860975777161
2020-12-18 16:00:00,1.0,1.4751504813848964,2.7888114891809157
2020-12-18 20:00:00,1.0,1.4975159554336621,2.915659072072158
2020-12-19 00:00:00,1.0,1.4969100118726064,2.912119761186263
2020-12-19 04:00:00,1.0,1.4810783591955672,2.819722085479554
2020-12-19 08:00:00,1.0,1.4833329876970784,2.832599376692659
2020-12-19 12:00:00,1.0,1.5263303539488087,3.0789250106283674
2020-12-19 16:00:00,1.0,1.5418775047827429,3.173010497605881
2020-12-19 20:00:00,1.0,1.5438022666825673,3.1848933281704173
2020-12-20 00:00:00,1.0,1.5130106127612375,2.994322031728202
2020-12-20 04:00:00,1.0,1.5313120525090613,3.102980365887362
2020-12-20 08:00:00,1.0,1.5263958088147627,3.0730942150554705
2020-12-20 12:00:00,1.0,1.5468144866523932,3.1964210488548126
2020-12-20 16:00:00,1.0,1.5508266755149562,3.2212940605370965
2020-12-20 20:00:00,1.0,1.5200771460123095,3.0296802361521857
2020-12-21 00:00:00,1.0,1.551817571455977,3.219466668846101
2020-12-21 04:00:00,1.0,1.5540670154136504,3.2334670448794234
2020-12-21 08:00:00,1.0,1.4676050258967979,2.693776045138904
2020-12-21 12:00:00,1.0,1.4699037230209315,2.7064337598620543
2020-12-21 16:00:00,1.0,1.4786720827867974,2.7548675134146694
2020-12-21 20:00:00,1.0,1.4723916559951487,2.719764915739157
2020-12-22 00:00:00,1.0,1.4809131018607342,2.7669867185839836
2020-12-22 04:00:00,1.0,1.4682517977405773,2.696016328161194
2020-12-22 08:00:00,1.0,1.4982994696211667,2.8615376933751713
2020-12-22 12:00:00,1.0,1.5127578662491394,2.944378102336619
2020-12-22 16:00:00,1.0,1.516755797616148,2.9677223965577135
2020-12-22 20:00:00,1.0,1.54310105712849,3.1223657811172805
2020-12-23 00:00:00,1.0,1.5363566136633484,3.0814249378893734
2020-12-23 04:00:00,1.0,1.5265714352372721,3.0225474105842145
2020-12-23 08:00:00,1.0,1.4947046365375556,2.8332626362130773
2020-12-23 12:00:00,1.0,1.5196973781761824,2.9753863695520204
2020-12-23 16:00:00,1.0,1.5266479072588812,3.016211292574502
2020-12-23 20:00:00,1.0,1.5056407836956478,2.891699432934843
2020-12-24 00:00:00,1.0,1.4837049787174488,2.765311209057036
2020-12-24 04:00:00,1.0,1.501792556031959,2.866445425784685
2020-12-24 08:00:00,1.0,1.5047283039801758,2.8832556594823218
2020-12-24 12:00:00,1.0,1.5055993073449447,2.8882625275812113
2020-12-24 16:00:00,1.0,1.5091656254374477,2.908786838779605
2020-12-24 20:00:00,1.0,1.5378134704818014,3.0744356049982087
2020-12-25 00:00:00,1.0,1.5217420326522588,2.9780443293947108
2020-12-25 04:00:00,1.0,1.5326691068586347,3.04219707804513
2020-12-25 08:00:00,1.0,1.5925881761293252,3.3989974140839214
2020-12-25 12:00:00,1.0,1.556991746206212,3.1710812928804883
2020-12-25 16:00:00,1.0,1.5845041761500633,3.339182669389155
2020-12-25 20:00:00,1.0,1.6015360507255791,3.4468615406710676
2020-12-26 00:00:00,1.0,1.6143237281017853,3.529427312429846
2020-12-26 04:00:00,1.0,1.6062027882476781,3.476162406962487
2020-12-26 08:00:00,1.0,1.6094353513306152,3.497150256720798
2020-12-26 12:00:00,1.0,1.6609975840025737,3.8332697692133406
2020-12-26 16:00:00,1.0,1.6805063743966508,3.9683376173037557
2020-12-26 20:00:00,1.0,1.716951773373222,4.2265234533229075
2020-12-27 00:00:00,1.0,1.721792193113891,4.26226961907165
2020-12-27 04:00:00,1.0,1.7912197157833092,4.777869855473165
2020-12-27 08:00:00,1.0,1.7916798440489237,4.781551871058231
2020-12-27 12:00:00,1.0,1.7730893659821363,4.632711660326329
2020-12-27 16:00:00,1.0,1.7550763164852963,4.491518667954245
2020-12-27 20:00:00,1.0,1.7032302300382125,4.093471592251373
2020-12-28 00:00:00,1.0,1.7676475391562698,4.557925111699758
2020-12-28 04:00:00,1.0,1.7498684422001156,4.420393521236061
2020-12-28 08:00:00,1.0,1.7406503232563109,4.350535046836787
2020-12-28 12:00:00,1.0,1.7443605124403154,4.378354490856785
2020-12-28 16:00:00,1.0,1.749572275133375,4.417599150025058
2020-12-28 20:00:00,1.0,1.7549298531218755,4.458182152461562
2020-12-29 00:00:00,1.0,1.7137898497000765,4.14464888727549
2020-12-29 04:00:00,1.0,1.713208532722251,4.140431296479768
2020-12-29 08:00:00,1.0,1.7417734250651984,4.347535636631608
2020-12-29 12:00:00,1.0,1.7248309838708868,4.22066861856171
2020-12-29 16:00:00,1.0,1.745352056449316,4.371314069381406
2020-12-29 20:00:00,1.0,1.774734162514714,4.592080555702261
2020-12-30 00:00:00,1.0,1.8188377808078586,4.934431605697983
2020-12-30 04:00:00,1.0,1.8396459475013118,5.103786690256216
2020-12-30 08:00:00,1.0,1.80414478357122,4.808310756637946
2020-12-30 12:00:00,1.0,1.824555036525114,4.971499719714924
2020-12-30 16:00:00,1.0,1.8649102296234494,5.30137603557467
2020-12-30 20:00:00,1.0,1.8713312871667016,5.356135412260136
2020-12-31 00:00:00,1.0,1.880952504393904,5.438749125801508
2020-12-31 04:00:00,1.0,1.8894583966279754,5.512533148275471
2020-12-31 08:00:00,1.0,1.8735839714642735,5.373591277291335
2020-12-31 12:00:00,1.0,1.864491577708538,5.295358101965865
2020-12-31 16:00:00,1.0,1.8727758306935394,5.365942630242644
2020-12-31 20:00:00,1.0,1.8744478460812652,5.38031478066296
2021-01-01 00:00:00,1.0,1.8974393537984588,5.578295560537665
2021-01-01 04:00:00,1.0,1.885413156298446,5.472227847769655
2021-01-01 08:00:00,1.0,1.8997134243393623,5.59674324866625
2021-01-01 12:00:00,1.0,1.8916242398162624,5.525248640658278
2021-01-01 16:00:00,1.0,1.881279130655692,5.434597496857454
2021-01-01 20:00:00,1.0,1.9008929080624868,5.60457703449534
2021-01-02 00:00:00,1.0,1.9022058937894375,5.616190623489245
2021-01-02 04:00:00,1.0,1.9280022397229404,5.8446788170518404
2021-01-02 08:00:00,1.0,1.9283262737128095,5.847625713934386
2021-01-02 12:00:00,1.0,2.0538110285616544,6.989218642212055
2021-01-02 16:00:00,1.0,2.1403870780429406,7.873086141103784
2021-01-02 20:00:00,1.0,2.085374531446853,7.266020452889337
2021-01-03 00:00:00,1.0,2.1110082123174414,7.533964910846212
2021-01-03 04:00:00,1.0,2.2327458381074363,8.837371021272507
2021-01-03 08:00:00,1.0,2.23023068627807,8.807505557620205
2021-01-03 12:00:00,1.0,2.1714567531275786,8.111185110523266
2021-01-03 16:00:00,1.0,2.123861992627581,7.577833600551259
2021-01-03 20:00:00,1.0,2.1386275734779496,7.735882167390323
2021-01-04 00:00:00,1.0,2.1713621352025365,8.091106305678343
2021-01-04 04:00:00,1.0,2.0782788351366928,7.0505426006575105
2021-01-04 08:00:00,1.0,1.9923592785188817,6.17609858873506
2021-01-04 12:00:00,1.0,2.057338462575373,6.780383947217376
2021-01-04 16:00:00,1.0,2.0521403093098876,6.728989183160395
2021-01-04 20:00:00,1.0,2.0730858664150458,6.935031274760761
2021-01-05 00:00:00,1.0,2.0219720967850665,6.422063244785508
2021-01-05 04:00:00,1.0,1.9972009943955102,6.1860338953572045
2021-01-05 08:00:00,1.0,2.059343584904684,6.7634662704368145
2021-01-05 12:00:00,1.0,2.080296918825599,6.969916279458306
2021-01-05 16:00:00,1.0,2.1838432764243256,8.010694790893211
2021-01-05 20:00:00,1.0,2.2001603320181893,8.190255687491746
2021-01-06 00:00:00,1.0,2.21105176248568,8.311888096320958
2021-01-06 04:00:00,1.0,2.2472664492614642,8.720307875130523
2021-01-06 08:00:00,1.0,2.2629581192548796,8.902978061119148
2021-01-06 12:00:00,1.0,2.240124092056763,8.633475711788748
2021-01-06 16:00:00,1.0,2.256360139153159,8.821197702850629
2021-01-06 20:00:00,1.0,2.3829044851488765,10.30536595441145
2021-01-07 00:00:00,1.0,2.4273049185767417,10.88142267577019
2021-01-07 04:00:00,1.0,2.3887688522975328,10.36315994466086
2021-01-07 08:00:00,1.0,2.451128545579919,11.174762299945844
2021-01-07 12:00:00,1.0,2.525548135897265,12.192605163089855
2021-01-07 16:00:00,1.0,2.531483142455713,12.278562572389202
2021-01-07 20:00:00,1.0,2.5554798036094812,12.62773871411038
2021-01-08 00:00:00,1.0,2.485152762584186,11.585189095033448
2021-01-08 04:00:00,1.0,2.5229642888620467,12.113994030282578
2021-01-08 08:00:00,1.0,2.675656881704265,14.31345103368705
2021-01-08 12:00:00,1.0,2.646001939019398,13.83753286989437
2021-01-08 16:00:00,1.0,2.6159322328274968,13.365775224879906
2021-01-08 20:00:00,1.0,2.63004196888237,13.582050965770922
2021-01-09 00:00:00,1.0,2.605984389338506,13.209336831916206
2021-01-09 04:00:00,1.0,2.5688513902354324,12.644672329620875
2021-01-09 08:00:00,1.0,2.628937661044895,13.531961343826811
2021-01-09 12:00:00,1.0,2.6263052089111962,13.491311189537653
2021-01-09 16:00:00,1.0,2.635427413794,13.631893294455663
2021-01-09 20:00:00,1.0,2.5979891746724686,13.050939239528024
2021-01-10 00:00:00,1.0,2.6127923434656624,13.274029379805619
2021-01-10 04:00:00,1.0,2.655689907248513,13.927839687463303
2021-01-10 08:00:00,1.0,2.539244404581065,12.095734641179533
2021-01-10 12:00:00,1.0,2.571002975928165,12.54958215294853
2021-01-10 16:00:00,1.0,2.427453326144101,10.447498094867957
2021-01-10 20:00:00,1.0,2.4723806388394935,11.027585063466734
2021-01-11 00:00:00,1.0,2.296638212161905,8.675987745882757
2021-01-11 04:00:00,1.0,2.2277557146634472,7.895337531533335
2021-01-11 08:00:00,1.0,2.216299168917625,7.773528894688628
2021-01-11 12:00:00,1.0,2.046598680015141,5.987887760458779
2021-01-11 16:00:00,1.0,2.09031864206428,6.371632108871764
2021-01-11 20:00:00,1.0,2.2944503346623066,8.238312174995288
2021-01-12 00:00:00,1.0,2.267263234844284,7.94546319232172
2021-01-12 04:00:00,1.0,2.359848818701688,8.918842027262091
2021-01-12 08:00:00,1.0,2.2948728749850957,8.182129353567104
2021-01-12 12:00:00,1.0,2.1923750913775866,7.085793953372858
2021-01-12 16:00:00,1.0,2.2478309164718158,7.623496491151302
2021-01-12 20:00:00,1.0,2.206751831440112,7.205538550048095
2021-01-13 00:00:00,1.0,2.1916686972796713,7.057789125169162
2021-01-13 04:00:00,1.0,2.267388960032353,7.7893107018666194
2021-01-13 08:00:00,1.0,2.228412855594902,7.387619162263231
2021-01-13 12:00:00,1.0,2.2471044322665286,7.573517726318172
2021-01-13 16:00:00,1.0,2.3331905423551325,8.443937460333213
2021-01-13 20:00:00,1.0,2.421919473665111,9.407281259267947
2021-01-14 00:00:00,1.0,2.4007762558261327,9.160906184745452
2021-01-14 04:00:00,1.0,2.475512103317591,10.016439580469285
2021-01-14 08:00:00,1.0,2.486368538114176,10.148221796020035
2021-01-14 12:00:00,1.0,2.562850280743051,11.084712516095623
2021-01-14 16:00:00,1.0,2.5842993866684663,11.363024333251296
2021-01-14 20:00:00,1.0,2.536829703288558,10.736859458407215
2021-01-15 00:00:00,1.0,2.5080230815891684,10.371096654238405
2021-01-15 04:00:00,1.0,2.4933171229929356,10.188661828441523
2021-01-15 08:00:00,1.0,2.469714487170848,9.89931322641238
2021-01-15 12:00:00,1.0,2.307816736744419,7.9525174930010865
2021-01-15 16:00:00,1.0,2.282317854013616,7.68891730186795
2021-01-15 20:00:00,1.0,2.3811456286518644,8.687742139063392
2021-01-16 00:00:00,1.0,2.3675815658359314,8.539274428372043
2021-01-16 04:00:00,1.0,2.370299562942956,8.568683835246112
2021-01-16 08:00:00,1.0,2.44192014765581,9.345413691793796
2021-01-16 12:00:00,1.0,2.427791617629524,9.183200822450804
2021-01-16 16:00:00,1.0,2.3574373577490797,8.3848489880032
2021-01-16 20:00:00,1.0,2.332719396933862,8.121101107646112
2021-01-17 00:00:00,1.0,2.344515530301068,8.244301855940488
2021-01-17 04:00:00,1.0,2.252742623690256,7.276165537987314
2021-01-17 08:00:00,1.0,2.285552361300492,7.59408345670491
2021-01-17 12:00:00,1.0,2.3154477372058433,7.892078790487973
2021-01-17 16:00:00,1.0,2.3093196063894332,7.829416579895534
2021-01-17 20:00:00,1.0,2.321937489954948,7.957753947990054
2021-01-18 00:00:00,1.0,2.2751236513705355,7.476432193514782
2021-01-18 04:00:00,1.0,2.3398241661957386,8.11428193634269
2021-01-18 08:00:00,1.0,2.361694516307984,8.341814657930671
2021-01-18 12:00:00,1.0,2.359354990901127,8.317024126559962
2021-01-18 16:00:00,1.0,2.3302023009005564,8.008723391370983
2021-01-18 20:00:00,1.0,2.3739553144166616,8.45985046645882
2021-01-19 00:00:00,1.0,2.363199330156937,8.34486007312126
2021-01-19 04:00:00,1.0,2.408792208667521,8.827848774048626
2021-01-19 08:00:00,1.0,2.41512188862563,8.897440651576188
2021-01-19 12:00:00,1.0,2.419198884286167,8.942500274153256
2021-01-19 16:00:00,1.0,2.351178965268742,8.18819915189473
2021-01-19 20:00:00,1.0,2.326012541411545,7.925265925380215
2021-01-20 00:00:00,1.0,2.2722877058911983,7.376106880815039
2021-01-20 04:00:00,1.0,2.312121204265844,7.7640192134211645
2021-01-20 08:00:00,1.0,2.231049844204459,6.947315146160155
2021-01-20 12:00:00,1.0,2.215885053478571,6.805649220714355
2021-01-20 16:00:00,1.0,2.281012645102422,7.405728465555227
2021-01-20 20:00:00,1.0,2.298582416101121,7.576858976599599
2021-01-21 00:00:00,1.0,2.2404416453668334,7.001907540150703
2021-01-21 04:00:00,1.0,2.243888070883085,7.034220213223948
2021-01-21 08:00:00,1.0,2.087337529357481,5.561939579604143
2021-01-21 12:00:00,1.0,2.033902380224078,5.1347881485675755
2021-01-21 16:00:00,1.0,2.104189889102609,5.667131496642215
2021-01-21 20:00:00,1.0,1.9992981423779448,4.819629104372841
2021-01-22 00:00:00,1.0,2.0053426724249683,4.863343034255617
2021-01-22 04:00:00,1.0,1.9988004261695052,4.815744404566433
2021-01-22 08:00:00,1.0,2.055080593733962,5.222534745144852
2021-01-22 12:00:00,1.0,2.103526267491356,5.591876777600486
2021-01-22 16:00:00,1.0,2.176829236679612,6.176468247839385
2021-01-22 20:00:00,1.0,2.1350709764051423,5.821017442156962
2021-01-23 00:00:00,1.0,2.097472664492616,5.51349544613371
2021-01-23 04:00:00,1.0,2.1341643293014876,5.802842711906611
2021-01-23 08:00:00,1.0,2.05084287721445,5.12318378262398
2021-01-23 12:00:00,1.0,2.0658527796931803,5.235671906134805
2021-01-23 16:00:00,1.0,2.0964214982294798,5.468090860312387
2021-01-23 20:00:00,1.0,2.078872465406133,5.330771567312804
2021-01-24 00:00:00,1.0,2.104928038531531,5.53121143656632
2021-01-24 04:00:00,1.0,2.1257375013609443,5.695257242433134
2021-01-24 08:00:00,1.0,2.127825576391663,5.712040299278813
2021-01-24 12:00:00,1.0,2.0710340831911918,5.254678613128653
2021-01-24 16:00:00,1.0,2.0288604113417095,4.9336663806842065
2021-01-24 20:00:00,1.0,2.0906608219575813,5.38451446239088
2021-01-25 00:00:00,1.0,2.1754462596108493,6.039611277401781
2021-01-25 04:00:00,1.0,2.1611090516950875,5.920199691527932
2021-01-25 08:00:00,1.0,2.150630440530691,5.834083532047998
2021-01-25 12:00:00,1.0,2.233132734691339,6.505503316657824
2021-01-25 16:00:00,1.0,2.1652949227762206,5.912633349432686
2021-01-25 20:00:00,1.0,2.09029142320913,5.298211468792126
2021-01-26 00:00:00,1.0,2.042623431027422,4.935742723907239
2021-01-26 04:00:00,1.0,2.0507210404342584,4.9944432892249475
2021-01-26 08:00:00,1.0,2.0606585148355734,5.067050169473732
2021-01-26 12:00:00,1.0,2.0576307412342336,5.044714764607749
2021-01-26 16:00:00,1.0,2.0873187353860683,5.263073859990694
2021-01-26 20:00:00,1.0,2.104132211052412,5.390256972145467
2021-01-27 00:00:00,1.0,2.0609119094156516,5.058098378195819
2021-01-27 04:00:00,1.0,2.057183574328214,5.0306470074123615
2021-01-27 08:00:00,1.0,1.9856187234616174,4.505631874090305
2021-01-27 12:00:00,1.0,1.9651112603107628,4.366029423925845
2021-01-27 16:00:00,1.0,1.9921823559604122,4.546466841182701
2021-01-27 20:00:00,1.0,1.9679329482945456,4.380444196406238
2021-01-28 00:00:00,1.0,2.0352088852712305,4.829695002348641
2021-01-28 04:00:00,1.0,2.0200622404487754,4.721862815690887
2021-01-28 08:00:00,1.0,2.0373552864201256,4.843129461500787
2021-01-28 12:00:00,1.0,2.06905358744511,5.069185726596367
2021-01-28 16:00:00,1.0,2.110414582048,5.3731893030397835
2021-01-28 20:00:00,1.0,2.1622697414468,5.769264448879616
2021-01-29 00:00:00,1.0,2.1861653039957294,5.960535431667277
2021-01-29 04:00:00,1.0,2.0910788258045128,5.182781359783547
2021-01-29 08:00:00,1.0,2.39949243315827,7.4760095378485385
2021-01-29 12:00:00,1.0,2.406237524691392,7.539055832062821
2021-01-29 16:00:00,1.0,2.22407663274247,5.826854371405998
2021-01-29 20:00:00,1.0,2.2197754055609438,5.793048039327165
2021-01-30 00:00:00,1.0,2.156339919432191,5.296396687634576
2021-01-30 04:00:00,1.0,2.2064640892571092,5.6657412672698255
2021-01-30 08:00:00,1.0,2.181422742520002,5.472838343147171
2021-01-30 12:00:00,1.0,2.217053520046041,5.741013990590067
2021-01-30 16:00:00,1.0,2.2219982787314483,5.77942703998604
2021-01-30 20:00:00,1.0,2.220467542163305,5.767482682875999
2021-01-31 00:00:00,1.0,2.1989082646813345,5.599487307346066
2021-01-31 04:00:00,1.0,2.1780255701702114,5.439954891096996
2021-01-31 08:00:00,1.0,2.1751254659608805,5.418224518009124
2021-01-31 12:00:00,1.0,2.1297237675043195,5.078938440604031
2021-01-31 16:00:00,1.0,2.1262332733654463,5.053966181108518
2021-01-31 20:00:00,1.0,2.1446500692136636,5.185294005595918
2021-02-01 00:00:00,1.0,2.17582149097112,5.411391011403638
2021-02-01 04:00:00,1.0,2.1907270545051127,5.522603948028903
2021-02-01 08:00:00,1.0,2.215312161384484,5.708533739741909
2021-02-01 12:00:00,1.0,2.1490044379695283,5.1959379761500335
2021-02-01 16:00:00,1.0,2.1929408547239,5.514630984386481
2021-02-01 20:00:00,1.0,2.1727366873875638,5.362207547657652
2021-02-02 00:00:00,1.0,2.174288810199038,5.373699236507329
2021-02-02 04:00:00,1.0,2.2179076736433374,5.697107955839091
2021-02-02 08:00:00,1.0,2.250101746672822,5.945197330929062
2021-02-02 12:00:00,1.0,2.2493448032724874,5.9391973650741985
2021-02-02 16:00:00,1.0,2.3176226533458486,6.480042361348672
2021-02-02 20:00:00,1.0,2.298453450573154,6.319251847214267
2021-02-03 00:00:00,1.0,2.359192325838214,6.820229036403025
2021-02-03 04:00:00,1.0,2.35232928593278,6.760707601636907
2021-02-03 08:00:00,1.0,2.3310622871096713,6.577340466601162
2021-02-03 12:00:00,1.0,2.3881305053374904,7.060412630544159
2021-02-03 16:00:00,1.0,2.3841701619133064,7.025286838208808
2021-02-03 20:00:00,1.0,2.437958508095668,7.500771222487044
2021-02-04 00:00:00,1.0,2.4301758597269845,7.428937516468616
2021-02-04 04:00:00,1.0,2.4525095784447433,7.63375701568369
2021-02-04 08:00:00,1.0,2.4187031122816682,7.318075865425144
2021-02-04 12:00:00,1.0,2.3696106666804946,6.872470648929924
2021-02-04 16:00:00,1.0,2.4281279649110097,7.381615573282323
2021-02-04 20:00:00,1.0,2.3937466624499066,7.068053568300544
2021-02-05 00:00:00,1.0,2.4215721092279714,7.314535476525499
2021-02-05 04:00:00,1.0,2.4402338747725305,7.483643155305872
2021-02-05 08:00:00,1.0,2.442653760608875,7.50590687633237
2021-02-05 12:00:00,1.0,2.4601153042549573,7.666876952367833
2021-02-05 16:00:00,1.0,2.437313680455827,7.453695183594937
2021-02-05 20:00:00,1.0,2.4814678480513908,7.858786709952532
2021-02-06 00:00:00,1.0,2.5523988884338027,8.532700641077776
2021-02-06 04:00:00,1.0,2.550738538269712,8.516048928478602
2021-02-06 08:00:00,1.0,2.6052326304820084,9.061860679032714
2021-02-06 12:00:00,1.0,2.648312301367166,9.511396706363586
2021-02-06 16:00:00,1.0,2.6038995546476857,9.032872418291348
2021-02-06 20:00:00,1.0,2.5395801037945693,8.36350397909742
2021-02-07 00:00:00,1.0,2.517190651230553,8.142300944002159
2021-02-07 04:00:00,1.0,2.529409324920548,8.260871364886093
2021-02-07 08:00:00,1.0,2.530485117766914,8.271411754175643
2021-02-07 12:00:00,1.0,2.4575457147152915,7.556159372518305
2021-02-07 16:00:00,1.0,2.465898662906145,7.633207226459594
2021-02-07 20:00:00,1.0,2.514224444087288,8.08198564669865
2021-02-08 00:00:00,1.0,2.467587528061344,7.632241925352249
2021-02-08 04:00:00,1.0,2.54495971609438,8.350177865593347
2021-02-08 08:00:00,1.0,2.554883581068121,8.44786039917628
2021-02-08 12:00:00,1.0,2.8331147184015024,11.207819198450172
2021-02-08 16:00:00,1.0,2.7900590260315954,10.696833449360973
2021-02-08 20:00:00,1.0,3.005406831154962,13.173705354504683
2021-02-09 00:00:00,1.0,3.0199650302518144,13.36514575126499
2021-02-09 04:00:00,1.0,3.0786728604683726,14.14459720158797
2021-02-09 08:00:00,1.0,3.0057989122827036,13.140165074214554
2021-02-09 12:00:00,1.0,3.0312491899150262,13.473940744875774
2021-02-09 16:00:00,1.0,3.049819577874442,13.721577568473446
2021-02-09 20:00:00,1.0,3.008358780802672,13.161963274698541
2021-02-10 00:00:00,1.0,2.995439545626579,12.992393242018238
2021-02-10 04:00:00,1.0,3.01764365074839,13.281316915090732
2021-02-10 08:00:00,1.0,3.019125782218052,13.300886479992998
2021-02-10 12:00:00,1.0,2.8743785028074313,11.387815673468936
2021-02-10 16:00:00,1.0,2.928622440779549,12.032532400677509
2021-02-10 20:00:00,1.0,2.903835784758479,11.72701718213136
2021-02-11 00:00:00,1.0,2.889221203747389,11.549956092596346
2021-02-11 04:00:00,1.0,2.8968645175004286,11.641620868697645
2021-02-11 08:00:00,1.0,2.985097676805907,12.705367877723889
2021-02-11 12:00:00,1.0,3.108189116605576,14.277097376632868
2021-02-11 16:00:00,1.0,3.0947857746486185,14.09239740075034
2021-02-11 20:00:00,1.0,3.1087503434760304,14.283164323997262
2021-02-12 00:00:00,1.0,3.0839811852904133,13.941758372302209
2021-02-12 04:00:00,1.0,3.0665805600344265,13.705769274181524
2021-02-12 08:00:00,1.0,3.0823681440888437,13.917452267871564
2021-02-12 12:00:00,1.0,3.0472836878697245,13.44221418278732
2021-02-12 16:00:00,1.0,3.063608520279345,13.658251069626983
2021-02-12 20:00:00,1.0,3.0645579398696623,13.670949243413688
2021-02-13 00:00:00,1.0,3.099658597788275,14.140699845847585
2021-02-13 04:00:00,1.0,3.0456421316770457,13.401427493830514
2021-02-13 08:00:00,1.0,3.0192968721647033,13.05365444312768
2021-02-13 12:00:00,1.0,3.0508454694863683,13.462846885976605
2021-02-13 16:00:00,1.0,3.037504342055465,13.286230707591022
2021-02-13 20:00:00,1.0,3.055879661552979,13.527355038630953
2021-02-14 00:00:00,1.0,3.063236529258974,13.62505420134666
2021-02-14 04:00:00,1.0,3.1577228965009523,14.885859753902276
2021-02-14 08:00:00,1.0,3.179107843696374,15.188292869691242
2021-02-14 12:00:00,1.0,3.1457984456737584,14.710882617487563
2021-02-14 16:00:00,1.0,3.1556626883933623,14.849268835738194
2021-02-14 20:00:00,1.0,3.1481710225475816,14.743510612040193
2021-02-15 00:00:00,1.0,3.053715762568631,13.416452344345691
2021-02-15 04:00:00,1.0,3.0632268082392775,13.541812234630102
2021-02-15 08:00:00,1.0,3.097937329234088,14.002153620335154
2021-02-15 12:00:00,1.0,3.106762070914191,14.121812647164269
2021-02-15 16:00:00,1.0,3.1533244591224645,14.756761807421281
2021-02-15 20:00:00,1.0,3.1049649784063753,14.07783135103256
2021-02-16 00:00:00,1.0,3.215974486859774,15.587774119375856
2021-02-16 04:00:00,1.0,3.186126419916944,15.153754887594745
2021-02-16 08:00:00,1.0,3.1700556301553817,14.924448723808124
2021-02-16 12:00:00,1.0,3.17274057579544,14.96237045598539
2021-02-16 16:00:00,1.0,3.1455528279094374,14.577725245307565
2021-02-16 20:00:00,1.0,3.1841815679097487,15.114787430339643
2021-02-17 00:00:00,1.0,3.2181357935722037,15.598312843986221
2021-02-17 04:00:00,1.0,3.312430332692179,16.969450497913694
2021-02-17 08:00:00,1.0,3.322868763641832,17.129877513263537
2021-02-17 12:00:00,1.0,3.3161619081195153,17.026153031406007
2021-02-17 16:00:00,1.0,3.379178742333357,17.996794054921086
2021-02-17 20:00:00,1.0,3.3777115164272287,17.97335164674021
2021-02-18 00:00:00,1.0,3.372068788527643,17.883274031503188
2021-02-18 04:00:00,1.0,3.363599836168416,17.748532477907016
2021-02-18 08:00:00,1.0,3.3293889755859847,17.206976466741214
2021-02-18 12:00:00,1.0,3.3430774674540276,17.419211407595913
2021-02-18 16:00:00,1.0,3.354400511196024,17.596208645595453
2021-02-18 20:00:00,1.0,3.340958933228261,17.384676829710003
2021-02-19 00:00:00,1.0,3.3210243621714954,17.0734882615591
2021-02-19 04:00:00,1.0,3.3522664233387434,17.555337450034017
2021-02-19 08:00:00,1.0,3.4159663212032294,18.55609907932301
2021-02-19 12:00:00,1.0,3.4907008725587287,19.77401074109219
2021-02-19 16:00:00,1.0,3.5637264686516565,21.01502992970379
2021-02-19 20:00:00,1.0,3.6230888475277507,22.065196528981147
2021-02-20 00:00:00,1.0,3.610132024408833,21.828469089598652
2021-02-20 04:00:00,1.0,3.5778485179981443,21.242867634838863
2021-02-20 08:00:00,1.0,3.6522460740041796,22.568036176750173
2021-02-20 12:00:00,1.0,3.6386405348375432,22.31582127072096
2021-02-20 16:00:00,1.0,3.692375091377586,23.304485098594178
2021-02-20 20:00:00,1.0,3.618888718951064,21.913053814841785
2021-02-21 00:00:00,1.0,3.66192237700966,22.694784565458104
2021-02-21 04:00:00,1.0,3.6351273583193797,22.196597727511044
2021-02-21 08:00:00,1.0,3.712443812506158,23.612913082218352
2021-02-21 12:00:00,1.0,3.714336171006995,23.649021989766098
2021-02-21 16:00:00,1.0,3.76350055215392,24.588104623103764
2021-02-21 20:00:00,1.0,3.7204655979593646,23.74462291649373
2021-02-22 00:00:00,1.0,3.62011551163671,21.823270685195617
2021-02-22 04:00:00,1.0,3.65658877753641,22.48288993099896
2021-02-22 08:00:00,1.0,3.5335867711179447,20.214020714487088
2021-02-22 12:00:00,1.0,3.4500994136280934,18.781242676467897
2021-02-22 16:00:00,1.0,3.472457758929082,19.1463778148498
2021-02-22 20:00:00,1.0,3.5052487025679055,19.68878423652617
2021-02-23 00:00:00,1.0,3.363884986079501,17.3066881723228
2021-02-23 04:00:00,1.0,3.217030837666749,15.040059886359659
2021-02-23 08:00:00,1.0,3.005045209222268,12.066874323893945
2021-02-23 12:00:00,1.0,3.1497419393304695,13.809980136680661
2021-02-23 16:00:00,1.0,2.950199864164953,11.185315499818135
2021-02-23 20:00:00,1.0,3.1684691597409818,13.66793808203289
2021-02-24 00:00:00,1.0,3.297045198853181,15.331867177901605
2021-02-24 04:00:00,1.0,3.2462094503865098,14.622680409411457
2021-02-24 08:00:00,1.0,3.2636716421005714,14.858657834083356
2021-02-24 12:00:00,1.0,3.2286422716597296,14.380218683395249
2021-02-24 16:00:00,1.0,3.1729362923253213,13.635883358451036
2021-02-24 20:00:00,1.0,3.2193554575100722,14.23435076883077
2021-02-25 00:00:00,1.0,3.2537529616706693,14.690615520818993
2021-02-25 04:00:00,1.0,3.266002742623692,14.856537910424171
2021-02-25 08:00:00,1.0,3.2594449427367156,14.767046678810955
2021-02-25 12:00:00,1.0,3.295425028903834,15.256074370278599
2021-02-25 16:00:00,1.0,3.2042982460688214,13.9904679942923
2021-02-25 20:00:00,1.0,3.0506977099869887,11.978536002697473
2021-02-26 00:00:00,1.0,3.0673213017352685,12.174353134888946
2021-02-26 04:00:00,1.0,2.9146001939019412,10.355879768376088
2021-02-26 08:00:00,1.0,3.008827333952024,11.360276462630978
2021-02-26 12:00:00,1.0,3.084456867187542,12.21692821854951
2021-02-26 16:00:00,1.0,3.0432734432111004,11.727569842493134
2021-02-26 20:00:00,1.0,2.999055764953522,11.216377615062386
2021-02-27 00:00:00,1.0,3.073337964859163,12.049817140217865
2021-02-27 04:00:00,1.0,3.056193326455173,11.848157160028178
2021-02-27 08:00:00,1.0,3.0653608960965584,11.954778823925945
2021-02-27 12:00:00,1.0,3.015372172479406,11.369917052549127
2021-02-27 16:00:00,1.0,3.0721915326030054,12.01265503774421
2021-02-27 20:00:00,1.0,2.988010094306854,11.025175024111064
2021-02-28 00:00:00,1.0,2.8922736039319594,9.96542803939863
2021-02-28 04:00:00,1.0,2.877475619682604,9.812467150465478
2021-02-28 08:00:00,1.0,2.9347667732954528,10.398572095014439
2021-02-28 12:00:00,1.0,2.812040843836356,9.094031198933227
2021-02-28 16:00:00,1.0,2.8777666022055057,9.731694871378851
2021-02-28 20:00:00,1.0,2.9250975990377492,10.211870176884778
2021-03-01 00:00:00,1.0,3.002911769432967,11.026846271623656
2021-03-01 04:00:00,1.0,2.9997887298386052,10.992442386177112
2021-03-01 08:00:00,1.0,3.092760562211934,12.014501873969223
2021-03-01 12:00:00,1.0,3.187716778739223,13.121136175393648
2021-03-01 16:00:00,1.0,3.1277594734577283,12.380755499900303
2021-03-01 20:00:00,1.0,3.2135766353347406,13.399837665179545
2021-03-02 00:00:00,1.0,3.173896729071293,12.903470816491323
2021-03-02 04:00:00,1.0,3.132216885022372,12.395122848145293
2021-03-02 08:00:00,1.0,3.165431665119945,12.789445426813668
2021-03-02 12:00:00,1.0,3.1545408827204344,12.65743777488235
2021-03-02 16:00:00,1.0,3.0762121463493037,11.714567344481326
2021-03-02 20:00:00,1.0,3.1392834182734437,12.435115174709093
2021-03-03 00:00:00,1.0,3.156398893618346,12.638505132377336
2021-03-03 04:00:00,1.0,3.2243306753905268,13.454520029273057
2021-03-03 08:00:00,1.0,3.34832941036183,15.006789598901355
2021-03-03 12:00:00,1.0,3.2900700431872507,14.223456218396622
2021-03-03 16:00:00,1.0,3.2958903417132848,14.298942235572275
2021-03-03 20:00:00,1.0,3.2629814497021488,13.870624879304307
2021-03-04 00:00:00,1.0,3.212789880807338,13.230546072567087
2021-03-04 04:00:00,1.0,3.220670387440962,13.32790389236805
2021-03-04 08:00:00,1.0,3.1964864346410495,13.027666960412798
2021-03-04 12:00:00,1.0,3.2022723855641577,13.098410988160262
2021-03-04 16:00:00,1.0,3.110749633193525,11.97533104899984
2021-03-04 20:00:00,1.0,3.1349698778003035,12.255050230664898
2021-03-05 00:00:00,1.0,3.0647011628931846,11.430978551129096
2021-03-05 04:00:00,1.0,3.070546088002449,11.496381221737819
2021-03-05 08:00:00,1.0,3.076953536118127,11.568351285777071
2021-03-05 12:00:00,1.0,3.102136161674817,11.852386896310378
2021-03-05 16:00:00,1.0,3.194681565317478,12.913156513388532
2021-03-05 20:00:00,1.0,3.1594422208512003,12.485835829415734
2021-03-06 00:00:00,1.0,3.1533510299096355,12.413620288077382
2021-03-06 04:00:00,1.0,3.1638756539005937,12.537915380497482
2021-03-06 08:00:00,1.0,3.121808913267768,12.037804795806087
2021-03-06 12:00:00,1.0,3.063279949813617,11.36073558061402
2021-03-06 16:00:00,1.0,3.1328260689233276,12.13450919857347
2021-03-06 20:00:00,1.0,3.1678988599188114,12.54205602267846
2021-03-07 00:00:00,1.0,3.211270161394851,13.057191117208822
2021-03-07 04:00:00,1.0,3.2437539208112787,13.453433071565124
2021-03-07 08:00:00,1.0,3.2860623908005464,13.979854788430666
2021-03-07 12:00:00,1.0,3.2782667810722685,13.880360488845518
2021-03-07 16:00:00,1.0,3.2650753573446853,13.712800864573502
2021-03-07 20:00:00,1.0,3.303315904625133,14.194613642918265
2021-03-08 00:00:00,1.0,3.2791261192134025,13.882777293076105
2021-03-08 04:00:00,1.0,3.224477786821928,13.188686306227302
2021-03-08 08:00:00,1.0,3.272537212063398,13.778401037236863
2021-03-08 12:00:00,1.0,3.3087104224884794,14.235302488077998
2021-03-08 16:00:00,1.0,3.3252899456141374,14.449296307420145
2021-03-08 20:00:00,1.0,3.3942670610376364,15.348469728823423
2021-03-09 00:00:00,1.0,3.48923818312846,16.636813898251667
2021-03-09 04:00:00,1.0,3.4702031304275716,16.364534438346052
2021-03-09 08:00:00,1.0,3.5146878126928023,16.993867437782217
2021-03-09 12:00:00,1.0,3.505854646128962,16.865739703848366
2021-03-09 16:00:00,1.0,3.5066174221411153,16.87674824496474
2021-03-09 20:00:00,1.0,3.5568887033974335,17.602589409465086
2021-03-10 00:00:00,1.0,3.4650769127078376,16.239494815378094
2021-03-10 04:00:00,1.0,3.510803293222248,16.882401167528425
2021-03-10 08:00:00,1.0,3.555201782446174,17.5228982649513
2021-03-10 12:00:00,1.0,3.6504898097790885,18.931866737908443
2021-03-10 16:00:00,1.0,3.6770988329591847,19.345859248876703
2021-03-10 20:00:00,1.0,3.619562709649994,18.437736464722555
2021-03-11 00:00:00,1.0,3.628701116232291,18.57738720083717
2021-03-11 04:00:00,1.0,3.566590281054124,17.62344500705001
2021-03-11 08:00:00,1.0,3.6439138639886792,18.769672471556348
2021-03-11 12:00:00,1.0,3.6516809587258496,18.889696569035415
2021-03-11 16:00:00,1.0,3.682830346171995,19.37309242192037
2021-03-11 20:00:00,1.0,3.744093508432664,20.339895228165854
2021-03-12 00:00:00,1.0,3.7007384086561177,19.633311764043896
2021-03-12 04:00:00,1.0,3.6726595672979747,19.186416643004193
2021-03-12 08:00:00,1.0,3.6615840855242383,19.012837684264024
2021-03-12 12:00:00,1.0,3.691197551858403,19.474142968148502
2021-03-12 16:00:00,1.0,3.690255261015863,19.459228859926938
2021-03-12 20:00:00,1.0,3.7083564477579474,19.74557908006336
2021-03-13 00:00:00,1.0,3.674177342506523,19.199607109621432
2021-03-13 04:00:00,1.0,3.716261580974801,19.859347319831866
2021-03-13 08:00:00,1.0,3.8786700089692645,22.463032751224933
2021-03-13 12:00:00,1.0,3.868511543386859,22.286536727160943
2021-03-13 16:00:00,1.0,3.938539825073495,23.496837785523155
2021-03-13 20:00:00,1.0,3.9654236290769997,23.977994059003034
2021-03-14 00:00:00,1.0,3.9763059865927737,24.17540331077716
2021-03-14 04:00:00,1.0,3.9204742820702965,23.157055644191566
2021-03-14 08:00:00,1.0,3.9083884623161476,22.9428938001776
2021-03-14 12:00:00,1.0,3.8677513596466264,22.22725403722945
2021-03-14 16:00:00,1.0,3.8839815741312043,22.507070188953637
2021-03-14 20:00:00,1.0,3.8215473530311477,21.421680336037596
2021-03-15 00:00:00,1.0,3.913033813594915,22.960162159415823
2021-03-15 04:00:00,1.0,3.7451693012790312,20.005270936503223
2021-03-15 08:00:00,1.0,3.6389529036037804,18.30316806013893
2021-03-15 12:00:00,1.0,3.643705834167185,18.374886784605525
2021-03-15 16:00:00,1.0,3.666143891829682,18.714346215179237
2021-03-15 20:00:00,1.0,3.6035949626972115,17.75647684367219
2021-03-16 00:00:00,1.0,3.5172502734846915,16.48010353553384
2021-03-16 04:00:00,1.0,3.579915206785535,17.360954633873845
2021-03-16 08:00:00,1.0,3.5949114998366913,17.579130161755554
2021-03-16 12:00:00,1.0,3.61913044830751,17.934422397101578
2021-03-16 16:00:00,1.0,3.6117709883295963,17.825014074513874
2021-03-16 20:00:00,1.0,3.687555409812272,18.947060613944945
2021-03-17 00:00:00,1.0,3.5971810339017365,17.55400050661639
2021-03-17 04:00:00,1.0,3.6175809177679543,17.85265067324486
2021-03-17 08:00:00,1.0,3.554004800887598,16.911412123263773
2021-03-17 12:00:00,1.0,3.5598374127052472,16.994673999144172
2021-03-17 16:00:00,1.0,3.750202197209683,19.72108007771141
2021-03-17 20:00:00,1.0,3.8179609448312735,20.79004299027522
2021-03-18 00:00:00,1.0,3.8049581088857938,20.57762893821323
2021-03-18 04:00:00,1.0,3.781810416785483,20.20207319868709
2021-03-18 08:00:00,1.0,3.76983541665587,20.01016524785567
2021-03-18 12:00:00,1.0,3.858187172401641,21.417070088793807
2021-03-18 16:00:00,1.0,3.7130270736879263,18.999688140230155
2021-03-18 20:00:00,1.0,3.7359926586859302,19.35223522183813
2021-03-19 00:00:00,1.0,3.7445264178431303,19.48484842236412
2021-03-19 04:00:00,1.0,3.7480389462933146,19.539681325215295
2021-03-19 08:00:00,1.0,3.8126701178446862,20.550507931249946
2021-03-19 12:00:00,1.0,3.8217540867166853,20.697397251790044
2021-03-19 16:00:00,1.0,3.8123609894183508,20.544787223674366
2021-03-19 20:00:00,1.0,3.760739134492257,19.710217757279374
2021-03-20 00:00:00,1.0,3.7826263343719755,20.05435341277035
2021-03-20 04:00:00,1.0,3.7848731860577307,20.09008981953311
2021-03-20 08:00:00,1.0,3.8393147847636686,20.957017101496145
2021-03-20 12:00:00,1.0,3.8394476386995144,20.959192663304652
2021-03-20 16:00:00,1.0,3.841281671082175,20.989228107209243
2021-03-20 20:00:00,1.0,3.765422721781829,19.745720657996632
2021-03-21 00:00:00,1.0,3.7451848549105455,19.427341053250696
2021-03-21 04:00:00,1.0,3.6922169627905337,18.60306240350284
2021-03-21 08:00:00,1.0,3.646526226015009,17.912430485555067
2021-03-21 12:00:00,1.0,3.704294357660946,18.763734640456804
2021-03-21 16:00:00,1.0,3.7272450370954164,19.112497792474652
2021-03-21 20:00:00,1.0,3.7167709624068777,18.951371496212484
2021-03-22 00:00:00,1.0,3.7305145400531985,19.161602082086794
2021-03-22 04:00:00,1.0,3.7313486035431227,19.174454458776548
2021-03-22 08:00:00,1.0,3.740245928836957,19.311617755571884
2021-03-22 12:00:00,1.0,3.699366448743013,18.678411617279608
2021-03-22 16:00:00,1.0,3.5983968094317276,17.148999073238237
2021-03-22 20:00:00,1.0,3.5049622565208653,15.813146626050916
2021-03-23 00:00:00,1.0,3.543948730045993,16.34082605067683
2021-03-23 04:00:00,1.0,3.510023019374646,15.871540929230779
2021-03-23 08:00:00,1.0,3.515756476791395,15.949317174759914
2021-03-23 12:00:00,1.0,3.575079323520726,16.756675907745258
2021-03-23 16:00:00,1.0,3.5649221540742797,16.613853569146173
2021-03-23 20:00:00,1.0,3.5216590799508567,16.008987868825447
2021-03-24 00:00:00,1.0,3.522284465551305,16.017516624957388
2021-03-24 04:00:00,1.0,3.594457204182896,17.002128786927624
2021-03-24 08:00:00,1.0,3.66424310844511,17.992410933337055
2021-03-24 12:00:00,1.0,3.648500889149275,17.760515447537617
2021-03-24 16:00:00,1.0,3.5472992415012428,16.282598779038548
2021-03-24 20:00:00,1.0,3.389632078846549,14.111455910598737
2021-03-25 00:00:00,1.0,3.3779156578408513,13.96512519864591
2021-03-25 04:00:00,1.0,3.38749734292129,14.083964250874807
2021-03-25 08:00:00,1.0,3.3805293160031384,13.99705279494161
2021-03-25 12:00:00,1.0,3.304897190495701,13.057590283514951
2021-03-25 16:00:00,1.0,3.3826031335383027,13.978634698841155
2021-03-25 20:00:00,1.0,3.324185637776667,13.254402383341445
2021-03-26 00:00:00,1.0,3.3963421747087654,14.117523652097786
2021-03-26 04:00:00,1.0,3.4716904464410767,15.057120683498317
2021-03-26 08:00:00,1.0,3.4160285357292905,14.332884361172429
2021-03-26 12:00:00,1.0,3.454738284227069,14.820136452071846
2021-03-26 16:00:00,1.0,3.485215625178226,15.21236154795362
2021-03-26 20:00:00,1.0,3.566032294523573,16.270613769969273
2021-03-27 00:00:00,1.0,3.5488831196437247,16.035875906233006
2021-03-27 04:00:00,1.0,3.56115169456816,16.20218514077408
2021-03-27 08:00:00,1.0,3.528269373344193,15.753370682399492
2021-03-27 12:00:00,1.0,3.561901509220718,16.203863074482534
2021-03-27 16:00:00,1.0,3.61395173708142,16.914226426529535
2021-03-27 20:00:00,1.0,3.6173301154597985,16.961661473539213
2021-03-28 00:00:00,1.0,3.632553880371843,17.175814181654452
2021-03-28 04:00:00,1.0,3.6421848186187415,17.312428154499457
2021-03-28 08:00:00,1.0,3.615378782772805,16.930176078231366
2021-03-28 12:00:00,1.0,3.6521449753993465,17.446684708966977
2021-03-28 16:00:00,1.0,3.577898419232591,16.38263363906687
2021-03-28 20:00:00,1.0,3.6147695988718502,16.889115621302487
2021-03-29 00:00:00,1.0,3.5884560946905157,16.520285628935433
2021-03-29 04:00:00,1.0,3.6234770402476215,17.00396663965323
2021-03-29 08:00:00,1.0,3.7493532281562287,18.77607211416045
2021-03-29 12:00:00,1.0,3.740631529284904,18.645042117517654
2021-03-29 16:00:00,1.0,3.7378240987966755,18.603061511340417
2021-03-29 20:00:00,1.0,3.7351702604196455,18.563437240162216
2021-03-30 00:00:00,1.0,3.7057389011877873,18.12462415917681
2021-03-30 04:00:00,1.0,3.7663228882056896,19.013565898497927
2021-03-30 08:00:00,1.0,3.8391767462839868,20.116932502462767
2021-03-30 12:00:00,1.0,3.792909877074474,19.389630104190328
2021-03-30 16:00:00,1.0,3.827489488337377,19.91995053884158
2021-03-30 20:00:00,1.0,3.8071770936484235,19.602806443139453
2021-03-31 00:00:00,1.0,3.7982376439359062,19.464721217699054
2021-03-31 04:00:00,1.0,3.770059648176863,19.031512279759937
2021-03-31 08:00:00,1.0,3.7597676805906306,18.875648665563546
2021-03-31 12:00:00,1.0,3.843350952141484,20.13452043808577
2021-03-31 16:00:00,1.0,3.7946402185803767,19.36896407387152
2021-03-31 20:00:00,1.0,3.8067869567246206,19.554965687604433
2021-04-01 00:00:00,1.0,3.831314385553795,19.9329482497589
2021-04-01 04:00:00,1.0,3.8117913376641632,19.628234098869395
2021-04-01 08:00:00,1.0,3.796662190677161,19.394518442
2021-04-01 12:00:00,1.0,3.821958228130306,19.78217826548857
2021-04-01 16:00:00,1.0,3.8183510817550794,19.726167282349685
2021-04-01 20:00:00,1.0,3.805483692017366,19.52674275824071
2021-04-02 00:00:00,1.0,3.8799693852686454,20.673348358736074
2021-04-02 04:00:00,1.0,3.8506663434967754,20.20494879391952
2021-04-02 08:00:00,1.0,3.8587769142632067,20.332620463501044
2021-04-02 12:00:00,1.0,3.854712231894285,20.268367738545766
2021-04-02 16:00:00,1.0,3.813880060762862,19.624271829226842
2021-04-02 20:00:00,1.0,3.8203613886282297,19.72432060198679
2021-04-03 00:00:00,1.0,3.8379577304140975,19.99686750383726
2021-04-03 04:00:00,1.0,3.842968592033438,20.07519160971886
2021-04-03 08:00:00,1.0,3.840128110078243,20.030676632703926
2021-04-03 12:00:00,1.0,3.812583276735405,19.599642849108978
2021-04-03 16:00:00,1.0,3.7974865331473895,19.3668158436123
2021-04-03 20:00:00,1.0,3.6973535495979473,17.8348101061229
2021-04-04 00:00:00,1.0,3.7258996479694817,18.24790090490441
2021-04-04 04:00:00,1.0,3.7338125580020924,18.364163293954416
2021-04-04 08:00:00,1.0,3.7118449976928867,18.040031438039367
2021-04-04 12:00:00,1.0,3.753487253798983,18.647191173781398
2021-04-04 16:00:00,1.0,3.755804096826549,18.68172115504957
2021-04-04 20:00:00,1.0,3.7718859037437675,18.921698394078632
2021-04-05 00:00:00,1.0,3.7242600359807425,18.20495165632038
2021-04-05 04:00:00,1.0,3.7101891840046535,17.99860797125558
2021-04-05 08:00:00,1.0,3.7430047542267073,18.47618570744728
2021-04-05 12:00:00,1.0,3.824786396793886,19.687255087328506
2021-04-05 16:00:00,1.0,3.823938075808408,19.674155444704507
2021-04-05 20:00:00,1.0,3.8320253161275684,19.798981961246
2021-04-06 00:00:00,1.0,3.798242180411764,19.27533847813812
2021-04-06 04:00:00,1.0,3.7961612341288227,19.243657288219236
2021-04-06 08:00:00,1.0,3.7938767945002434,19.20891616112001
2021-04-06 12:00:00,1.0,3.747033792856743,18.497398623748
2021-04-06 16:00:00,1.0,3.7733758120291863,18.887514264110784
2021-04-06 20:00:00,1.0,3.7582207423229943,18.65993958601741
2021-04-07 00:00:00,1.0,3.753787957341581,18.593911931745147
2021-04-07 04:00:00,1.0,3.749110202663826,18.524399940520624
2021-04-07 08:00:00,1.0,3.6499493210839917,17.054534508823547
2021-04-07 12:00:00,1.0,3.65843771548261,17.173521598062983
2021-04-07 16:00:00,1.0,3.639149916269624,16.90189791976869
2021-04-07 20:00:00,1.0,3.6261639300916175,16.720959114428254
2021-04-08 00:00:00,1.0,3.6642165376579414,17.247363414603793
2021-04-08 04:00:00,1.0,3.6956536672870905,17.691284449717486
2021-04-08 08:00:00,1.0,3.6564760137079406,17.128648113139423
2021-04-08 12:00:00,1.0,3.743767530238859,18.35539129234942
2021-04-08 16:00:00,1.0,3.7416165926141063,18.323753669477103
2021-04-08 20:00:00,1.0,3.763818105463998,18.649934914253112
2021-04-09 00:00:00,1.0,3.7578681933420164,18.561488445233213
2021-04-09 04:00:00,1.0,3.76212664803688,18.624590651228598
2021-04-09 08:00:00,1.0,3.792959778308913,19.082513377019026
2021-04-09 12:00:00,1.0,3.774347913998794,18.8016025550534
2021-04-09 16:00:00,1.0,3.782811033746203,18.928077552185837
2021-04-09 20:00:00,1.0,3.76803184346826,18.7062253444674
2021-04-10 00:00:00,1.0,3.8384742405939485,19.755349722268342
2021-04-10 04:00:00,1.0,3.9195410641794757,21.0070216239855
2021-04-10 08:00:00,1.0,3.9257327056579,21.106575074985606
2021-04-10 12:00:00,1.0,3.904432007299845,20.763007525114507
2021-04-10 16:00:00,1.0,3.8603711614933633,20.060086584502027
2021-04-10 20:00:00,1.0,3.873445932984594,20.263912359704324
2021-04-11 00:00:00,1.0,3.905813688232649,20.771907592095417
2021-04-11 04:00:00,1.0,3.8660812884628424,20.137992764885063
2021-04-11 08:00:00,1.0,3.8703812195084093,20.205186370366306
2021-04-11 12:00:00,1.0,3.8654312762791645,20.127663366974154
2021-04-11 16:00:00,1.0,3.8693242206334553,20.188476146611738
2021-04-11 20:00:00,1.0,3.8885653589519005,20.48965219686683
2021-04-12 00:00:00,1.0,3.912318994613267,20.86514060057236
2021-04-12 04:00:00,1.0,3.9344861598602323,21.219805713691372
2021-04-12 08:00:00,1.0,3.904058720143516,20.727494138873137
2021-04-12 12:00:00,1.0,3.8875543729035082,20.464618666033978
2021-04-12 16:00:00,1.0,3.894267061037643,20.570628195197024
2021-04-12 20:00:00,1.0,3.879334926716481,20.334000831074093
2021-04-13 00:00:00,1.0,3.920385496757076,20.97951533891375
2021-04-13 04:00:00,1.0,3.956519175035392,21.55961165213477
2021-04-13 08:00:00,1.0,4.079083087499554,23.563213989234477
2021-04-13 12:00:00,1.0,4.104333112126137,24.000791543366383
2021-04-13 16:00:00,1.0,4.082635148096502,23.62014384930948
2021-04-13 20:00:00,1.0,4.120092181189445,24.27026844609313
2021-04-14 00:00:00,1.0,4.131380877328516,24.46976375371209
2021-04-14 04:00:00,1.0,4.166351273583202,25.091142435659613
2021-04-14 08:00:00,1.0,4.180764953520572,25.351554248717946
2021-04-14 12:00:00,1.0,4.085745874399247,23.62300837317502
2021-04-14 16:00:00,1.0,4.027745086348584,22.616959678108024
2021-04-14 20:00:00,1.0,4.08020554124046,23.500701797493537
2021-04-15 00:00:00,1.0,4.086496985187764,23.60941201803524
2021-04-15 04:00:00,1.0,4.072625090081455,23.36898069882253
2021-04-15 08:00:00,1.0,4.04142450526491,22.831887903702107
2021-04-15 12:00:00,1.0,4.0643700001555425,23.22077724201987
2021-04-15 16:00:00,1.0,4.106371933990395,23.940680363002333
2021-04-15 20:00:00,1.0,4.093196063894325,23.710229274149373
2021-04-16 00:00:00,1.0,4.078804418268266,23.46013432724263
2021-04-16 04:00:00,1.0,3.9800984804102084,21.756948057259876
2021-04-16 08:00:00,1.0,3.9437405706109017,21.160703648584445
2021-04-16 12:00:00,1.0,3.9889634023050555,21.88865234791907
2021-04-16 16:00:00,1.0,3.9994497902852086,22.06127832444495
2021-04-16 20:00:00,1.0,3.9749119923683587,21.65522107830009
2021-04-17 00:00:00,1.0,4.04214710106232,22.754106647932854
2021-04-17 04:00:00,1.0,4.0254736080796,22.472530722042382
2021-04-17 08:00:00,1.0,3.945885675623837,21.13961258766971
2021-04-17 12:00:00,1.0,3.90555964558459,20.49148687726607
2021-04-17 16:00:00,1.0,3.9340979671403677,20.94068701352866
2021-04-17 20:00:00,1.0,3.888839491707329,20.21797224383905
2021-04-18 00:00:00,1.0,3.565310994862123,15.17192430337577
2021-04-18 04:00:00,1.0,3.6408679444839107,16.136505784689213
2021-04-18 08:00:00,1.0,3.4547804086457514,13.66225845331285
2021-04-18 12:00:00,1.0,3.593695724306703,15.310320027009878
2021-04-18 16:00:00,1.0,3.611077555591278,15.532476898407507
2021-04-18 20:00:00,1.0,3.638902354301363,15.891528762994062
2021-04-19 00:00:00,1.0,3.6959900145685745,16.639455011201342
2021-04-19 04:00:00,1.0,3.714942762636036,16.89543248751817
2021-04-19 08:00:00,1.0,3.7009477346135764,16.704485762718615
2021-04-19 12:00:00,1.0,3.5374933248998146,14.491197122314029
2021-04-19 16:00:00,1.0,3.6247051290692247,15.562975918374962
2021-04-19 20:00:00,1.0,3.605405664632603,15.314384303689486
2021-04-20 00:00:00,1.0,3.5490872610573416,14.596727188833546
2021-04-20 04:00:00,1.0,3.526174817633676,14.314023500856154
2021-04-20 08:00:00,1.0,3.646473084440671,15.779026491839298
2021-04-20 12:00:00,1.0,3.585318797600599,14.98514559120428
2021-04-20 16:00:00,1.0,3.666278689969469,16.000281909074523
2021-04-20 20:00:00,1.0,3.6567235756761995,15.875181335473279
2021-04-21 00:00:00,1.0,3.5776333594288756,14.845102223281256
2021-04-21 04:00:00,1.0,3.584077747419398,14.925323634092116
2021-04-21 08:00:00,1.0,3.536077296364084,14.325652825807785
2021-04-21 12:00:00,1.0,3.639144731725784,15.57831913332003
2021-04-21 16:00:00,1.0,3.595396902753516,15.01649676183383
2021-04-21 20:00:00,1.0,3.4858040709038263,13.643323966921496
2021-04-22 00:00:00,1.0,3.466975103820495,13.422236069275732
2021-04-22 04:00:00,1.0,3.508963428227772,13.909903720877924
2021-04-22 08:00:00,1.0,3.5557299578496635,14.466066192535814
2021-04-22 12:00:00,1.0,3.5417977924212383,14.296022097779945
2021-04-22 16:00:00,1.0,3.429805164842576,12.939889557905197
2021-04-22 20:00:00,1.0,3.3499256017959307,12.035786256919504
2021-04-23 00:00:00,1.0,3.2597015776566947,11.06330161200964
2021-04-23 04:00:00,1.0,3.106996023454881,9.508471302808545
2021-04-23 08:00:00,1.0,3.24489970499946,10.774568705527656
2021-04-23 12:00:00,1.0,3.229751764041045,10.623674182946031
2021-04-23 16:00:00,1.0,3.2971573146136777,11.288828652752498
2021-04-23 20:00:00,1.0,3.313256619366349,11.454191365634738
2021-04-24 00:00:00,1.0,3.2474641099952857,10.771841569645561
2021-04-24 04:00:00,1.0,3.227715534448705,10.575323437519767
2021-04-24 08:00:00,1.0,3.1803100097987915,10.109363456956816
2021-04-24 12:00:00,1.0,3.2540808840684186,10.812857686982813
2021-04-24 16:00:00,1.0,3.283614638041075,11.107267343699249
2021-04-24 20:00:00,1.0,3.2434402559090865,10.699581620589422
2021-04-25 00:00:00,1.0,3.215424277144978,10.422321155327738
2021-04-25 04:00:00,1.0,3.2198570621263913,10.465425801595282
2021-04-25 08:00:00,1.0,3.2112241485682906,10.381247732925779
2021-04-25 12:00:00,1.0,3.2570581083673376,10.825763907357581
2021-04-25 16:00:00,1.0,3.197114412513417,10.22804386909801
2021-04-25 20:00:00,1.0,3.179860250620851,10.06244798919678
2021-04-26 00:00:00,1.0,3.3958107589653745,12.112529364345052
2021-04-26 04:00:00,1.0,3.421887718334105,12.391571359178839
2021-04-26 08:00:00,1.0,3.4735400324552472,12.952711924548224
2021-04-26 12:00:00,1.0,3.4717727510744996,12.9329415291586
2021-04-26 16:00:00,1.0,3.5019124486082123,13.269767963828947
2021-04-26 20:00:00,1.0,3.499657172038721,13.244130261107422
2021-04-27 00:00:00,1.0,3.4645908617230345,12.846014595400527
2021-04-27 04:00:00,1.0,3.5348874435532824,13.627951873629994
2021-04-27 08:00:00,1.0,3.5742523887785764,14.083239563214077
2021-04-27 12:00:00,1.0,3.5631989413161516,13.952581457674482
2021-04-27 16:00:00,1.0,3.548930428606242,13.784965849500209
2021-04-27 20:00:00,1.0,3.5651496259351654,13.97396455132034
2021-04-28 00:00:00,1.0,3.54973079256122,13.792657520538668
2021-04-28 04:00:00,1.0,3.516156334734892,13.40129178722159
2021-04-28 08:00:00,1.0,3.554864139028731,13.84387840488134
2021-04-28 12:00:00,1.0,3.5214808612564257,13.453860091808105
2021-04-28 16:00:00,1.0,3.5910723451247173,14.251485401529026
2021-04-28 20:00:00,1.0,3.5544078991709944,13.814967198011896
2021-04-29 00:00:00,1.0,3.516747372732413,13.375840103850694
2021-04-29 04:00:00,1.0,3.529711324599108,13.523764076406216
2021-04-29 08:00:00,1.0,3.519019499069377,13.40086983998313
2021-04-29 12:00:00,1.0,3.4803266003390716,12.958827532669746
2021-04-29 16:00:00,1.0,3.4256886370352726,12.348502102474816
2021-04-29 20:00:00,1.0,3.4707280654911603,12.835559919962096
2021-04-30 00:00:00,1.0,3.47876605264386,12.924738960025927
2021-04-30 04:00:00,1.0,3.5218029510423547,13.404426874388802
2021-04-30 08:00:00,1.0,3.5145134824062523,13.321192959279896
2021-04-30 12:00:00,1.0,3.7056565965543538,15.494683815824743
2021-04-30 16:00:00,1.0,3.694465758680224,15.35430505434828
2021-04-30 20:00:00,1.0,3.7389809001405023,15.909323646613766
2021-05-01 00:00:00,1.0,3.77037331307905,16.310046788153805
2021-05-01 04:00:00,1.0,3.7409814859939563,15.928613411290874
2021-05-01 08:00:00,1.0,3.74692815777604,16.00457388015869
2021-05-01 12:00:00,1.0,3.7170962925327036,15.622303707500803
2021-05-01 16:00:00,1.0,3.743908809058437,15.960368618949724
2021-05-01 20:00:00,1.0,3.745856901405532,15.98528290523375
2021-05-02 00:00:00,1.0,3.658356058917158,14.865064681389068
2021-05-02 04:00:00,1.0,3.6702046857907225,15.009498904322504
2021-05-02 08:00:00,1.0,3.6998200963288266,15.37284033354334
2021-05-02 12:00:00,1.0,3.6677536926913503,14.973130328444165
2021-05-02 16:00:00,1.0,3.6833850923626508,15.164569834014648
2021-05-02 20:00:00,1.0,3.6666526251937746,14.957906131592736
2021-05-03 00:00:00,1.0,3.753985618075396,16.02671644163293
2021-05-03 04:00:00,1.0,3.8098536144047386,16.742260367284633
2021-05-03 08:00:00,1.0,3.80141317703662,16.630986800633796
2021-05-03 12:00:00,1.0,3.7329901597357975,15.73294527402716
2021-05-03 16:00:00,1.0,3.730594900482683,15.702660316552995
2021-05-03 20:00:00,1.0,3.7049651080199726,15.379020841540347
2021-05-04 00:00:00,1.0,3.5936775784032657,13.99318330665446
2021-05-04 04:00:00,1.0,3.6238645848994997,14.345812867458289
2021-05-04 08:00:00,1.0,3.6384752775027107,14.519331157426704
2021-05-04 12:00:00,1.0,3.4865623104401178,12.700705628051454
2021-05-04 16:00:00,1.0,3.534635993177142,13.22606812428822
2021-05-04 20:00:00,1.0,3.447722300278412,12.250414824685954
2021-05-05 00:00:00,1.0,3.551100808270386,13.35238548522018
2021-05-05 04:00:00,1.0,3.555194005630416,13.398557603644065
2021-05-05 08:00:00,1.0,3.5714345892026707,13.582176607978313
2021-05-05 12:00:00,1.0,3.7352525650530652,15.451177389587189
2021-05-05 16:00:00,1.0,3.7028038013075437,15.048496503109245
2021-05-05 20:00:00,1.0,3.722250377175566,15.285593911978745
2021-05-06 00:00:00,1.0,3.680837537134297,14.77540266356554
2021-05-06 04:00:00,1.0,3.6819846174584345,14.789216291718592
2021-05-06 08:00:00,1.0,3.7580166009093707,15.705396204322714
2021-05-06 12:00:00,1.0,3.6997222380638854,14.97452976955602
2021-05-06 16:00:00,1.0,3.637503175533102,14.21903964558229
2021-05-06 20:00:00,1.0,3.654693826763654,14.420634975883084
2021-05-07 00:00:00,1.0,3.6101061016896443,13.892834285995988
2021-05-07 04:00:00,1.0,3.61403793012272,13.938227057834013
2021-05-07 08:00:00,1.0,3.659298997827678,14.461900896417895
2021-05-07 12:00:00,1.0,3.7276377662911346,15.272145014885773
2021-05-07 16:00:00,1.0,3.731835302595903,15.323736977815784
2021-05-07 20:00:00,1.0,3.714385424173456,15.108777855379886
2021-05-08 00:00:00,1.0,3.765273666146486,15.729762800898097
2021-05-08 04:00:00,1.0,3.7888037183548424,16.024659405565608
2021-05-08 08:00:00,1.0,3.7948326947703523,16.10115766264451
2021-05-08 12:00:00,1.0,3.732863138411769,15.312362732168085
2021-05-08 16:00:00,1.0,3.82558157620502,16.453367611377992
2021-05-08 20:00:00,1.0,3.8146609826784417,16.312463121761432
2021-05-09 00:00:00,1.0,3.79980272810697,16.12185006530521
2021-05-09 04:00:00,1.0,3.7565642805667765,15.571492203453646
2021-05-09 08:00:00,1.0,3.752799005604494,15.524669405806597
2021-05-09 12:00:00,1.0,3.718586848886103,15.100080381518753
2021-05-09 16:00:00,1.0,3.7112889553662645,15.011176625944238
2021-05-09 20:00:00,1.0,3.7744023517090866,15.777007326296019
2021-05-10 00:00:00,1.0,3.8467215537040995,16.68389043523952
2021-05-10 04:00:00,1.0,3.7827838148910486,15.85196365228322
2021-05-10 08:00:00,1.0,3.7633715866259525,15.607919621278773
2021-05-10 12:00:00,1.0,3.7780004251325963,15.789931200769708
2021-05-10 16:00:00,1.0,3.6119265246447307,13.707642819723663
2021-05-10 20:00:00,1.0,3.617265308661819,13.76842656814592
2021-05-11 00:00:00,1.0,3.5736062650027756,13.269887241863493
2021-05-11 04:00:00,1.0,3.6123367516759055,13.701341481247526
2021-05-11 08:00:00,1.0,3.5780137753329795,13.310787511458553
2021-05-11 12:00:00,1.0,3.632603781606277,13.920038357916319
2021-05-11 16:00:00,1.0,3.6686441380955115,14.334355339556376
2021-05-11 20:00:00,1.0,3.6726025373157554,14.380754852997537
2021-05-12 00:00:00,1.0,3.7430423421695256,15.20821512554483
2021-05-12 04:00:00,1.0,3.7005375075823967,14.690115722024261
2021-05-12 08:00:00,1.0,3.656494159611368,14.165595802563299
2021-05-12 12:00:00,1.0,3.5954247696766415,13.455830445943878
2021-05-12 16:00:00,1.0,3.527588901965462,12.694205887610646
2021-05-12 20:00:00,1.0,3.2164469284170045,9.335225817426467
2021-05-13 00:00:00,1.0,3.270279991289968,9.803951535164478
2021-05-13 04:00:00,1.0,3.2973517350075974,10.04742615882385
2021-05-13 08:00:00,1.0,3.2258886308138197,9.394156213572776
2021-05-13 12:00:00,1.0,3.2162084394004613,9.309586743834354
2021-05-13 16:00:00,1.0,3.1475916497736964,8.713735479387502
2021-05-13 20:00:00,1.0,3.2190165179566694,9.30692939770403
2021-05-14 00:00:00,1.0,3.18576803832415,9.018542012182985
2021-05-14 04:00:00,1.0,3.2395103716799496,9.47495706064676
2021-05-14 08:00:00,1.0,3.2752150289556794,9.788245232998449
2021-05-14 12:00:00,1.0,3.3188844417023993,10.179773957708365
2021-05-14 16:00:00,1.0,3.2492890694262284,9.53937941786963
2021-05-14 20:00:00,1.0,3.2300647808752565,9.370061349878798
2021-05-15 00:00:00,1.0,3.2161676111177377,9.249118883967315
2021-05-15 04:00:00,1.0,3.141138836899437,8.6018111534269
2021-05-15 08:00:00,1.0,3.17097977509449,8.846963750930326
2021-05-15 12:00:00,1.0,3.1744307370865994,8.875848074844805
2021-05-15 16:00:00,1.0,3.1177513596466238,8.40041397204023
2021-05-15 20:00:00,1.0,3.030559645584585,7.695630547807289
2021-05-16 00:00:00,1.0,3.135577117497319,8.495656707413762
2021-05-16 04:00:00,1.0,3.1998537958637727,9.018118034211003
2021-05-16 08:00:00,1.0,3.176504554621763,8.820703189381005
2021-05-16 12:00:00,1.0,3.0930508966668584,8.125486229137113
2021-05-16 16:00:00,1.0,2.951901690679747,7.013083652052616
2021-05-16 20:00:00,1.0,3.009076840124223,7.420591233154056
2021-05-17 00:00:00,1.0,2.781213546176141,5.734811389766334
2021-05-17 04:00:00,1.0,2.9259737869463565,6.630290284613238
2021-05-17 08:00:00,1.0,2.9637049527947292,6.886788053117872
2021-05-17 12:00:00,1.0,2.8102009788418774,5.816692327568937
2021-05-17 16:00:00,1.0,2.8643133590141083,6.152705732600229
2021-05-17 20:00:00,1.0,2.8215609624587192,5.8772020962320894
2021-05-18 00:00:00,1.0,2.9020373961147037,6.380089970220906
2021-05-18 04:00:00,1.0,2.9274980428347015,6.548014632726367
2021-05-18 08:00:00,1.0,2.9371101871101875,6.612513867684162
2021-05-18 12:00:00,1.0,2.7847137613347095,5.583212873208353
2021-05-18 16:00:00,1.0,2.8037177067725696,5.697518775255056
2021-05-18 20:00:00,1.0,2.776957035685215,5.5343752901705985
2021-05-19 00:00:00,1.0,2.63058245757747,4.659217513749949
2021-05-19 04:00:00,1.0,2.6163437559946288,4.583559887892146
2021-05-19 08:00:00,1.0,2.508023081589166,4.0142605015671755
2021-05-19 12:00:00,1.0,2.41849378632421,3.5843674319776384
2021-05-19 16:00:00,1.0,2.549689316210513,4.167688737830861
2021-05-19 20:00:00,1.0,2.3777672502734846,3.3246240709694534
2021-05-20 00:00:00,1.0,2.4847600333884623,3.773420035490148
2021-05-20 04:00:00,1.0,2.589658908860904,4.2513263682014495
2021-05-20 08:00:00,1.0,2.6230661651484595,4.415855931216782
2021-05-20 12:00:00,1.0,2.6851322836360243,4.7293154707729315
2021-05-20 16:00:00,1.0,2.5997920997921002,4.278387238084356
2021-05-20 20:00:00,1.0,2.6264017710401752,4.409759063415875
2021-05-21 00:00:00,1.0,2.6354922205919715,4.455547974400751
2021-05-21 04:00:00,1.0,2.582069384750183,4.184598958317341
2021-05-21 08:00:00,1.0,2.665133553849265,4.588449727245238
2021-05-21 12:00:00,1.0,2.384538264525796,3.1391819670202037
2021-05-21 16:00:00,1.0,2.3370705253498274,2.951711873057105
2021-05-21 20:00:00,1.0,2.414183486190968,3.2438920699477976
2021-05-22 00:00:00,1.0,2.394731077711128,3.1654785848460105
2021-05-22 04:00:00,1.0,2.350495901618096,2.990061598877107
2021-05-22 08:00:00,1.0,2.47288224345581,3.4571239333028903
2021-05-22 12:00:00,1.0,2.473182946998409,3.4583850965669707
2021-05-22 16:00:00,1.0,2.4164283936727835,3.2202962382940226
2021-05-22 20:00:00,1.0,2.426997086286364,3.2625499063393675
2021-05-23 00:00:00,1.0,2.4251734229913784,3.255195395022644
2021-05-23 04:00:00,1.0,2.328358547498199,2.8653453324819305
2021-05-23 08:00:00,1.0,2.2934542541774463,2.736482635551948
2021-05-23 12:00:00,1.0,2.1592387275055605,2.2560564956059377
2021-05-23 16:00:00,1.0,2.1419767887972383,2.2019486633589884
2021-05-23 20:00:00,1.0,2.245895785484315,2.522434343291876
2021-05-24 00:00:00,1.0,2.2845284138925046,2.652602807872841
2021-05-24 04:00:00,1.0,2.3748963091232427,2.9673856722568956
2021-05-24 08:00:00,1.0,2.436736251885879,3.1991890054240333
2021-05-24 12:00:00,1.0,2.432823217424216,3.183776746319779
2021-05-24 16:00:00,1.0,2.5667445212333004,3.7095554340399914
2021-05-24 20:00:00,1.0,2.5142633281660727,3.4820120693027476
2021-05-25 00:00:00,1.0,2.482392641058478,3.349598591459245
2021-05-25 04:00:00,1.0,2.5264969074196015,3.5281339118236796
2021-05-25 08:00:00,1.0,2.3678563466593405,2.8635317024578484
2021-05-25 12:00:00,1.0,2.480646745921061,3.2727358560051942
2021-05-25 16:00:00,1.0,2.416819826732546,3.0201138565003367
2021-05-25 20:00:00,1.0,2.4837023864455294,3.27084782902879
2021-05-26 00:00:00,1.0,2.5601264510242077,3.572781934028944
2021-05-26 04:00:00,1.0,2.621162141423988,3.828316825952831
2021-05-26 08:00:00,1.0,2.582593023677813,3.659321402018901
2021-05-26 12:00:00,1.0,2.5118214080184167,3.3584887673797628
2021-05-26 16:00:00,1.0,2.4940961007045805,3.287388674050871
2021-05-26 20:00:00,1.0,2.5431425334791933,3.481328299184374
2021-05-27 00:00:00,1.0,2.438132838382216,3.050082446758988
2021-05-27 04:00:00,1.0,2.480510651645316,3.2091252466397084
2021-05-27 08:00:00,1.0,2.572182459651289,3.5649225256579737
2021-05-27 12:00:00,1.0,2.57069125522991,3.5587223104918357
2021-05-27 16:00:00,1.0,2.5124526262306826,3.316855332576428
2021-05-27 20:00:00,1.0,2.497004629797649,3.255673558864659
2021-05-28 00:00:00,1.0,2.478029199350897,3.181451260952572
2021-05-28 04:00:00,1.0,2.3962916254063407,2.8666315956783737
2021-05-28 08:00:00,1.0,2.291027239593326,2.4888551041963365
2021-05-28 12:00:00,1.0,2.3816051088494996,2.784052631745776
2021-05-28 16:00:00,1.0,2.319389934726595,2.5658674440237004
2021-05-28 20:00:00,1.0,2.311236591473501,2.5388080897083634
2021-05-29 00:00:00,1.0,2.3627761417661683,2.708650970838331
2021-05-29 04:00:00,1.0,2.3424430089018635,2.638722179321185
2021-05-29 08:00:00,1.0,2.2925404783260164,2.4700791253800705
2021-05-29 12:00:00,1.0,2.230408256904518,2.269247552811111
2021-05-29 16:00:00,1.0,2.205079167984407,2.191937078996777
2021-05-29 20:00:00,1.0,2.2426489649058245,2.3039747311383674
2021-05-30 00:00:00,1.0,2.2533401423675756,2.336925321850665
2021-05-30 04:00:00,1.0,2.3329364997070754,2.584572012418619
2021-05-30 08:00:00,1.0,2.3563388825234233,2.662351853822747
2021-05-30 12:00:00,1.0,2.299150771719352,2.4685068080887627
2021-05-30 16:00:00,1.0,2.3380730865144845,2.5938748355885526
2021-05-30 20:00:00,1.0,2.309796584422521,2.499764380738548
2021-05-31 00:00:00,1.0,2.2351585951960034,2.257434746808844
2021-05-31 04:00:00,1.0,2.3233347245192646,2.524599491093111
2021-05-31 08:00:00,1.0,2.387253021292923,2.732965635415736
2021-05-31 12:00:00,1.0,2.395334429000266,2.7607208117874356
2021-05-31 16:00:00,1.0,2.389016414265792,2.738875501309531
2021-05-31 20:00:00,1.0,2.414300138427322,2.82583468535829
2021-06-01 00:00:00,1.0,2.378732871563297,2.7009448076235025
2021-06-01 04:00:00,1.0,2.3869367641188104,2.7288902670716912
2021-06-01 08:00:00,1.0,2.3717097588668676,2.6766649709683614
2021-06-01 12:00:00,1.0,2.3482931185549654,2.5973822923526857
2021-06-01 16:00:00,1.0,2.331351325428634,2.541165741123194
2021-06-01 20:00:00,1.0,2.377961670667408,2.693581137992972
2021-06-02 00:00:00,1.0,2.363658810354573,2.644977434367436
2021-06-02 04:00:00,1.0,2.4121090205878253,2.8076274482305887
2021-06-02 08:00:00,1.0,2.411012489566107,2.8037984538922713
2021-06-02 12:00:00,1.0,2.4652959596849886,2.9931793595282485
2021-06-02 16:00:00,1.0,2.455177674317327,2.956324746437285
2021-06-02 20:00:00,1.0,2.4347058549053577,2.882373259790975
2021-06-03 00:00:00,1.0,2.438975974823857,2.8975390500786
2021-06-03 04:00:00,1.0,2.5037516655347094,3.128402447587956
2021-06-03 08:00:00,1.0,2.5133210373235326,3.164272833463035
2021-06-03 12:00:00,1.0,2.497369492070242,3.104023815672818
2021-06-03 16:00:00,1.0,2.5013246509505875,3.118771622192853
2021-06-03 20:00:00,1.0,2.5434587906533057,3.276376224834587
2021-06-04 00:00:00,1.0,2.458362928437743,2.9475255344053655
2021-06-04 04:00:00,1.0,2.3725956677951707,2.6390261002872704
2021-06-04 08:00:00,1.0,2.370999476361074,2.6336997934333715
2021-06-04 12:00:00,1.0,2.394536657317207,2.7121349039092006
2021-06-04 16:00:00,1.0,2.384954324168789,2.679575059673831
2021-06-04 20:00:00,1.0,2.386769562580038,2.685693500842517
2021-06-05 00:00:00,1.0,2.4244223122028625,2.812798873564245
2021-06-05 04:00:00,1.0,2.435578154406086,2.8516276785438226
2021-06-05 08:00:00,1.0,2.3245822553802618,2.461758467456143
2021-06-05 12:00:00,1.0,2.3538749280644558,2.5548222661423363
2021-06-05 16:00:00,1.0,2.3187185362995857,2.4403493201834325
2021-06-05 20:00:00,1.0,2.3014967778060065,2.3859738891327456
2021-06-06 00:00:00,1.0,2.3323752728366216,2.4820095867568757
2021-06-06 04:00:00,1.0,2.341636164267089,2.5115746677882567
2021-06-06 08:00:00,1.0,2.324498654610876,2.456431000580255
2021-06-06 12:00:00,1.0,2.343249853536639,2.5158774015251533
2021-06-06 16:00:00,1.0,2.316658328191996,2.4302258211966237
2021-06-06 20:00:00,1.0,2.319844230380392,2.440252066760537
2021-06-07 00:00:00,1.0,2.3585092621875687,2.5622677036854613
2021-06-07 04:00:00,1.0,2.342117030708055,2.508842492280097
2021-06-07 08:00:00,1.0,2.3574425422929184,2.5580919031881577
2021-06-07 12:00:00,1.0,2.3353460164557442,2.486160210917492
2021-06-07 16:00:00,1.0,2.3093552501283194,2.4031525427100653
2021-06-07 20:00:00,1.0,2.174448882990032,1.9819952791862239
2021-06-08 00:00:00,1.0,2.126770521720648,1.8516197789463944
2021-06-08 04:00:00,1.0,2.1364662667655208,1.8769438556815508
2021-06-08 08:00:00,1.0,2.1444562968877205,1.8980022334961617
2021-06-08 12:00:00,1.0,2.05471508339339,1.659719424148035
2021-06-08 16:00:00,1.0,2.129822273837239,1.8417254801900766
2021-06-08 20:00:00,1.0,2.1633034098744846,1.9285821096417095
2021-06-09 00:00:00,1.0,2.129750338291488,1.8388445537124893
2021-06-09 04:00:00,1.0,2.2143867203094167,2.058071869686692
2021-06-09 08:00:00,1.0,2.2664505575976928,2.2032377315953653
2021-06-09 12:00:00,1.0,2.3561878826841456,2.4649412043229715
2021-06-09 16:00:00,1.0,2.34992365759199,2.445281125443501
2021-06-09 20:00:00,1.0,2.4229998029873383,2.6734056244817186
2021-06-10 00:00:00,1.0,2.395239163007247,2.581516903355343
2021-06-10 04:00:00,1.0,2.3953979396622826,2.5820302774999755
2021-06-10 08:00:00,1.0,2.4508984814471138,2.7615045230104607
2021-06-10 12:00:00,1.0,2.3911602231427707,2.5595775908021454
2021-06-10 16:00:00,1.0,2.3767951483038803,2.513447026285443
2021-06-10 20:00:00,1.0,2.376835976586604,2.5135765532990018
2021-06-11 00:00:00,1.0,2.381934975451189,2.529753593849009
2021-06-11 04:00:00,1.0,2.4074137680746204,2.6109334764281082
2021-06-11 08:00:00,1.0,2.4224016362420397,2.6596982470598345
2021-06-11 12:00:00,1.0,2.3860832585894975,2.5400699526432535
2021-06-11 16:00:00,1.0,2.4138438985695885,2.6287264995919872
2021-06-11 20:00:00,1.0,2.4193660858249433,2.6467678319032393
2021-06-12 00:00:00,1.0,2.3052549240205145,2.2722576400459973
2021-06-12 04:00:00,1.0,2.286970982108143,2.2181909601300718
2021-06-12 08:00:00,1.0,2.3069081454368274,2.2762036360393547
2021-06-12 12:00:00,1.0,2.293185954033838,2.23558498111671
2021-06-12 16:00:00,1.0,2.3155468916067456,2.3009827864456835
2021-06-12 20:00:00,1.0,2.303629569527329,2.2654556895019815
2021-06-13 00:00:00,1.0,2.259670470393666,2.1357637556662326
2021-06-13 04:00:00,1.0,2.2863851286544588,2.2115131177160947
2021-06-13 08:00:00,1.0,2.32682521865814,2.328860525732248
2021-06-13 12:00:00,1.0,2.33531102078484,2.354340200067362
2021-06-13 16:00:00,1.0,2.439975943716596,2.6708935414450394
2021-06-13 20:00:00,1.0,2.528798196815657,2.962578526393113
2021-06-14 00:00:00,1.0,2.5258540239837037,2.9522309116001426
2021-06-14 04:00:00,1.0,2.563448447488352,3.084052566518065
2021-06-14 08:00:00,1.0,2.5382444356883305,2.9930846782955802
2021-06-14 12:00:00,1.0,2.6366885540825735,3.3413390602903794
2021-06-14 16:00:00,1.0,2.573870676738511,3.102521517434304
2021-06-14 20:00:00,1.0,2.6257310206811493,3.290057551514457
2021-06-15 00:00:00,1.0,2.6185095991829197,3.2629120912836274
2021-06-15 04:00:00,1.0,2.6159743572461815,3.2534346332987942
2021-06-15 08:00:00,1.0,2.5818963505995964,3.126288241266306
2021-06-15 12:00:00,1.0,2.596485008891497,3.1792822557586717
2021-06-15 16:00:00,1.0,2.5895506815082916,3.153809914578711
2021-06-15 20:00:00,1.0,2.6016066901353727,3.1978588993811883
2021-06-16 00:00:00,1.0,2.593155235611599,3.166693666953039
2021-06-16 04:00:00,1.0,2.600493957414162,3.193579235009158
2021-06-16 08:00:00,1.0,2.5326503128872253,2.94362973548714
2021-06-16 12:00:00,1.0,2.512926363923875,2.8748559268318576
2021-06-16 16:00:00,1.0,2.5067340743774706,2.853603485186084
2021-06-16 20:00:00,1.0,2.485276543568319,2.780323333143204
2021-06-17 00:00:00,1.0,2.5187194435947604,2.8925628448934595
2021-06-17 04:00:00,1.0,2.540903458609199,2.96899294243113
2021-06-17 08:00:00,1.0,2.5369502439327927,2.9551351945882534
2021-06-17 12:00:00,1.0,2.527977742753309,2.9237806726589555
2021-06-17 16:00:00,1.0,2.443380244814165,2.630252143613778
2021-06-17 20:00:00,1.0,2.4686834110150873,2.7119672683244467
2021-06-18 00:00:00,1.0,2.4579138173277877,2.676474520923798
2021-06-18 04:00:00,1.0,2.4441903297888388,2.6316431304039973
2021-06-18 08:00:00,1.0,2.4511194726282057,2.6540248135289577
2021-06-18 12:00:00,1.0,2.356057621020219,2.345231404062369
2021-06-18 16:00:00,1.0,2.2894453056547865,2.14631271994546
2021-06-18 20:00:00,1.0,2.3213691343367198,2.236096720550528
2021-06-19 00:00:00,1.0,2.274941544268232,2.101930318025917
2021-06-19 04:00:00,1.0,2.3191734800213646,2.224534497045897
2021-06-19 08:00:00,1.0,2.3291705766768156,2.253301926354568
2021-06-19 12:00:00,1.0,2.3404877878069943,2.286147644778047
2021-06-19 16:00:00,1.0,2.329392863993866,2.253635660639722
2021-06-19 20:00:00,1.0,2.299586273401739,2.1671240251159483
2021-06-20 00:00:00,1.0,2.302406665249562,2.175097814581064
2021-06-20 04:00:00,1.0,2.3095658722217367,2.1953878558769913
2021-06-20 08:00:00,1.0,2.195194187089453,1.8692353807097934
2021-06-20 12:00:00,1.0,2.2308256126834722,1.9602571979738643
2021-06-20 16:00:00,1.0,2.3008240832430404,2.1447830591367616
2021-06-20 20:00:00,1.0,2.3071323769578185,2.1624244619585418
2021-06-21 00:00:00,1.0,2.2455315712797055,1.9892132187653542
2021-06-21 04:00:00,1.0,2.1402769064863874,1.7094924080386562
2021-06-21 08:00:00,1.0,2.1075533619174562,1.6310810807447438
2021-06-21 12:00:00,1.0,2.1184039641022228,1.6562736271230125
2021-06-21 16:00:00,1.0,2.110361440473664,1.637409491659868
2021-06-21 20:00:00,1.0,2.0484735406805274,1.4933547824569284
2021-06-22 00:00:00,1.0,2.1398051129971374,1.6930992813724621
2021-06-22 04:00:00,1.0,2.1158758509132616,1.6362979172782766
2021-06-22 08:00:00,1.0,2.0247853598851147,1.4249653185028637
2021-06-22 12:00:00,1.0,2.054899134699638,1.4885440348992556
2021-06-22 16:00:00,1.0,2.100003369953499,1.5865629194305029
2021-06-22 20:00:00,1.0,2.1068404871397437,1.6020593468534792
2021-06-23 00:00:00,1.0,2.2012555669039506,1.8174414252929065
2021-06-23 04:00:00,1.0,2.202281458515877,1.819982472240942
2021-06-23 08:00:00,1.0,2.197688600743468,1.808595752422332
2021-06-23 12:00:00,1.0,2.170388737096971,1.7411961889681735
2021-06-23 16:00:00,1.0,2.1308455731772487,1.6460255794733156
2021-06-23 20:00:00,1.0,2.1825678786402025,1.7658881902035857
2021-06-24 00:00:00,1.0,2.1120017005303833,1.594605571543997
2021-06-24 04:00:00,1.0,2.1291456908663937,1.6334377881583586
2021-06-24 08:00:00,1.0,2.193760012650291,1.7821502158388163
2021-06-24 12:00:00,1.0,2.1960768556778576,1.7877966342407825
2021-06-24 16:00:00,1.0,2.25901786593807,1.9415149242104517
2021-06-24 20:00:00,1.0,2.2464038707804335,1.9089915959689105
2021-06-25 00:00:00,1.0,2.271612419056314,1.973258187695153
2021-06-25 04:00:00,1.0,2.2218245965128802,1.8435121610527778
2021-06-25 08:00:00,1.0,2.1588414618339846,1.686735372861664
2021-06-25 12:00:00,1.0,2.113159798010176,1.579660055440252
2021-06-25 16:00:00,1.0,2.0881229877489274,1.5235124099248873
2021-06-25 20:00:00,1.0,2.046887070266127,1.433254174579165
2021-06-26 00:00:00,1.0,2.0723652148215783,1.4867744555586389
2021-06-26 04:00:00,1.0,1.9908888122728563,1.3114139064036743
2021-06-26 08:00:00,1.0,2.0594129281785185,1.4468260067209873
2021-06-26 12:00:00,1.0,2.042937095929619,1.4121010679960995
2021-06-26 16:00:00,1.0,2.0462085430913404,1.4188848510702288
2021-06-26 20:00:00,1.0,2.0921999834094644,1.5145592018102063
2021-06-27 00:00:00,1.0,2.1481450998283966,1.6360564652752747
2021-06-27 04:00:00,1.0,2.156975674120317,1.6562329209954367
2021-06-27 08:00:00,1.0,2.1546024491785136,1.6507660814876453
2021-06-27 12:00:00,1.0,2.1515869888687886,1.6438351236193884
2021-06-27 16:00:00,1.0,2.1266473888045003,1.5866727721549216
2021-06-27 20:00:00,1.0,2.2488179240049604,1.860123833364182
2021-06-28 00:00:00,1.0,2.2292475671528083,1.8115606035630356
2021-06-28 04:00:00,1.0,2.2700972361196845,1.9111479962681432
2021-06-28 08:00:00,1.0,2.210378419854733,1.7603198807650107
2021-06-28 12:00:00,1.0,2.266293077078618,1.8939092451741604
2021-06-28 16:00:00,1.0,2.2320608302528546,1.8080870237649553
2021-06-28 20:00:00,1.0,2.2355033673612272,1.8164529337663051
2021-06-29 00:00:00,1.0,2.2408350226305385,1.8294496051162605
2021-06-29 04:00:00,1.0,2.2584696004272105,1.872640966007222
2021-06-29 08:00:00,1.0,2.3042458821760614,1.986509056759701
2021-06-29 12:00:00,1.0,2.3491809716872103,2.102725771699741
2021-06-29 16:00:00,1.0,2.3578261985369258,2.1259405110299743
2021-06-29 20:00:00,1.0,2.3273242310025397,2.043433960944505
2021-06-30 00:00:00,1.0,2.2760140967746993,1.9082802044222036
2021-06-30 04:00:00,1.0,2.2844746242501897,1.9295609035927324
2021-06-30 08:00:00,1.0,2.2585162613217515,1.8637844116637514
2021-06-30 12:00:00,1.0,2.215967358112001,1.75844713706386
2021-06-30 16:00:00,1.0,2.251618873813392,1.8433192884801755
2021-06-30 20:00:00,1.0,2.2711542349946385,1.8912979786016944
2021-07-01 00:00:00,1.0,2.211208594936779,1.7415392355090897
2021-07-01 04:00:00,1.0,2.1611965408723557,1.6233713413524304
2021-07-01 08:00:00,1.0,2.185124506820271,1.6772914362287028
2021-07-01 12:00:00,1.0,2.166655865533675,1.6347621060617943
2021-07-01 16:00:00,1.0,2.1445528590167036,1.584731330904409
2021-07-01 20:00:00,1.0,2.1713316760074908,1.644096475640427
2021-07-02 00:00:00,1.0,2.1326115584220364,1.5561417754506128
2021-07-02 04:00:00,1.0,2.1618420165801755,1.6201291484100342
2021-07-02 08:00:00,1.0,2.140115537559432,1.5712823293309395
2021-07-02 12:00:00,1.0,2.1843072930978207,1.6686196786855956
2021-07-02 16:00:00,1.0,2.1598621689020727,1.6125978697443868
2021-07-02 20:00:00,1.0,2.1895981200844084,1.6792023025020102
2021-07-03 00:00:00,1.0,2.172613554471414,1.6401259239336394
2021-07-03 04:00:00,1.0,2.235804718971805,1.7832366950793102
2021-07-03 08:00:00,1.0,2.242836256551971,1.8000613699662307
2021-07-03 12:00:00,1.0,2.2428647715430796,1.800130026873943
2021-07-03 16:00:00,1.0,2.251775706264488,1.8215858560835902
2021-07-03 20:00:00,1.0,2.246795303840195,1.8094990875100716
2021-07-04 00:00:00,1.0,2.2450118207599536,1.8051900020307179
2021-07-04 04:00:00,1.0,2.307162836152864,1.9551149029588932
2021-07-04 08:00:00,1.0,2.30144104395975,1.940568775984547
2021-07-04 12:00:00,1.0,2.301502610417826,1.9407245139903107
2021-07-04 16:00:00,1.0,2.305502485988774,1.9508431076494865
2021-07-04 20:00:00,1.0,2.2868057247733096,1.9033812879712735
2021-07-05 00:00:00,1.0,2.2261711884529873,1.7519771167467724
2021-07-05 04:00:00,1.0,2.2200326885489012,1.7374842806806687
2021-07-05 08:00:00,1.0,2.1632483240962075,1.6041592970433962
2021-07-05 12:00:00,1.0,2.1765952841389287,1.6338516580192122
2021-07-05 16:00:00,1.0,2.2110763890689116,1.7115009264028023
2021-07-05 20:00:00,1.0,2.183350096691746,1.6471156677244945
2021-07-06 00:00:00,1.0,2.1982913039646244,1.6809305331890392
2021-07-06 04:00:00,1.0,2.260127358319382,1.8227799481815685
2021-07-06 08:00:00,1.0,2.2077932766835544,1.6961585244890327
2021-07-06 12:00:00,1.0,2.2061808835499646,1.6924423146600835
2021-07-06 16:00:00,1.0,2.2047266190034307,1.6890954555603388
2021-07-06 20:00:00,1.0,2.2176892747341665,1.7188884866301177
2021-07-07 00:00:00,1.0,2.2323673664072703,1.7530186099120961
2021-07-07 04:00:00,1.0,2.249468584256618,1.7933060020230742
2021-07-07 08:00:00,1.0,2.257088567562387,1.8115302553776509
2021-07-07 12:00:00,1.0,2.2376880045209258,1.764817812508486
2021-07-07 16:00:00,1.0,2.2441764611340704,1.7801697433184533
2021-07-07 20:00:00,1.0,2.1944955698072937,1.6619431852567121
2021-07-08 00:00:00,1.0,2.1584325309387684,1.580009018910972
2021-07-08 04:00:00,1.0,2.105415385652296,1.4635806851426152
2021-07-08 08:00:00,1.0,2.1189515815451005,1.491809767622998
2021-07-08 12:00:00,1.0,2.1321443014086436,1.5196740593680644
2021-07-08 16:00:00,1.0,2.1388524530669195,1.5340176533565022
2021-07-08 20:00:00,1.0,2.130569496217878,1.5161956637982226
2021-07-09 00:00:00,1.0,2.134853225563951,1.5253410662893376
2021-07-09 04:00:00,1.0,2.132805330747977,1.520951437028401
2021-07-09 08:00:00,1.0,2.1240421555259488,1.5022037851615502
2021-07-09 12:00:00,1.0,2.1748299469621193,1.6099609862183994
2021-07-09 16:00:00,1.0,2.1674834483438,1.5936458124587372
2021-07-09 20:00:00,1.0,2.1914943669931226,1.6466080161443324
2021-07-10 00:00:00,1.0,2.190471715721095,1.644302868833525
2021-07-10 04:00:00,1.0,2.188266988454024,1.6393378569446857
2021-07-10 08:00:00,1.0,2.1900770423214344,1.6434058566589955
2021-07-10 12:00:00,1.0,2.1945227886624425,1.653413950574663
2021-07-10 16:00:00,1.0,2.1651899357635047,1.5871134111902188
2021-07-10 20:00:00,1.0,2.1712137276351773,1.600359973130817
2021-07-11 00:00:00,1.0,2.167720641224385,1.592635912247219
2021-07-11 04:00:00,1.0,2.1715999761511013,1.6011864164068794
2021-07-11 08:00:00,1.0,2.191431504399088,1.6450535751782829
2021-07-11 12:00:00,1.0,2.200105246239912,1.664587067322726
2021-07-11 16:00:00,1.0,2.1965985504015455,1.656627629175543
2021-07-11 20:00:00,1.0,2.220215443719187,1.710061696103445
2021-07-12 00:00:00,1.0,2.2324593920603926,1.7383534194944286
2021-07-12 04:00:00,1.0,2.221689798373093,1.713195479225328
2021-07-12 08:00:00,1.0,2.1729719360642084,1.6004931278085526
2021-07-12 12:00:00,1.0,2.1604959793862566,1.5729257912113774
2021-07-12 16:00:00,1.0,2.127143808876979,1.500080727363827
2021-07-12 20:00:00,1.0,2.144238546046529,1.5362468093095476
2021-07-13 00:00:00,1.0,2.1432346887459137,1.5340891586443515
2021-07-13 04:00:00,1.0,2.1502947413171882,1.549249537718921
2021-07-13 08:00:00,1.0,2.141385750799719,1.5299932248393056
2021-07-13 12:00:00,1.0,2.125020090107375,1.4949140477644316
2021-07-13 16:00:00,1.0,2.0938875524287024,1.4292104789345699
2021-07-13 20:00:00,1.0,2.12111159212157,1.484956857620732
2021-07-14 00:00:00,1.0,2.062801027576591,1.3624899308247755
2021-07-14 04:00:00,1.0,2.0686336393942404,1.3740473347125752
2021-07-14 08:00:00,1.0,2.1031095597803855,1.4427470971299807
2021-07-14 12:00:00,1.0,2.124755678371641,1.4872952395932668
2021-07-14 16:00:00,1.0,2.12111094405359,1.4796414711303807
2021-07-14 20:00:00,1.0,2.126960405638712,1.4918828477109811
2021-07-15 00:00:00,1.0,2.115400817084111,1.467558626377825
2021-07-15 04:00:00,1.0,2.104244326812908,1.4443391919254358
2021-07-15 08:00:00,1.0,2.066073122806292,1.3657378167230998
2021-07-15 12:00:00,1.0,2.0528855874865872,1.3395857185761149
2021-07-15 16:00:00,1.0,2.0435929407251123,1.321394305038035
2021-07-15 20:00:00,1.0,2.066040719407305,1.3649387404100988
2021-07-16 00:00:00,1.0,2.0683018285886137,1.369420175101401
2021-07-16 04:00:00,1.0,2.059202954153081,1.3513471133502026
2021-07-16 08:00:00,1.0,2.01461846941897,1.2635717224532526
2021-07-16 12:00:00,1.0,2.082073273158063,1.390494984364379
2021-07-16 16:00:00,1.0,2.0680717644558064,1.3624426177041624
2021-07-16 20:00:00,1.0,2.0338881227285235,1.2948822199683967
2021-07-17 00:00:00,1.0,2.028877909177163,1.2853129083036066
2021-07-17 04:00:00,1.0,2.042298100901594,1.3108183548028234
2021-07-17 08:00:00,1.0,2.0343715814414085,1.2955558024944327
2021-07-17 12:00:00,1.0,2.0585717359408147,1.3417902036269238
2021-07-17 16:00:00,1.0,2.0630809929438376,1.3506076911596478
2021-07-17 20:00:00,1.0,2.042714808612566,1.3106091763779166
2021-07-18 00:00:00,1.0,2.0845754636278344,1.3911827714204832
2021-07-18 04:00:00,1.0,2.05515965802749,1.332289107929739
2021-07-18 08:00:00,1.0,2.0609216304353475,1.3434949717406535
2021-07-18 12:00:00,1.0,2.0327041025295403,1.2883107673101404
2021-07-18 16:00:00,1.0,2.0507333537258736,1.3225911307145404
2021-07-18 20:00:00,1.0,2.059466717820834,1.3394885053132068
2021-07-19 00:00:00,1.0,2.044108154769004,1.3095206231114163
2021-07-19 04:00:00,1.0,2.0481754294098447,1.317337499155298
2021-07-19 08:00:00,1.0,2.0262441609075035,1.2750204954641122
2021-07-19 12:00:00,1.0,1.9887884239505198,1.2043130754785398
2021-07-19 16:00:00,1.0,1.992483059503011,1.2110249476687769
2021-07-19 20:00:00,1.0,1.998618967135178,1.2222131038496362
2021-07-20 00:00:00,1.0,1.918311031153925,1.074881251235281
2021-07-20 04:00:00,1.0,1.9326508313416058,1.0989861780973127
2021-07-20 08:00:00,1.0,1.9242946428108538,1.0847311421415986
2021-07-20 12:00:00,1.0,1.9369689082906056,1.1061647160295998
2021-07-20 16:00:00,1.0,1.9300021775084135,1.0942290286610206
2021-07-20 20:00:00,1.0,1.9306171940211856,1.0952750931617092
2021-07-21 00:00:00,1.0,1.9341653662102554,1.1013139256712905
2021-07-21 04:00:00,1.0,1.9972055308713677,1.2089991511914755
2021-07-21 08:00:00,1.0,2.043624696056119,1.2932980334645923
2021-07-21 12:00:00,1.0,2.06947547969992,1.3423766647532536
2021-07-21 16:00:00,1.0,2.0496815393947574,1.3038583196511095
2021-07-21 20:00:00,1.0,2.083182765539375,1.3677914501218138
2021-07-22 00:00:00,1.0,2.0692577288587275,1.3403624413528819
2021-07-22 04:00:00,1.0,2.082226217201281,1.365563470378495
2021-07-22 08:00:00,1.0,2.0682208200911454,1.338008454707645
2021-07-22 12:00:00,1.0,2.106533302917344,1.4123657362575461
2021-07-22 16:00:00,1.0,2.0982451615244644,1.395694905222951
2021-07-22 20:00:00,1.0,2.0924708758249917,1.3841722176745612
2021-07-23 00:00:00,1.0,2.1123425842877226,1.423607700991856
2021-07-23 04:00:00,1.0,2.105572866171371,1.4099204001027839
2021-07-23 08:00:00,1.0,2.093033398831405,1.3847306034069493
2021-07-23 12:00:00,1.0,2.094231676525942,1.387108910120925
2021-07-23 16:00:00,1.0,2.0899304493444157,1.3785621901737126
2021-07-23 20:00:00,1.0,2.179717675665308,1.5562388330572772
2021-07-24 00:00:00,1.0,2.182043591644591,1.5612206903085157
2021-07-24 04:00:00,1.0,2.1908910157039845,1.5802113028934575
2021-07-24 08:00:00,1.0,2.194811826981404,1.588695125574751
2021-07-24 12:00:00,1.0,2.1935487424888933,1.5859523079649143
2021-07-24 16:00:00,1.0,2.1934612533116287,1.585762541957097
2021-07-24 20:00:00,1.0,2.2201603579409075,1.643668885131816
2021-07-25 00:00:00,1.0,2.2138553045660285,1.6296652749678249
2021-07-25 04:00:00,1.0,2.2485049071707435,1.7061841703624914
2021-07-25 08:00:00,1.0,2.229291635775427,1.6624466013524923
2021-07-25 12:00:00,1.0,2.214712698503223,1.6298308085187165
2021-07-25 16:00:00,1.0,2.226324132496203,1.6554657446424361
2021-07-25 20:00:00,1.0,2.2929306152498174,1.8040488942749582
2021-07-26 00:00:00,1.0,2.4810621574960736,2.2481074695894447
2021-07-26 04:00:00,1.0,2.4723793427035328,2.224504795146328
2021-07-26 08:00:00,1.0,2.4933514705958606,2.2811133401075843
2021-07-26 12:00:00,1.0,2.499093352896346,2.296872711941955
2021-07-26 16:00:00,1.0,2.551129323261494,2.440348745239322
2021-07-26 20:00:00,1.0,2.4132496202321647,2.0446715556743955
2021-07-27 00:00:00,1.0,2.3864325672305733,1.9765077838627279
2021-07-27 04:00:00,1.0,2.4053114355483443,2.0234157468527267
2021-07-27 08:00:00,1.0,2.466862339992017,2.1787508117142496
2021-07-27 12:00:00,1.0,2.476240531726817,2.203599473745395
2021-07-27 16:00:00,1.0,2.4497287187436823,2.132821110671435
2021-07-27 20:00:00,1.0,2.5571382095696324,2.4133647003765923
2021-07-28 00:00:00,1.0,2.580448566732857,2.479363940762232
2021-07-28 04:00:00,1.0,2.5855242351501717,2.4939944543226185
2021-07-28 08:00:00,1.0,2.64093145514592,2.654331724637322
2021-07-28 12:00:00,1.0,2.572119597057254,2.4468486819402955
2021-07-28 16:00:00,1.0,2.617456488715842,2.576235177488561
2021-07-28 20:00:00,1.0,2.593539539923581,2.5056143074770283
2021-07-29 00:00:00,1.0,2.5669830102498445,2.428645647832749
2021-07-29 04:00:00,1.0,2.58803485050368,2.4883976524317646
2021-07-29 08:00:00,1.0,2.57736570735324,2.4576224825025266
2021-07-29 12:00:00,1.0,2.588340090522137,2.489016037631934
2021-07-29 16:00:00,1.0,2.570227238556417,2.4367626503799875
2021-07-29 20:00:00,1.0,2.5933399349858224,2.5025002099590132
2021-07-30 00:00:00,1.0,2.5903270669480163,2.4937782108155844
2021-07-30 04:00:00,1.0,2.574515504378349,2.4481115488118084
2021-07-30 08:00:00,1.0,2.504294098433751,2.247790554930341
2021-07-30 12:00:00,1.0,2.5322511030117036,2.3230710392078486
2021-07-30 16:00:00,1.0,2.5827919805475936,2.4621686769896662
2021-07-30 20:00:00,1.0,2.7352596938008436,2.8982098649580474
2021-07-31 00:00:00,1.0,2.709572871355916,2.8165586026906615
2021-07-31 04:00:00,1.0,2.69209512601034,2.7620550742610113
2021-07-31 08:00:00,1.0,2.6954540623493264,2.7723937510814323
2021-07-31 12:00:00,1.0,2.691933757083385,2.7615313819642733
2021-07-31 16:00:00,1.0,2.676756004997902,2.71482090265016
2021-07-31 20:00:00,1.0,2.68700844043737,2.7460155942643794
2021-08-01 00:00:00,1.0,2.7500848969053475,2.9394004722037397
2021-08-01 04:00:00,1.0,2.702525132076256,2.786899149040398
2021-08-01 08:00:00,1.0,2.6951209554077407,2.7639931341302106
2021-08-01 12:00:00,1.0,2.675676971811637,2.7041705457763165
2021-08-01 16:00:00,1.0,2.6741455871755138,2.6995274682252304
2021-08-01 20:00:00,1.0,2.5822553802603694,2.4212402962575235
2021-08-02 00:00:00,1.0,2.578376693401632,2.410329795703556
2021-08-02 04:00:00,1.0,2.5990409890035835,2.4682822673389926
2021-08-02 08:00:00,1.0,2.5626176243383236,2.3645095925326407
2021-08-02 12:00:00,1.0,2.573161690368674,2.3936964033579566
2021-08-02 16:00:00,1.0,2.538991010000986,2.298334069538145
2021-08-02 20:00:00,1.0,2.5370448618578307,2.2930490190230026
2021-08-03 00:00:00,1.0,2.5051547327108437,2.2065795634098286
2021-08-03 04:00:00,1.0,2.501117269197071,2.195910779927705
2021-08-03 08:00:00,1.0,2.4944143020826326,2.1782557288127027
2021-08-03 12:00:00,1.0,2.473639186856146,2.123829909828596
2021-08-03 16:00:00,1.0,2.4633951763004145,2.0974438433434757
2021-08-03 20:00:00,1.0,2.4760765705279435,2.12983634679169
2021-08-04 00:00:00,1.0,2.461155453362437,2.091332443416371
2021-08-04 04:00:00,1.0,2.451565991466242,2.0668869098142344
2021-08-04 08:00:00,1.0,2.4730312990911507,2.121178366988338
2021-08-04 12:00:00,1.0,2.547036773969444,2.3116071889869407
2021-08-04 16:00:00,1.0,2.5762108502133456,2.3910394984062764
2021-08-04 20:00:00,1.0,2.574332101140083,2.3858083700131254
2021-08-05 00:00:00,1.0,2.5556619107117875,2.3338995701649945
2021-08-05 04:00:00,1.0,2.519078473255532,2.2336726169090384
2021-08-05 08:00:00,1.0,2.4632014039744727,2.0850336433026326
2021-08-05 12:00:00,1.0,2.511264069555842,2.2070848989112024
2021-08-05 16:00:00,1.0,2.6371337767846517,2.538955768354511
2021-08-05 20:00:00,1.0,2.6481651899357654,2.5708179404214193
2021-08-06 00:00:00,1.0,2.60649506690654,2.449458857230278
2021-08-06 04:00:00,1.0,2.6395543106889754,2.5426613250089654
2021-08-06 08:00:00,1.0,2.6251652573348347,2.5010787487548165
2021-08-06 12:00:00,1.0,2.73484557836179,2.814566578875983
2021-08-06 16:00:00,1.0,2.7802874570330944,2.954866119736573
2021-08-06 20:00:00,1.0,2.7761203799233742,2.941579916248483
2021-08-07 00:00:00,1.0,2.831529544123062,3.1177147327693873
2021-08-07 04:00:00,1.0,2.800164998107643,3.0141109677281364
2021-08-07 08:00:00,1.0,2.8385396954598967,3.138031089846843
2021-08-07 12:00:00,1.0,2.810685733690723,3.0456526762419105
2021-08-07 16:00:00,1.0,2.847054012577705,3.1638784294039364
2021-08-07 20:00:00,1.0,2.888603594962699,3.30239827505267
2021-08-08 00:00:00,1.0,2.872394118653472,3.246803786390625
2021-08-08 04:00:00,1.0,2.9036368278887,3.3527491502074738
2021-08-08 08:00:00,1.0,2.8807956719428054,3.2736269967909553
2021-08-08 12:00:00,1.0,2.850497845822037,3.170339093557468
2021-08-08 16:00:00,1.0,2.8330356541079746,3.112074461856627
2021-08-08 20:00:00,1.0,2.8381728889833644,3.1290041366777794
2021-08-09 00:00:00,1.0,2.818842317283715,3.0650699355084323
2021-08-09 04:00:00,1.0,2.8385857082864576,3.1294739007282475
2021-08-09 08:00:00,1.0,2.976576879008302,3.585869949694793
2021-08-09 12:00:00,1.0,2.9727364281603696,3.5719902235711376
2021-08-09 16:00:00,1.0,2.9798068498193198,3.597477323742266
2021-08-09 20:00:00,1.0,2.9975347494050752,3.661685227111441
2021-08-10 00:00:00,1.0,2.962238374956581,3.5323347204182705
2021-08-10 04:00:00,1.0,2.977742753303852,3.587799521378492
2021-08-10 08:00:00,1.0,2.9386674944655007,3.4465574398026786
2021-08-10 12:00:00,1.0,2.9270463394528243,3.4056685216006644
2021-08-10 16:00:00,1.0,2.948432582784205,3.480318302228248
2021-08-10 20:00:00,1.0,2.9542172375713536,3.5008028539646565
2021-08-11 00:00:00,1.0,2.9542606581259965,3.5009572164804004
2021-08-11 04:00:00,1.0,3.0037464809908716,3.6768872734938727
2021-08-11 08:00:00,1.0,2.9761925746963174,3.575701030216708
2021-08-11 12:00:00,1.0,3.0106659028105427,3.699953387978482
2021-08-11 16:00:00,1.0,3.010146152290792,3.698037148091493
2021-08-11 20:00:00,1.0,2.949422182589266,3.4742345640559003
2021-08-12 00:00:00,1.0,2.9763818105464006,3.569504822585526
2021-08-12 04:00:00,1.0,2.9320934928790305,3.4101630040012476
2021-08-12 08:00:00,1.0,2.9002701147339565,3.299126735468642
2021-08-12 12:00:00,1.0,2.864213556545229,3.1760811392963113
2021-08-12 16:00:00,1.0,2.8755631710743943,3.2138373637530995
2021-08-12 20:00:00,1.0,2.877357023242311,3.2198519933536165
2021-08-13 00:00:00,1.0,2.9064073185020827,3.317376544889058
2021-08-13 04:00:00,1.0,2.98782085845677,3.5961530599660243
2021-08-13 08:00:00,1.0,2.9900865041139366,3.6043338803185145
2021-08-13 12:00:00,1.0,3.004258454694865,3.655583676829847
2021-08-13 16:00:00,1.0,3.010914760914762,3.67988187027663
2021-08-13 20:00:00,1.0,3.0977649431514775,3.9983217163910503
2021-08-14 00:00:00,1.0,3.0809151756782684,3.93307713608174
2021-08-14 04:00:00,1.0,3.08584826914004,3.9519698053033556
2021-08-14 08:00:00,1.0,3.018051933575624,3.6914945184201304
2021-08-14 12:00:00,1.0,3.042320783280883,3.7805469876556606
2021-08-14 16:00:00,1.0,3.048107382271971,3.8021191796855915
2021-08-14 20:00:00,1.0,3.0503594185015634,3.810546550248401
2021-08-15 00:00:00,1.0,3.0378063417340226,3.7635021759873633
2021-08-15 04:00:00,1.0,2.9644521751753676,3.4908693603250707
2021-08-15 08:00:00,1.0,2.9761595232293496,3.5322282558618716
2021-08-15 12:00:00,1.0,2.9919937681783075,3.5886064509643907
2021-08-15 16:00:00,1.0,3.003263670345966,3.629157916061746
2021-08-15 20:00:00,1.0,3.044222862801418,3.777643757317978
2021-08-16 00:00:00,1.0,3.0690957118637936,3.8702395696699647
2021-08-16 04:00:00,1.0,3.065999891124581,3.858527747312138
2021-08-16 08:00:00,1.0,3.0794213789849714,3.909200139835154
2021-08-16 12:00:00,1.0,3.003408189505448,3.619713186568029
2021-08-16 16:00:00,1.0,2.987139090942085,3.5608905422043833
2021-08-16 20:00:00,1.0,2.9747156277704923,3.516461483668113
2021-08-17 00:00:00,1.0,3.0081371415536022,3.634985887998089
2021-08-17 04:00:00,1.0,2.9777097018368854,3.524681760785603
2021-08-17 08:00:00,1.0,3.036161545201447,3.7322481458475267
2021-08-17 12:00:00,1.0,2.963614871345546,3.4647108113331413
2021-08-17 16:00:00,1.0,2.9464417179504476,3.404480302833568
2021-08-17 20:00:00,1.0,2.896601401900655,3.2317156016910498
2021-08-18 00:00:00,1.0,2.9199208320155963,3.3097675208217425
2021-08-18 04:00:00,1.0,2.9131511138992447,3.2867468352254634
2021-08-18 08:00:00,1.0,2.899883218150052,3.2418385424605973
2021-08-18 12:00:00,1.0,2.969447483163195,3.4751404707100564
2021-08-18 16:00:00,1.0,2.909897812640956,3.2660677682399966
2021-08-18 20:00:00,1.0,2.897206697393731,3.2233342650854353
2021-08-19 00:00:00,1.0,2.854543086151566,3.0809359887254537
2021-08-19 04:00:00,1.0,2.894272245581474,3.2095761879397195
2021-08-19 08:00:00,1.0,2.865448774114611,3.1136856291144035
2021-08-19 12:00:00,1.0,2.966827992389091,3.4441710503339507
2021-08-19 16:00:00,1.0,3.027125533359948,3.654168103298506
2021-08-19 20:00:00,1.0,3.0304060534733863,3.6660482567595847
2021-08-20 00:00:00,1.0,3.0494670288934635,3.7352255760473603
2021-08-20 04:00:00,1.0,3.035127876773763,3.68253443307497
2021-08-20 08:00:00,1.0,3.0408866088417215,3.7034957203670746
2021-08-20 12:00:00,1.0,3.1572822102747296,4.128770320074256
2021-08-20 16:00:00,1.0,3.1550645216480637,4.120070121893225
2021-08-20 20:00:00,1.0,3.1964313488627707,4.282127881101085
2021-08-21 00:00:00,1.0,3.1643973486242816,4.153383975232527
2021-08-21 04:00:00,1.0,3.1719188255971305,4.183000592699381
2021-08-21 08:00:00,1.0,3.143250890445405,4.069582189211177
2021-08-21 12:00:00,1.0,3.187261835017447,4.240525740079333
2021-08-21 16:00:00,1.0,3.174151419787331,4.188197074167141
2021-08-21 20:00:00,1.0,3.163989065797047,4.147970315307972
2021-08-22 00:00:00,1.0,3.161923673145619,4.139847163903762
2021-08-22 04:00:00,1.0,3.1881710743930203,4.242942849486012
2021-08-22 08:00:00,1.0,3.184090190324605,4.226649848758979
2021-08-22 12:00:00,1.0,3.1448542106272783,4.070401057668634
2021-08-22 16:00:00,1.0,3.1527113868136314,4.100909808902136
2021-08-22 20:00:00,1.0,3.191036182931445,4.250463491152664
2021-08-23 00:00:00,1.0,3.257189666167222,4.514813015119461
2021-08-23 04:00:00,1.0,3.2487680227705167,4.479793121487463
2021-08-23 08:00:00,1.0,3.265928862874,4.550783428812302
2021-08-23 12:00:00,1.0,3.2103972138261416,4.318648083366447
2021-08-23 16:00:00,1.0,3.1910666421264926,4.240637235305462
2021-08-23 20:00:00,1.0,3.2072139039096643,4.305011960667178
2021-08-24 00:00:00,1.0,3.1969945199371637,4.26385982219088
2021-08-24 04:00:00,1.0,3.225442760043758,4.3776848293150055
2021-08-24 08:00:00,1.0,3.203399375780922,4.287930650382187
2021-08-24 12:00:00,1.0,3.1308643671486562,3.99665405612593
2021-08-24 16:00:00,1.0,3.1264873160135003,3.979891695523459
2021-08-24 20:00:00,1.0,3.0895999346747476,3.839023269247322
2021-08-25 00:00:00,1.0,3.109166403119021,3.911960991841947
2021-08-25 04:00:00,1.0,3.120096069597316,3.9532161934362144
2021-08-25 08:00:00,1.0,3.082860027685464,3.811680047835029
2021-08-25 12:00:00,1.0,3.164029246011789,4.11275543291351
2021-08-25 16:00:00,1.0,3.1529894079769383,4.06970511606178
2021-08-25 20:00:00,1.0,3.1738040553501894,4.150304318224936
2021-08-26 00:00:00,1.0,3.1050096950969763,3.880422316580451
2021-08-26 04:00:00,1.0,3.0389041688916993,3.6325802313773266
2021-08-26 08:00:00,1.0,3.0352840611568785,3.6195982506413933
2021-08-26 12:00:00,1.0,3.032958145177596,3.611277235632464
2021-08-26 16:00:00,1.0,3.0420148951944457,3.6436282608683386
2021-08-26 20:00:00,1.0,3.03580121940471,3.6213006337941396
2021-08-27 00:00:00,1.0,3.0343988002965556,3.616281944323225
2021-08-27 04:00:00,1.0,3.0772497031848647,3.7694862097590622
2021-08-27 08:00:00,1.0,3.075330773896858,3.7624344152805467
2021-08-27 12:00:00,1.0,3.1226941741280885,3.936271020338366
2021-08-27 16:00:00,1.0,3.1297594112432012,3.962988995161312
2021-08-27 20:00:00,1.0,3.1800630958985066,4.154076796979778
2021-08-28 00:00:00,1.0,3.166005853349992,4.098988394637432
2021-08-28 04:00:00,1.0,3.1722927608214384,4.123407137328337
2021-08-28 08:00:00,1.0,3.1544527454751887,4.053840752235565
2021-08-28 12:00:00,1.0,3.163292392718826,4.08792069426327
2021-08-28 16:00:00,1.0,3.152975798549364,4.047924310530234
2021-08-28 20:00:00,1.0,3.168751069312166,4.10868319937612
2021-08-29 00:00:00,1.0,3.125457535993695,3.940276711365835
2021-08-29 04:00:00,1.0,3.1418400464535123,4.002237199097755
2021-08-29 08:00:00,1.0,3.1210940942861143,3.922955421285303
2021-08-29 12:00:00,1.0,3.141506291443947,3.9999247183474402
2021-08-29 16:00:00,1.0,3.1625244321628356,4.0802087981446
2021-08-29 20:00:00,1.0,3.160486906434537,4.072322506119311
2021-08-30 00:00:00,1.0,3.1083958502911115,3.870962791701406
2021-08-30 04:00:00,1.0,3.10621574960727,3.8628179906183755
2021-08-30 08:00:00,1.0,3.1044244897112723,3.8561352826129744
2021-08-30 12:00:00,1.0,3.111999108258459,3.884361532530419
2021-08-30 16:00:00,1.0,3.1509058694220777,4.030050449360362
2021-08-30 20:00:00,1.0,3.0448119565949985,3.6229638792290957
2021-08-31 00:00:00,1.0,3.0556845930910765,3.6617753098121484
2021-08-31 04:00:00,1.0,3.095254327797968,3.8040303166539435
2021-08-31 08:00:00,1.0,3.1087503434760286,3.85378963917453
2021-08-31 12:00:00,1.0,3.071656228451739,3.71583750372407
2021-08-31 16:00:00,1.0,3.065362192232516,3.692995479004747
2021-08-31 20:00:00,1.0,3.0524578626199568,3.6463560009298313
2021-09-01 00:00:00,1.0,3.0487483215039317,3.6330621491049575
2021-09-01 04:00:00,1.0,3.0570021152938853,3.662569221492624
2021-09-01 08:00:00,1.0,3.0921468418351203,3.7888890494218184
2021-09-01 12:00:00,1.0,3.0775769775146324,3.7353305327673874
2021-09-01 16:00:00,1.0,3.120447322442334,3.8914288947534788
2021-09-01 20:00:00,1.0,3.1632535086400413,4.051576347311894
2021-09-02 00:00:00,1.0,3.2119052680149927,4.2385196166391195
2021-09-02 04:00:00,1.0,3.2303771496414875,4.3116476444889456
2021-09-02 08:00:00,1.0,3.245045520294896,4.370382129206877
2021-09-02 12:00:00,1.0,3.2105741363846088,4.231105389387656
2021-09-02 16:00:00,1.0,3.1975706523711502,4.179694854430705
2021-09-02 20:00:00,1.0,3.19151704937241,4.1559560076103805
2021-09-03 00:00:00,1.0,3.2064349261980176,4.214233659449685
2021-09-03 04:00:00,1.0,3.195306302849943,4.170354441399497
2021-09-03 08:00:00,1.0,3.2512624364245304,4.389447906681549
2021-09-03 12:00:00,1.0,3.2760121525707553,4.4896898205719085
2021-09-03 16:00:00,1.0,3.2745896433552284,4.483841284442752
2021-09-03 20:00:00,1.0,3.240284164847755,4.34291951631235
2021-09-04 00:00:00,1.0,3.258319248655906,4.415436227931464
2021-09-04 04:00:00,1.0,3.2524775638865404,4.391687554525579
2021-09-04 08:00:00,1.0,3.2340497508826678,4.317040585773371
2021-09-04 12:00:00,1.0,3.232143782954256,4.309407919423797
2021-09-04 16:00:00,1.0,3.23870806352103,4.335664328073341
2021-09-04 20:00:00,1.0,3.2348727972169358,4.320261494310135
2021-09-05 00:00:00,1.0,3.218513617204389,4.2547170912527745
2021-09-05 04:00:00,1.0,3.231081599535464,4.304559859300189
2021-09-05 08:00:00,1.0,3.25322219399526,4.3930492810960216
2021-09-05 12:00:00,1.0,3.2542701199184974,4.397294540057014
2021-09-05 16:00:00,1.0,3.2847040403150114,4.5206649798736125
2021-09-05 20:00:00,1.0,3.3541976659183628,4.807592565190605
2021-09-06 00:00:00,1.0,3.3437255354337636,4.762563254153553
2021-09-06 04:00:00,1.0,3.356745221146716,4.818196178656514
2021-09-06 08:00:00,1.0,3.3311128364120868,4.707819742518127
2021-09-06 12:00:00,1.0,3.344319165703204,4.763812758200432
2021-09-06 16:00:00,1.0,3.3515088318704267,4.794536700848485
2021-09-06 20:00:00,1.0,3.4129787278166317,5.058345946381881
2021-09-07 00:00:00,1.0,3.4123475096043663,5.055539377393386
2021-09-07 04:00:00,1.0,3.3922522176886254,4.96622326352078
2021-09-07 08:00:00,1.0,3.301354202850461,4.567001914167754
2021-09-07 12:00:00,1.0,3.023630502745215,3.4144161035674157
2021-09-07 16:00:00,1.0,3.026126860603169,3.422873093728143
2021-09-07 20:00:00,1.0,3.0370882824124714,3.4600687145745748
2021-09-08 00:00:00,1.0,3.0103023366739072,3.36851930518433
2021-09-08 04:00:00,1.0,2.9215098947019142,3.0704438747268092
2021-09-08 08:00:00,1.0,3.0066524178120178,3.3388927398526382
2021-09-08 12:00:00,1.0,2.98677358060151,3.272666289952076
2021-09-08 16:00:00,1.0,3.009389208890455,3.347007450066809
2021-09-08 20:00:00,1.0,2.984243523208609,3.2631072382907402
2021-09-09 00:00:00,1.0,2.981184642344242,3.253073081012396
2021-09-09 04:00:00,1.0,2.998934576241308,3.31117934319771
2021-09-09 08:00:00,1.0,3.0001108196245347,3.31507547966961
2021-09-09 12:00:00,1.0,3.046026435989029,3.467283591064876
2021-09-09 16:00:00,1.0,3.018360413933979,3.3728071185351496
2021-09-09 20:00:00,1.0,3.00672046494989,3.3337866265372256
2021-09-10 00:00:00,1.0,3.0277548073682725,3.4037538984567752
2021-09-10 04:00:00,1.0,2.991517438213198,3.2815414727036356
2021-09-10 08:00:00,1.0,3.0026194907741033,3.3180766225029026
2021-09-10 12:00:00,1.0,2.943580497819898,3.12235162011145
2021-09-10 16:00:00,1.0,2.9584160700120785,3.1695613426624476
2021-09-10 20:00:00,1.0,2.9066438633146854,3.00315961171351
2021-09-11 00:00:00,1.0,2.9287410372198392,3.0716523579792567
2021-09-11 04:00:00,1.0,2.919155463731523,3.041492419937155
2021-09-11 08:00:00,1.0,2.952276273972034,3.1450189650700953
2021-09-11 12:00:00,1.0,2.953504362793639,3.148943763032389
2021-09-11 16:00:00,1.0,2.939445824109165,3.103977300549208
2021-09-11 20:00:00,1.0,2.927562201564695,3.0663309241569756
2021-09-12 00:00:00,1.0,2.9368030028877903,3.0953673916101896
2021-09-12 04:00:00,1.0,2.939443231837246,3.1037157335880083
2021-09-12 08:00:00,1.0,2.986679610744448,3.2533443681784835
2021-09-12 12:00:00,1.0,2.973788890559463,3.2112193758310803
2021-09-12 16:00:00,1.0,2.9748180225112884,3.214553272673401
2021-09-12 20:00:00,1.0,2.982748430379352,3.240261788326804
2021-09-13 00:00:00,1.0,2.8915361025710147,2.9430005603149207
2021-09-13 04:00:00,1.0,2.881999134181178,2.913880429367873
2021-09-13 08:00:00,1.0,2.907183703941808,2.990269930055629
2021-09-13 12:00:00,1.0,2.8749144550266736,2.890695454009717
2021-09-13 16:00:00,1.0,2.899563720636039,2.965049165561468
2021-09-13 20:00:00,1.0,2.912464809908699,3.004626530642803
2021-09-14 00:00:00,1.0,2.92841505902603,3.05399146185699
2021-09-14 04:00:00,1.0,2.9629680995017638,3.1620956975617327
2021-09-14 08:00:00,1.0,2.9794147686915755,3.214751622436257
2021-09-14 12:00:00,1.0,3.0300042513259458,3.3785078974128426
2021-09-14 16:00:00,1.0,3.011888807088307,3.317910783007586
2021-09-14 20:00:00,1.0,3.053146758882418,3.454260640432925
2021-09-15 00:00:00,1.0,3.0508111218834397,3.4463331810674966
2021-09-15 04:00:00,1.0,3.057120711734176,3.4677159687847134
2021-09-15 08:00:00,1.0,3.082259268668244,3.5532605548828746
2021-09-15 12:00:00,1.0,3.1293906605627284,3.716261231773781
2021-09-15 16:00:00,1.0,3.1156153275854006,3.6671851577537864
2021-09-15 20:00:00,1.0,3.1185944960882597,3.677704905573168
2021-09-16 00:00:00,1.0,3.0857808700701446,3.561615269493996
2021-09-16 04:00:00,1.0,3.1329887339862377,3.7250775398657057
2021-09-16 08:00:00,1.0,3.103922237026973,3.621398627320334
2021-09-16 12:00:00,1.0,3.1120379923372417,3.649804994712217
2021-09-16 16:00:00,1.0,3.073787075969119,3.5152227184452323
2021-09-16 20:00:00,1.0,3.0937352564534586,3.5836617112873976
2021-09-17 00:00:00,1.0,3.1042346057932066,3.62014781604746
2021-09-17 04:00:00,1.0,3.092562901478111,3.5793133106846966
2021-09-17 08:00:00,1.0,3.072072936162709,3.5081684306043277
2021-09-17 12:00:00,1.0,3.080106386839551,3.5356899432496456
2021-09-17 16:00:00,1.0,3.078431779179906,3.529923038424806
2021-09-17 20:00:00,1.0,3.0653602480285747,3.484957124997096
2021-09-18 00:00:00,1.0,3.10583792597508,3.623012323162206
2021-09-18 04:00:00,1.0,3.1510367791539835,3.781187996809331
2021-09-18 08:00:00,1.0,3.1345207666903403,3.7217312346771085
2021-09-18 12:00:00,1.0,3.1376204758374304,3.7327724290508066
2021-09-18 16:00:00,1.0,3.127964911007302,3.698311257157291
2021-09-18 20:00:00,1.0,3.1296978447851234,3.7044579966643787
2021-09-19 00:00:00,1.0,3.1006734722445413,3.6013941474158506
2021-09-19 04:00:00,1.0,3.1209463347867303,3.6720341898108546
2021-09-19 08:00:00,1.0,3.0671586366723496,3.4821780577789703
2021-09-19 12:00:00,1.0,3.087831357158038,3.552587940863427
2021-09-19 16:00:00,1.0,3.07033352170509,3.4921935163972857
2021-09-19 20:00:00,1.0,3.0615865481825555,3.462347126087353
2021-09-20 00:00:00,1.0,2.951480446492913,3.088790273700355
2021-09-20 04:00:00,1.0,2.9049575904314033,2.9427286467514424
2021-09-20 08:00:00,1.0,2.8346331416780273,2.729012167107933
2021-09-20 12:00:00,1.0,2.8414462803490212,2.748689992138578
2021-09-20 16:00:00,1.0,2.841794292854141,2.749699948050725
2021-09-20 20:00:00,1.0,2.787704595061202,2.592689527290873
2021-09-21 00:00:00,1.0,2.7661492059871096,2.532547109466449
2021-09-21 04:00:00,1.0,2.8062036955428455,2.6425627386226513
2021-09-21 08:00:00,1.0,2.8054195332873615,2.640347434764987
2021-09-21 12:00:00,1.0,2.7914108958373274,2.600794345271372
2021-09-21 16:00:00,1.0,2.7227688315593532,2.4089301956170175
2021-09-21 20:00:00,1.0,2.639864735251267,2.188885608700124
2021-09-22 00:00:00,1.0,2.7252613010094286,2.401309349194534
2021-09-22 04:00:00,1.0,2.7568811858088647,2.484893031567908
2021-09-22 08:00:00,1.0,2.7172401636242016,2.3777026670016554
2021-09-22 12:00:00,1.0,2.801141636553106,2.5979549199519543
2021-09-22 16:00:00,1.0,2.8116364494169965,2.6271555683853585
2021-09-22 20:00:00,1.0,2.821921936323431,2.6559874334069513
2021-09-23 00:00:00,1.0,2.8563317537756423,2.75314679302195
2021-09-23 04:00:00,1.0,2.8664040263167427,2.782272028360931
2021-09-23 08:00:00,1.0,2.8286968389836207,2.6724707041701605
2021-09-23 12:00:00,1.0,2.835143819246062,2.6907434638851204
2021-09-23 16:00:00,1.0,2.901242864771542,2.8789408740228812
2021-09-23 20:00:00,1.0,2.9075738408656107,2.897787802769515
2021-09-24 00:00:00,1.0,2.8698413788812784,2.78497140591325
2021-09-24 04:00:00,1.0,2.904540882720433,2.8859914065682277
2021-09-24 08:00:00,1.0,2.6912643028603123,2.2502478571897053
2021-09-24 12:00:00,1.0,2.718256982284413,2.3179560554918965
2021-09-24 16:00:00,1.0,2.745956703874409,2.388817719212533
2021-09-24 20:00:00,1.0,2.7744159611366586,2.463091262485558
2021-09-25 00:00:00,1.0,2.7612951768188667,2.4281458653322736
2021-09-25 04:00:00,1.0,2.7459949398852133,2.387783059471161
2021-09-25 08:00:00,1.0,2.7533187561242416,2.4068883579830684
2021-09-25 12:00:00,1.0,2.765303477273551,2.43831866630874
2021-09-25 16:00:00,1.0,2.7650436020136757,2.437631227802688
2021-09-25 20:00:00,1.0,2.7653475458961734,2.4384350882903885
2021-09-26 00:00:00,1.0,2.7356504787926226,2.3598760255583895
2021-09-26 04:00:00,1.0,2.672071121572367,2.1953381191398256
2021-09-26 08:00:00,1.0,2.79081208102405,2.4880061014584864
2021-09-26 12:00:00,1.0,2.808968353544412,2.5365649963237713
2021-09-26 16:00:00,1.0,2.803058621637174,2.520555112401822
2021-09-26 20:00:00,1.0,2.7971197266708474,2.504534064585867
2021-09-27 00:00:00,1.0,2.8540103742722183,2.6573532987953046
2021-09-27 04:00:00,1.0,2.831281334086819,2.5938646473948794
2021-09-27 08:00:00,1.0,2.8351477076539404,2.60449112550778
2021-09-27 12:00:00,1.0,2.80569755445067,2.523328515402115
2021-09-27 16:00:00,1.0,2.787458329228901,2.474117697549074
2021-09-27 20:00:00,1.0,2.7314347965844203,2.324940062703565
2021-09-28 00:00:00,1.0,2.758073630891584,2.3929633153712393
2021-09-28 04:00:00,1.0,2.707320187058339,2.2608590148970915
2021-09-28 08:00:00,1.0,2.7284627568293374,2.3138269309493005
2021-09-28 12:00:00,1.0,2.6860590208470483,2.2059476065460957
2021-09-28 16:00:00,1.0,2.6960917612413846,2.2306660131278746
2021-09-28 20:00:00,1.0,2.6587986893473157,2.1381004826865837
2021-09-29 00:00:00,1.0,2.734846226429765,2.3215637246325453
2021-09-29 04:00:00,1.0,2.751064775690708,2.3628666636422375
2021-09-29 08:00:00,1.0,2.747806937956561,2.354472274409103
2021-09-29 12:00:00,1.0,2.702377372576871,2.2376926157139256
2021-09-29 16:00:00,1.0,2.670549457955939,2.15862768913087
2021-09-29 20:00:00,1.0,2.6910556249708337,2.2083536132672936
2021-09-30 00:00:00,1.0,2.825008036042946,2.538128614852596
2021-09-30 04:00:00,1.0,2.805284087079595,2.484965665979825
2021-09-30 08:00:00,1.0,2.7913771963023803,2.448008824858732
2021-09-30 12:00:00,1.0,2.796349821910916,2.4610916479775917
2021-09-30 16:00:00,1.0,2.8211896195063244,2.5266768096628396
2021-09-30 20:00:00,1.0,2.840099595087123,2.5774845218856597
2021-10-01 00:00:00,1.0,2.827895826960662,2.544258549624989
2021-10-01 04:00:00,1.0,2.902594086509295,2.745876675391996
2021-10-01 08:00:00,1.0,3.0775504067274606,3.2424068114509668
2021-10-01 12:00:00,1.0,3.06948844105951,3.216925338583807
2021-10-01 16:00:00,1.0,3.1126705066854656,3.3526940346567358
2021-10-01 20:00:00,1.0,3.1199035934073307,3.376066563151929
2021-10-02 00:00:00,1.0,3.079673477429085,3.2454668071150308
2021-10-02 04:00:00,1.0,3.0929050813714123,3.2872985776398376
2021-10-02 08:00:00,1.0,3.0902117108476177,3.278710619530239
2021-10-02 12:00:00,1.0,3.0996132330296886,3.308635628075673
2021-10-02 16:00:00,1.0,3.126279286192001,3.3940284628456574
2021-10-02 20:00:00,1.0,3.087065340805986,3.266311229741965
2021-10-03 00:00:00,1.0,3.104158781839577,3.3205690690545335
2021-10-03 04:00:00,1.0,3.1039857476889865,3.3200137767302147
2021-10-03 08:00:00,1.0,3.109097059845187,3.3364149088440347
2021-10-03 12:00:00,1.0,3.102937821765749,3.3165862190091997
2021-10-03 16:00:00,1.0,3.160936017544494,3.5025609576886754
2021-10-03 20:00:00,1.0,3.123688310409006,3.378740958752859
2021-10-04 00:00:00,1.0,3.0763002835945454,3.224969021950817
2021-10-04 04:00:00,1.0,3.100262597145387,3.30033005153676
2021-10-04 08:00:00,1.0,3.0838865673653673,3.248031607600794
2021-10-04 12:00:00,1.0,3.0950579632001047,3.283329644003521
2021-10-04 16:00:00,1.0,3.2001596839502047,3.617814748461261
2021-10-04 20:00:00,1.0,3.190110741856375,3.5837334389292814
2021-10-05 00:00:00,1.0,3.1954080495227606,3.6015862410636115
2021-10-05 04:00:00,1.0,3.206414188022665,3.638801729390134
2021-10-05 08:00:00,1.0,3.2323725509511023,3.7271783367563684
2021-10-05 12:00:00,1.0,3.2269618313882633,3.7084613883635127
2021-10-05 16:00:00,1.0,3.3174671170307057,4.020490511841012
2021-10-05 20:00:00,1.0,3.335734857243583,4.086907395813975
2021-10-06 00:00:00,1.0,3.3384450775348506,4.096868996324831
2021-10-06 04:00:00,1.0,3.3343091076881572,4.081642272888216
2021-10-06 08:00:00,1.0,3.3250138686547634,4.047506409040602
2021-10-06 12:00:00,1.0,3.563349293087445,4.917876455000418
2021-10-06 16:00:00,1.0,3.567613580394126,4.935532235911568
2021-10-06 20:00:00,1.0,3.5847880299251837,5.006811017134175
2021-10-07 00:00:00,1.0,3.5521215153384698,4.869936760894638
2021-10-07 04:00:00,1.0,3.5485558453139467,4.855271225843547
2021-10-07 08:00:00,1.0,3.5193681596424704,4.735464067748381
2021-10-07 12:00:00,1.0,3.493085762724163,4.62937171772247
2021-10-07 16:00:00,1.0,3.497153685432984,4.645545319761439
2021-10-07 20:00:00,1.0,3.4856478865207015,4.599693136733526
2021-10-08 00:00:00,1.0,3.487592090459918,4.6073899051451095
2021-10-08 04:00:00,1.0,3.553317200761088,4.8678743900232355
2021-10-08 08:00:00,1.0,3.5801037945676324,4.97796344198761
2021-10-08 12:00:00,1.0,3.520618930843367,4.729830850898779
2021-10-08 16:00:00,1.0,3.5440556612626417,4.824290182702741
2021-10-08 20:00:00,1.0,3.496419424411941,4.629757941893185
2021-10-09 00:00:00,1.0,3.53589648539773,4.7865777175861135
2021-10-09 04:00:00,1.0,3.5590305680704666,4.880528220743159
2021-10-09 08:00:00,1.0,3.550938143207468,4.8472365921695495
2021-10-09 12:00:00,1.0,3.562902126181426,4.896231184911523
2021-10-09 16:00:00,1.0,3.5421328435667565,4.8106061475475235
2021-10-09 20:00:00,1.0,3.561115402761286,4.88794735974111
2021-10-10 00:00:00,1.0,3.567559142683829,4.914481176800363
2021-10-10 04:00:00,1.0,3.6077173231163235,5.080440546164801
2021-10-10 08:00:00,1.0,3.5737702262016455,4.937026144084423
2021-10-10 12:00:00,1.0,3.58854747227565,4.998268735734587
2021-10-10 16:00:00,1.0,3.593553149351152,5.019185041917768
2021-10-10 20:00:00,1.0,3.542274770454319,4.804320537370858
2021-10-11 00:00:00,1.0,3.662043565721867,5.291641019372523
2021-10-11 04:00:00,1.0,3.680362503305144,5.371053434714353
2021-10-11 08:00:00,1.0,3.655590104779628,5.262596284582733
2021-10-11 12:00:00,1.0,3.7257544807420095,5.565622696461003
2021-10-11 16:00:00,1.0,3.725634588165758,5.5650854011182975
2021-10-11 20:00:00,1.0,3.7245341687361617,5.560154218557716
2021-10-12 00:00:00,1.0,3.6752810022760127,5.339572109066437
2021-10-12 04:00:00,1.0,3.7162026067886393,5.517928967748988
2021-10-12 08:00:00,1.0,3.7095501889766203,5.488295839929111
2021-10-12 12:00:00,1.0,3.6488301076829726,5.218788956948224
2021-10-12 16:00:00,1.0,3.585745874399238,4.9481077054488845
2021-10-12 20:00:00,1.0,3.628981729667512,5.127096130255031
2021-10-13 00:00:00,1.0,3.6471827188784767,5.204240267345161
2021-10-13 04:00:00,1.0,3.539268383096311,4.742284690953815
2021-10-13 08:00:00,1.0,3.578034513508327,4.8981135291892395
2021-10-13 12:00:00,1.0,3.6401233143751828,5.153101004342648
2021-10-13 16:00:00,1.0,3.7108223464208483,5.453353953138509
2021-10-13 20:00:00,1.0,3.7177715793675876,5.483991334902097
2021-10-14 00:00:00,1.0,3.7630708830833504,5.684450925076756
2021-10-14 04:00:00,1.0,3.7177910214069803,5.47925323447464
2021-10-14 08:00:00,1.0,3.7343245317060765,5.552354134386915
2021-10-14 12:00:00,1.0,3.7154586247479,5.468202211642536
2021-10-14 16:00:00,1.0,3.7479793240391728,5.611788598478508
2021-10-14 20:00:00,1.0,3.7165363617982057,5.470551487690963
2021-10-15 00:00:00,1.0,3.851578823212238,6.066878282001576
2021-10-15 04:00:00,1.0,3.8386038541898877,6.005565068861342
2021-10-15 08:00:00,1.0,3.8578184217211633,6.09574968282182
2021-10-15 12:00:00,1.0,3.8908938672030926,6.252537494687554
2021-10-15 16:00:00,1.0,3.982139246478397,6.692422396158227
2021-10-15 20:00:00,1.0,3.9967920635002914,6.766299401507191
2021-10-16 00:00:00,1.0,3.99572728780958,6.760891621214147
2021-10-16 04:00:00,1.0,4.000780273847604,6.786541037582584
2021-10-16 08:00:00,1.0,3.991921184564575,6.741457902149306
2021-10-16 12:00:00,1.0,3.949393667598155,6.52599964128437
2021-10-16 16:00:00,1.0,3.9424787822543417,6.491721058490653
2021-10-16 20:00:00,1.0,3.945150766534805,6.504920198609947
2021-10-17 00:00:00,1.0,3.9607225439519684,6.581946281092064
2021-10-17 04:00:00,1.0,3.9097643106371267,6.327898427043459
2021-10-17 08:00:00,1.0,3.949319139780484,6.519955227324679
2021-10-17 12:00:00,1.0,3.9379280489006154,6.463538361607978
2021-10-17 16:00:00,1.0,3.922073713844285,6.385470579595315
2021-10-17 20:00:00,1.0,3.987454051980234,6.704804882908464
2021-10-18 00:00:00,1.0,4.026049092445598,6.899494686774453
2021-10-18 04:00:00,1.0,4.010595911468727,6.820047712138388
2021-10-18 08:00:00,1.0,3.9488752132143627,6.505178214278327
2021-10-18 12:00:00,1.0,4.018217838978435,6.847872865857946
2021-10-18 16:00:00,1.0,3.9813816550100816,6.65954347597392
2021-10-18 20:00:00,1.0,4.0186591732726376,6.846602598954638
2021-10-19 00:00:00,1.0,4.056183605435473,7.038394087378735
2021-10-19 04:00:00,1.0,4.037272981786694,6.939951486185944
2021-10-19 08:00:00,1.0,4.02634201917244,6.883581492938672
2021-10-19 12:00:00,1.0,4.04368431831025,6.97252857852275
2021-10-19 16:00:00,1.0,4.159115594589406,7.569643345173055
2021-10-19 20:00:00,1.0,4.165819209771824,7.606245340164635
2021-10-20 00:00:00,1.0,4.13756863039905,7.45149966334285
2021-10-20 04:00:00,1.0,4.1476331261243935,7.505876225914971
2021-10-20 08:00:00,1.0,4.134096930231589,7.432387799249761
2021-10-20 12:00:00,1.0,4.334008404145557,8.51060605928822
2021-10-20 16:00:00,1.0,4.303015201082528,8.328023850957015
2021-10-20 20:00:00,1.0,4.277340043861236,8.178949321778829
2021-10-21 00:00:00,1.0,4.21691483349837,7.832321701635558
2021-10-21 04:00:00,1.0,4.218967912858183,7.843761613509495
2021-10-21 08:00:00,1.0,4.201288618370909,7.745155384935977
2021-10-21 12:00:00,1.0,4.080961836572806,7.079681260220663
2021-10-21 16:00:00,1.0,4.0700010628314836,7.022636778384151
2021-10-21 20:00:00,1.0,4.030538907409229,6.818365295592564
2021-10-22 00:00:00,1.0,4.098245809592441,7.1619796876552115
2021-10-22 04:00:00,1.0,4.106892980646095,7.20731435008346
2021-10-22 08:00:00,1.0,4.107247473831012,7.209180683463
2021-10-22 12:00:00,1.0,3.9331854874248857,6.29262209906843
2021-10-22 16:00:00,1.0,3.9553338587004387,6.398926262189529
2021-10-22 20:00:00,1.0,3.933009212934397,6.290576044086823
2021-10-23 00:00:00,1.0,3.968542780263475,6.461076489394301
2021-10-23 04:00:00,1.0,3.9454378606498275,6.348227017053344
2021-10-23 08:00:00,1.0,3.989002934451809,6.558516207970252
2021-10-23 12:00:00,1.0,3.982174890217281,6.524837236420152
2021-10-23 16:00:00,1.0,3.953734426926443,6.385037203259649
2021-10-23 20:00:00,1.0,3.9717980257257026,6.4725519965441
2021-10-24 00:00:00,1.0,3.9679750727132235,6.453862026414693
2021-10-24 04:00:00,1.0,3.9329832902152067,6.283120931401139
2021-10-24 08:00:00,1.0,3.906618588663473,6.1567644768121
2021-10-24 12:00:00,1.0,3.8793329825125302,6.027759522630573
2021-10-24 16:00:00,1.0,3.9300844821418353,6.264334601303138
2021-10-24 20:00:00,1.0,3.943637527802113,6.329142988961345
2021-10-25 00:00:00,1.0,4.023482095177852,6.713570574090691
2021-10-25 04:00:00,1.0,4.060836085462017,6.900556854181659
2021-10-25 08:00:00,1.0,4.067222147334363,6.933112255653445
2021-10-25 12:00:00,1.0,4.122157573840862,7.214046120329151
2021-10-25 16:00:00,1.0,4.062608551386602,6.901402035252168
2021-10-25 20:00:00,1.0,4.087933751898835,7.030466444102468
2021-10-26 00:00:00,1.0,4.067146323380733,6.923215206050131
2021-10-26 04:00:00,1.0,4.046053006776194,6.815498228111765
2021-10-26 08:00:00,1.0,4.065977208745284,6.916184029550439
2021-10-26 12:00:00,1.0,4.051370404549951,6.841645973349889
2021-10-26 16:00:00,1.0,4.018021474380572,6.672694568497385
2021-10-26 20:00:00,1.0,3.9097170016746032,6.1331135796622
2021-10-27 00:00:00,1.0,3.9347019664974736,6.250694182281439
2021-10-27 04:00:00,1.0,3.88516300205826,6.014600379406646
2021-10-27 08:00:00,1.0,3.79534531654232,5.5974615218384525
2021-10-27 12:00:00,1.0,3.8118801229773753,5.6706192466872585
2021-10-27 16:00:00,1.0,3.8276398401086635,5.740952535566155
2021-10-27 20:00:00,1.0,3.785588005039372,5.551735995412729
2021-10-28 00:00:00,1.0,3.813219031423516,5.673302444452753
2021-10-28 04:00:00,1.0,3.8231934456996752,5.717822207226879
2021-10-28 08:00:00,1.0,3.9506619366345,6.289733238050058
2021-10-28 12:00:00,1.0,3.96219819474183,6.344832854689652
2021-10-28 16:00:00,1.0,3.971952265904878,6.391691654886284
2021-10-28 20:00:00,1.0,3.9257294653179877,6.168545552668921
2021-10-29 00:00:00,1.0,3.9948847994359156,6.494539357758026
2021-10-29 04:00:00,1.0,3.925286186819847,6.155097082267953
2021-10-29 08:00:00,1.0,3.949385242714414,6.268463615225568
2021-10-29 12:00:00,1.0,4.037462865704755,6.6878539819027685
2021-10-29 16:00:00,1.0,4.053348308024113,6.7667942883800585
2021-10-29 20:00:00,1.0,4.034463607094524,6.672214047544254
2021-10-30 00:00:00,1.0,3.99728005868903,6.487731089086726
2021-10-30 04:00:00,1.0,3.9919166480887123,6.461616056976642
2021-10-30 08:00:00,1.0,3.991775369269129,6.460930003456788
2021-10-30 12:00:00,1.0,3.9776591525344585,6.392386150309287
2021-10-30 16:00:00,1.0,4.000578724705901,6.5028863843173115
2021-10-30 20:00:00,1.0,4.008896029157869,6.543445380600206
2021-10-31 00:00:00,1.0,3.998439452304783,6.4922427260475075
2021-10-31 04:00:00,1.0,3.976714269419999,6.386417569329563
2021-10-31 08:00:00,1.0,3.918725146592971,6.107034092598239
2021-10-31 12:00:00,1.0,3.9182339110643296,6.104737433346555
2021-10-31 16:00:00,1.0,3.9331213286948894,6.174322693765927
2021-10-31 20:00:00,1.0,3.972643754439261,6.360452886398804
2021-11-01 00:00:00,1.0,3.8834164588528632,5.931877324502113
2021-11-01 04:00:00,1.0,4.029577174527294,6.601654138986438
2021-11-01 08:00:00,1.0,4.005577921101606,6.4837002466685485
2021-11-01 12:00:00,1.0,3.988916093342522,6.402790351358001
2021-11-01 16:00:00,1.0,3.9814691441873435,6.366930042630969
2021-11-01 20:00:00,1.0,3.9474540001347926,6.2037450211756715
2021-11-02 00:00:00,1.0,3.958042782855745,6.253668420979577
2021-11-02 04:00:00,1.0,3.9869874430348187,6.390865250762649
2021-11-02 08:00:00,1.0,4.077209522970116,6.824724522015678
2021-11-02 12:00:00,1.0,4.148848901654382,7.184469849078721
2021-11-02 16:00:00,1.0,4.120160228327305,7.0354312265010694
2021-11-02 20:00:00,1.0,4.097085119840725,6.917224654568336
2021-11-03 00:00:00,1.0,4.096464270716136,6.914080063172921
2021-11-03 04:00:00,1.0,4.108402979038884,6.974531110519602
2021-11-03 08:00:00,1.0,4.089855273458759,6.880069917016429
2021-11-03 12:00:00,1.0,4.030334765995608,6.5796886867805275
2021-11-03 16:00:00,1.0,4.069866912759675,6.773302295026362
2021-11-03 20:00:00,1.0,4.0761194726281955,6.804519884457454
2021-11-04 00:00:00,1.0,4.045240329529601,6.649874459091218
2021-11-04 04:00:00,1.0,4.0085460724488104,6.468912007113549
2021-11-04 08:00:00,1.0,3.98219757259657,6.3413499504603275
2021-11-04 12:00:00,1.0,3.955483562403757,6.213729797925555
2021-11-04 16:00:00,1.0,3.9693736034134988,6.279190033334186
2021-11-04 20:00:00,1.0,3.978814009674354,6.3239916399550475
2021-11-05 00:00:00,1.0,4.031229099807649,6.573919827855625
2021-11-05 04:00:00,1.0,4.0263627573477905,6.550112489403294
2021-11-05 08:00:00,1.0,3.970040465364651,6.275236103158162
2021-11-05 12:00:00,1.0,3.939097811604042,6.12850778159563
2021-11-05 16:00:00,1.0,3.959092004914944,6.221829584063915
2021-11-05 20:00:00,1.0,3.9491396249500954,6.174908210157775
2021-11-06 00:00:00,1.0,3.960312316920792,6.227317357920149
2021-11-06 04:00:00,1.0,3.939662278814395,6.12990508551508
2021-11-06 08:00:00,1.0,3.9096301605653196,5.98971994677329
2021-11-06 12:00:00,1.0,3.9304409195306915,6.085368854442109
2021-11-06 16:00:00,1.0,3.9645817887713117,6.243946316813881
2021-11-06 20:00:00,1.0,3.9837134036011808,6.334339288115416
2021-11-07 00:00:00,1.0,4.0266433707830185,6.539122828149895
2021-11-07 04:00:00,1.0,4.002459417983106,6.42130124083754
2021-11-07 08:00:00,1.0,4.012279592080088,6.468565902033756
2021-11-07 12:00:00,1.0,4.014004100974173,6.476906621448262
2021-11-07 16:00:00,1.0,4.035232215718497,6.579666245123042
2021-11-07 20:00:00,1.0,4.100558764212128,6.899221747549613
2021-11-08 00:00:00,1.0,4.225402579829011,7.529373795559515
2021-11-08 04:00:00,1.0,4.273482743245833,7.786400326649119
2021-11-08 08:00:00,1.0,4.279660127228704,7.8201664051981075
2021-11-08 12:00:00,1.0,4.301837013495366,7.9417369989826785
2021-11-08 16:00:00,1.0,4.266556192678385,7.746338382653628
2021-11-08 20:00:00,1.0,4.376132822828581,8.343178750604897
2021-11-09 00:00:00,1.0,4.438617593231058,8.700563887046942
2021-11-09 04:00:00,1.0,4.397307147930587,8.457634082221746
2021-11-09 08:00:00,1.0,4.380614212908475,8.361314176816615
2021-11-09 12:00:00,1.0,4.3272211881937555,8.055579067907834
2021-11-09 16:00:00,1.0,4.329107714082775,8.066114969218434
2021-11-09 20:00:00,1.0,4.338663476444022,8.119528662927385
2021-11-10 00:00:00,1.0,4.308824482452908,7.952003408918282
2021-11-10 04:00:00,1.0,4.304884229136096,7.9301880103554785
2021-11-10 08:00:00,1.0,4.312685023408213,7.9732984137358764
2021-11-10 12:00:00,1.0,4.42945585620149,8.620956675928275
2021-11-10 16:00:00,1.0,4.319437243689112,7.97857594826821
2021-11-10 20:00:00,1.0,4.204822533064426,7.343450035851788
2021-11-11 00:00:00,1.0,4.195992606840485,7.297187354226664
2021-11-11 04:00:00,1.0,4.227243740959449,7.460232479944745
2021-11-11 08:00:00,1.0,4.22902463176777,7.469661219046831
2021-11-11 12:00:00,1.0,4.199454585988248,7.312973866687471
2021-11-11 16:00:00,1.0,4.2202180359911,7.4214469296607595
2021-11-11 20:00:00,1.0,4.197812381727591,7.303242818435085
2021-11-12 00:00:00,1.0,4.201206313737483,7.32095683754089
2021-11-12 04:00:00,1.0,4.179268564555345,7.206271695073545
2021-11-12 08:00:00,1.0,4.131640104520401,6.959895839015386
2021-11-12 12:00:00,1.0,4.092934244430501,6.7642916132573365
2021-11-12 16:00:00,1.0,4.1375906647103635,6.985699310868072
2021-11-12 20:00:00,1.0,4.155556405244682,7.0766966603692545
2021-11-13 00:00:00,1.0,4.132984845578359,6.961382080082199
2021-11-13 04:00:00,1.0,4.14957862619957,7.045231151424114
2021-11-13 08:00:00,1.0,4.1187461439955175,6.8881872799850505
2021-11-13 12:00:00,1.0,4.192286306064358,7.257152779110875
2021-11-13 16:00:00,1.0,4.143853593666559,7.0056311264490825
2021-11-13 20:00:00,1.0,4.172261653558409,7.149711787690023
2021-11-14 00:00:00,1.0,4.188969494144055,7.235604946869165
2021-11-14 04:00:00,1.0,4.188306520600783,7.232169485243542
2021-11-14 08:00:00,1.0,4.17647863190257,7.170897969920587
2021-11-14 12:00:00,0.8991535966446914,4.1521981169736755,7.045831057894091
2021-11-14 16:00:00,0.8991535966446914,4.158652225983895,7.078686832426626
2021-11-14 20:00:00,0.8991535966446914,4.246083077130457,7.52515043250268
2021-11-15 00:00:00,0.8991535966446914,4.258626432878302,7.591840582377031
2021-11-15 04:00:00,0.8991535966446914,4.250011017155654,7.545764554990168
2021-11-15 08:00:00,0.8991535966446914,4.259949139624949,7.598699052314464
2021-11-15 12:00:00,0.8991535966446914,4.166309797232489,7.097610547046834
2021-11-15 16:00:00,0.8991535966446914,4.16486719790959,7.090237829701496
2021-11-15 20:00:00,0.8991535966446914,4.122149148957127,6.872069197448961
2021-11-16 00:00:00,0.8991535966446914,3.947214214982293,5.997162738789869
2021-11-16 04:00:00,0.8991535966446914,3.9405948486372404,5.966991523063898
2021-11-16 08:00:00,0.8991535966446914,3.9256387358008284,5.89905025890903
2021-11-16 12:00:00,0.8991535966446914,3.9317726992290565,5.9267027463012845
2021-11-16 16:00:00,0.8991535966446914,3.9016589244145337,5.790523415337118
2021-11-16 20:00:00,0.8991535966446914,3.892223054629537,5.748511574225998
2021-11-17 00:00:00,0.8991535966446914,3.8261927043099093,5.455946455730723
2021-11-17 04:00:00,0.8991535966446914,3.8681881574649637,5.635596275934526
2021-11-17 08:00:00,0.8991535966446914,3.9378444481312296,5.940044805551671
2021-11-17 12:00:00,0.8991535966446914,3.8666645496445975,5.617930670393895
2021-11-17 16:00:00,0.8991535966446914,3.902178674934284,5.772727569221449
2021-11-17 20:00:00,0.8991535966446914,3.9107577988500664,5.810802410950144
2021-11-18 00:00:00,0.8991535966446914,3.878039438824973,5.664958611542226
2021-11-18 04:00:00,0.8991535966446914,3.8711822315313564,5.634908018100448
2021-11-18 08:00:00,0.8991535966446914,3.8374366837583773,5.487547563581675
2021-11-18 12:00:00,0.8991535966446914,3.7652775545543604,5.177984159971957
2021-11-18 16:00:00,0.8991535966446914,3.754128193030934,5.131986580888625
2021-11-18 20:00:00,0.8991535966446914,3.6869637237467643,4.856540082509533
2021-11-19 00:00:00,0.8991535966446914,3.6227000067399047,4.602591841453041
2021-11-19 04:00:00,0.8991535966446914,3.628391987805951,4.624286598596235
2021-11-19 08:00:00,0.8991535966446914,3.6933128457442654,4.872506185406964
2021-11-19 12:00:00,0.8991535966446914,3.7515346249760197,5.102938313374954
2021-11-19 16:00:00,0.8991535966446914,3.76093614715809,5.141302923495465
2021-11-19 20:00:00,0.8991535966446914,3.7621797896112086,5.146403203582509
2021-11-20 00:00:00,0.8991535966446914,3.792046650525451,5.268970638382769
2021-11-20 04:00:00,0.8991535966446914,3.7834247541230055,5.233030796515028
2021-11-20 08:00:00,0.8991535966446914,3.7993419517733704,5.299078246308607
2021-11-20 12:00:00,0.8991535966446914,3.7321178602350646,5.017798704519358
2021-11-20 16:00:00,0.8991535966446914,3.8514705958596207,5.499204724874797
2021-11-20 20:00:00,0.8991535966446914,3.8694525380934333,5.576229626844121
2021-11-21 00:00:00,0.8991535966446914,3.8025174848740906,5.286851305367155
2021-11-21 04:00:00,0.8991535966446914,3.8224825151259036,5.370126777473488
2021-11-21 08:00:00,0.8991535966446914,3.8036995608691346,5.290963423384728
2021-11-21 12:00:00,1.1202122196636222,3.836514483023209,5.4279005421660695
2021-11-21 16:00:00,1.1202122196636222,3.8439588399064686,5.459497369657424
2021-11-21 20:00:00,1.1202122196636222,3.7991054069607664,5.268384085629809
2021-11-22 00:00:00,1.1202122196636222,3.7188337627863794,4.934435584026642
2021-11-22 04:00:00,1.1202122196636222,3.7108074408573146,4.902485754271985
2021-11-22 08:00:00,1.1202122196636222,3.7056857596134387,4.882186423409733
2021-11-22 12:00:00,1.1202122196636222,3.7714179986623857,5.1419901946004405
2021-11-22 16:00:00,1.1202122196636222,3.628728983155415,4.558359168651374
2021-11-22 20:00:00,1.1202122196636222,3.645199630860477,4.620429768298121
2021-11-23 00:00:00,1.1202122196636222,3.6906058657928966,4.793092179792906
2021-11-23 04:00:00,1.1202122196636222,3.6296174843556375,4.555470273182985
2021-11-23 08:00:00,1.1202122196636222,3.6388699509023685,4.590308106499244
2021-11-23 12:00:00,1.1202122196636222,3.6864096256240884,4.770217053947063
2021-11-23 16:00:00,1.1202122196636222,3.744420134694448,4.995413991709018
2021-11-23 20:00:00,1.1202122196636222,3.7290654600504967,4.933960185408946
2021-11-24 00:00:00,1.1202122196636222,3.6551027576588666,4.6403780270518125
2021-11-24 04:00:00,1.1202122196636222,3.661420124325361,4.664438885045424
2021-11-24 08:00:00,1.1202122196636222,3.668948081978007,4.693209441720982
2021-11-24 12:00:00,1.1202122196636222,3.6763295762672317,4.721536006653067
2021-11-24 16:00:00,1.1202122196636222,3.6826547197494826,4.745906285823482
2021-11-24 20:00:00,1.1202122196636222,3.7029496166029827,4.824369529768641
2021-11-25 00:00:00,1.1202122196636222,3.742591934923605,4.979312922790702
2021-11-25 04:00:00,1.1202122196636222,3.736039967648446,4.953161825457483
2021-11-25 08:00:00,1.1202122196636222,3.7594417023968143,5.046238382621343
2021-11-25 12:00:00,1.1202122196636222,3.826744210160669,5.3172556172081515
2021-11-25 16:00:00,1.1202122196636222,3.8141282707990936,5.264666128008498
2021-11-25 20:00:00,1.1202122196636222,3.821032138987251,5.293254490870358
2021-11-26 00:00:00,1.1202122196636222,3.7523725768738236,5.007913366578413
2021-11-26 04:00:00,1.1202122196636222,3.6912565260445556,4.763217072495032
2021-11-26 08:00:00,1.1202122196636222,3.4813758223982663,3.950723540489116
2021-11-26 12:00:00,1.1202122196636222,3.5217018524375128,4.088011501598214
2021-11-26 16:00:00,1.1202122196636222,3.520743359895479,4.084673630846903
2021-11-26 20:00:00,1.1202122196636222,3.481844375547617,3.949284902339447
2021-11-27 00:00:00,1.1202122196636222,3.5220595859623294,4.086127310734206
2021-11-27 04:00:00,1.1202122196636222,3.525137260798109,4.096839030022115
2021-11-27 08:00:00,1.1202122196636222,3.5388225123262536,4.144553148748498
2021-11-27 12:00:00,1.1202122196636222,3.557777852665634,4.211152772110961
2021-11-27 16:00:00,1.1202122196636222,3.560220420881269,4.219826187094954
2021-11-27 20:00:00,1.1202122196636222,3.5462947361326416,4.170309054253267
2021-11-28 00:00:00,1.1202122196636222,3.508465712019328,4.036852531167972
2021-11-28 04:00:00,1.1202122196636222,3.532982123692847,4.121478530088543
2021-11-28 08:00:00,1.1202122196636222,3.531522674602475,4.11637087212612
2021-11-28 12:00:00,1.1202122196636222,3.5187589757415196,4.071738465892675
2021-11-28 16:00:00,1.1202122196636222,3.539607970717696,4.144114825346349
2021-11-28 20:00:00,1.1202122196636222,3.711801577138235,4.748919156589156
2021-11-29 00:00:00,1.1202122196636222,3.717254421119757,4.769848439610024
2021-11-29 04:00:00,1.1202122196636222,3.7273714103514592,4.808793720051051
2021-11-29 08:00:00,1.1202122196636222,3.686423883119643,4.650310818730458
2021-11-29 12:00:00,1.1202122196636222,3.7021486045800254,4.709819582220936
2021-11-29 16:00:00,1.1202122196636222,3.751060887282832,4.896496065115067
2021-11-29 20:00:00,1.1202122196636222,3.7442937614383993,4.86999539818502
2021-11-30 00:00:00,1.1202122196636222,3.7000093321789076,4.697200489094774
2021-11-30 04:00:00,1.1202122196636222,3.6622373380478113,4.553344666005116
2021-11-30 08:00:00,1.1202122196636222,3.7330303399505387,4.817400412137699
2021-11-30 12:00:00,1.1202122196636222,3.709465940139256,4.726172263134104
2021-11-30 16:00:00,1.1202122196636222,3.7348151191667394,4.82306323510654
2021-11-30 20:00:00,1.1202122196636222,3.6907834364193457,4.652478413532124
2021-12-01 00:00:00,1.1202122196636222,3.717448193445699,4.753316521704257
2021-12-01 04:00:00,1.1202122196636222,3.704607374495154,4.7040597678556475
2021-12-01 08:00:00,1.1202122196636222,3.704222422115189,4.702593346056997
2021-12-01 12:00:00,1.1202122196636222,3.798617411772024,5.062103008012886
2021-12-01 16:00:00,1.1202122196636222,3.721718313364198,4.754671817792959
2021-12-01 20:00:00,1.1202122196636222,3.705916471814226,4.69410900968057
2021-12-02 00:00:00,1.1202122196636222,3.6486305027452146,4.476424731920673
2021-12-02 04:00:00,1.1202122196636222,3.681702059819265,4.5981490357914145
2021-12-02 08:00:00,1.1202122196636222,3.6495429824606864,4.477656751397645
2021-12-02 12:00:00,1.1202122196636222,3.6629327149900703,4.526940697262433
2021-12-02 16:00:00,1.1202122196636222,3.6691198199926363,4.5498802320126055
2021-12-02 20:00:00,1.2666556752092475,3.6603099838760667,4.517106405187187
2021-12-03 00:00:00,1.2666556752092475,3.6501139303508365,4.479358242690569
2021-12-03 04:00:00,1.2666556752092475,3.67672878614275,4.577342148900918
2021-12-03 08:00:00,1.2666556752092475,3.6913803070286844,4.632063365502033
2021-12-03 12:00:00,1.2666556752092475,3.627581254763298,4.391892024562535
2021-12-03 16:00:00,1.2666556752092475,3.4891105137364478,3.888954805152873
2021-12-03 20:00:00,1.2666556752092475,3.473712418537854,3.8374667573449703
2021-12-04 00:00:00,1.2666556752092475,3.3699534946417726,3.4935942314235278
2021-12-04 04:00:00,1.2666556752092475,3.061650706912551,2.5347517644976496
2021-12-04 08:00:00,1.2666556752092475,3.012846651562361,2.4135365992919326
2021-12-04 12:00:00,1.2666556752092475,3.1239293916974704,2.680495681387956
2021-12-04 16:00:00,1.2666556752092475,3.191734800213602,2.855037498996205
2021-12-04 20:00:00,1.2666556752092475,3.185414193207209,2.8380759675884626
2021-12-05 00:00:00,1.2666556752092475,3.186601453746091,2.841249371797421
2021-12-05 04:00:00,1.2666556752092475,3.1942739305582184,2.8617722582383602
2021-12-05 08:00:00,1.2666556752092475,3.1912539337726358,2.8536553497870183
2021-12-05 12:00:00,1.2666556752092475,3.1075877095203768,2.6292094986682177
2021-12-05 16:00:00,1.2666556752092475,3.1692111975777797,2.7856212320959424
2021-12-05 20:00:00,1.2666556752092475,3.2012179789611204,2.8700196179093873
2021-12-06 00:00:00,1.2666556752092475,3.17673008227871,2.8041564892423443
2021-12-06 04:00:00,1.2666556752092475,3.1374694759981536,2.7001883701181915
2021-12-06 08:00:00,1.2666556752092475,3.1481703744796,2.7278167902674184
2021-12-06 12:00:00,1.2666556752092475,3.1718183750602686,2.7892881263454714
2021-12-06 16:00:00,1.2666556752092475,3.1822082009114414,2.816698476927972
2021-12-06 20:00:00,1.2666556752092475,3.268979318854629,3.0471121334089437
2021-12-07 00:00:00,1.2666556752092475,3.3015842669832676,3.138288237655533
2021-12-07 04:00:00,1.2666556752092475,3.299137162291774,3.131310024244694
2021-12-07 08:00:00,1.2666556752092475,3.334711557903576,3.2326042015758683
2021-12-07 12:00:00,1.2666556752092475,3.352724607400417,3.284988695834755
2021-12-07 16:00:00,1.2666556752092475,3.29766021536595,3.123132957689454
2021-12-07 20:00:00,1.2666556752092475,3.278507862360729,3.0687167889685014
2021-12-08 00:00:00,1.2666556752092475,3.2475276206572956,2.981723322581169
2021-12-08 04:00:00,1.6789808615610928,3.271507432043591,3.047774643370683
2021-12-08 08:00:00,1.6789808615610928,3.1876202166102408,2.8133237059252827
2021-12-08 12:00:00,1.6789808615610928,3.281822730077093,3.0627469241427923
2021-12-08 16:00:00,1.6789808615610928,3.267766783664538,3.0233939698411225
2021-12-08 20:00:00,1.6789808615610928,3.270876213831325,3.032024664475973
2021-12-09 00:00:00,1.6789808615610928,3.2088016704600233,2.859399776616879
2021-12-09 04:00:00,1.6789808615610928,3.241434485511791,2.9466381979830967
2021-12-09 08:00:00,1.6789808615610928,3.185936535998879,2.795286339407435
2021-12-09 12:00:00,1.6789808615610928,3.1408024896179496,2.676486813555074
2021-12-09 16:00:00,1.6789808615610928,3.0856804195332863,2.5355672611109408
2021-12-09 20:00:00,1.6789808615610928,3.081277445678941,2.524713217750584
2021-12-10 00:00:00,1.6789808615610928,3.1349303456535376,2.6565983090394014
2021-12-10 04:00:00,1.6789808615610928,3.090935602780989,2.544752417773702
2021-12-10 08:00:00,1.6789808615610928,3.1568039361056814,2.7074396639899527
2021-12-10 12:00:00,1.6789808615610928,3.1093796174843553,2.585418958359937
2021-12-10 16:00:00,1.6789808615610928,3.1171318066579903,2.604756568421063
2021-12-10 20:00:00,1.6789808615610928,3.0550274521596212,2.449068517346366
2021-12-11 00:00:00,1.6789808615610928,3.129973273676515,2.629309894739489
2021-12-11 04:00:00,1.6789808615610928,3.1121364986701643,2.584358959143142
2021-12-11 08:00:00,1.6789808615610928,3.1263084492510926,2.619664679957129
2021-12-11 12:00:00,1.6789808615610928,3.159138276968701,2.7021931394968437
2021-12-11 16:00:00,1.6789808615610928,3.1371188712211158,2.6456897370525403
2021-12-11 20:00:00,1.6789808615610928,3.2008071038619668,2.806824182751749
2021-12-12 00:00:00,1.6789808615610928,3.195344538860748,2.7924536264691406
2021-12-12 04:00:00,1.6789808615610928,3.1950535563378457,2.79169074610544
2021-12-12 08:00:00,1.6789808615610928,3.183590529912226,2.76164315138082
2021-12-12 12:00:00,1.6789808615610928,3.215924585625334,2.845788825277142
2021-12-12 16:00:00,1.6789808615610928,3.2546654413861393,2.948634795203085
2021-12-12 20:00:00,1.6789808615610928,3.243832985104805,2.9191930985827517
2021-12-13 00:00:00,1.6789808615610928,3.167314950669065,2.7126125633940266
2021-12-13 04:00:00,1.6789808615610928,3.1586839813149035,2.6904368629010067
2021-12-13 08:00:00,1.6789808615610928,3.1656345103976022,2.7081973857371415
2021-12-13 12:00:00,1.6789808615610928,3.0622521139977494,2.442866753213025
2021-12-13 16:00:00,1.6789808615610928,3.0290282609484604,2.363355227375473
2021-12-13 20:00:00,1.6789808615610928,3.026655684074637,2.3578017216230913
2021-12-14 00:00:00,1.6789808615610928,3.0428087784696265,2.395552094724111
2021-12-14 04:00:00,1.6789808615610928,3.0459195047723724,2.4028991619766296
2021-12-14 08:00:00,1.6789808615610928,3.0862293331121258,2.4982993712585095
2021-12-14 12:00:00,1.6789808615610928,3.0364486393164696,2.377407114798984
2021-12-14 16:00:00,1.6789808615610928,3.0368076689772447,2.378250428588882
2021-12-14 20:00:00,1.6789808615610928,3.1329731803547256,2.6041840670461256
2021-12-15 00:00:00,1.6789808615610928,3.127732254602578,2.5911150097437243
2021-12-15 04:00:00,1.6789808615610928,3.12430397498976,2.5825947151283843
2021-12-15 08:00:00,1.6789808615610928,3.1193157957497104,2.5702248124749394
2021-12-15 12:00:00,1.6789808615610928,3.0220906932253557,2.329892905801037
2021-12-15 16:00:00,1.6789808615610928,3.1544644106988238,2.6360550464151395
2021-12-15 20:00:00,1.6789808615610928,3.1667828868576993,2.6669371649129237
2021-12-16 00:00:00,1.6789808615610928,3.163841954365644,2.6595069597715053
2021-12-16 04:00:00,1.6789808615610928,3.156883648467189,2.6419596265936023
2021-12-16 08:00:00,1.6789808615610928,3.188999305271125,2.722591298304468
2021-12-16 12:00:00,1.6789808615610928,3.148690773067331,2.619351709467858
2021-12-16 16:00:00,1.6789808615610928,3.102042839885732,2.5029344246387097
2021-12-16 20:00:00,1.6789808615610928,3.086902027675094,2.466284582529767
2021-12-17 00:00:00,1.6789808615610928,3.0955660484962224,2.4870509762626702
2021-12-17 04:00:00,1.6789808615610928,3.0463893540576823,2.3685218181087144
2021-12-17 08:00:00,1.6789808615610928,3.0532057330685753,2.384420714012773
2021-12-17 12:00:00,1.6789808615610928,3.0153844857710186,2.2958104728069264
2021-12-17 16:00:00,1.6789808615610928,3.030732679735173,2.33086724046742
2021-12-17 20:00:00,1.6789808615610928,2.9896153586926646,2.2360000646773015
2021-12-18 00:00:00,1.6789808615610928,2.999456270964999,2.2580807785859753
2021-12-18 04:00:00,1.6789808615610928,3.0047075658048223,2.269940776068131
2021-12-18 08:00:00,1.6789808615610928,3.050484495621652,2.373688895296431
2021-12-18 12:00:00,1.6789808615610928,3.036752583198967,2.3416330483556953
2021-12-18 16:00:00,1.6789808615610928,3.022827546518319,2.3094203554895993
2021-12-18 20:00:00,1.6789808615610928,3.0351926835717356,2.337761005530125
2021-12-19 00:00:00,1.6789808615610928,3.0920865715130046,2.469223149665485
2021-12-19 04:00:00,1.6789808615610928,3.079300838340738,2.4385925438228817
2021-12-19 08:00:00,1.6789808615610928,3.0558167989589435,2.382799356010015
2021-12-19 12:00:00,1.6789808615610928,3.0614601749265096,2.396000768436787
2021-12-19 16:00:00,1.6789808615610928,3.02478795215703,2.3098980570682803
2021-12-19 20:00:00,1.6789808615610928,3.0252610417822394,2.310981890536981
2021-12-20 00:00:00,1.6789808615610928,3.0256492345021027,2.3118715060114
2021-12-20 04:00:00,1.6789808615610928,3.0089271364209025,2.2735398894771883
2021-12-20 08:00:00,1.6789808615610928,2.987113816290874,2.22409357404077
2021-12-20 12:00:00,1.6789808615610928,2.97943291459501,2.2069368349723315
2021-12-20 16:00:00,1.6789808615610928,3.019060327352099,2.2949957368457703
2021-12-20 20:00:00,1.6789808615610928,3.040356489234296,2.3435617760415006
2021-12-21 00:00:00,1.6789808615610928,3.106090672487182,2.49556906840632
2021-12-21 04:00:00,1.6789808615610928,3.1482993400075703,2.597305935924918
2021-12-21 08:00:00,1.6789808615610928,3.1669086120457703,2.643363156831945
2021-12-21 12:00:00,1.6789808615610928,3.137847299630343,2.5705922512529877
2021-12-21 16:00:00,1.6789808615610928,3.150892908062485,2.6026539834658604
2021-12-21 20:00:00,1.6789808615610928,3.16839657612725,2.646028346933552
2021-12-22 00:00:00,1.6789808615610928,3.1916699934156303,2.704337450982332
2021-12-22 04:00:00,1.6789808615610928,3.1889105199579024,2.6973230534110417
2021-12-22 08:00:00,1.6789808615610928,3.1743659302886247,2.660415661273367
2021-12-22 12:00:00,1.6789808615610928,3.1677096240687272,2.6436798390311886
2021-12-22 16:00:00,1.6789808615610928,3.1711255903899302,2.652232442362211
2021-12-22 20:00:00,1.6789808615610928,3.1488430690425715,2.596323184595009
2021-12-23 00:00:00,1.6789808615610928,3.144692193632344,2.5860555905984475
2021-12-23 04:00:00,1.6789808615610928,3.1191252637636686,2.5229802580855796
2021-12-23 08:00:00,1.6789808615610928,3.133717810463447,2.558390865988811
2021-12-23 12:00:00,1.6789808615610928,3.1638244565301927,2.632128745046271
2021-12-23 16:00:00,1.6789808615610928,3.3122747963770407,3.0026364126726603
2021-12-23 20:00:00,1.6789808615610928,3.2947004889024836,2.9548421394363373
2021-12-24 00:00:00,1.6789808615610928,3.3070902525391297,2.9881773052408143
2021-12-24 04:00:00,1.6789808615610928,3.30480646097853,2.981986629822104
2021-12-24 08:00:00,1.6789808615610928,3.3047500790642927,2.98183400655983
2021-12-24 12:00:00,1.6789808615610928,3.3023392661796644,2.9753082690569754
2021-12-24 16:00:00,1.6789808615610928,3.3133382759317915,3.0050375991128786
2021-12-24 20:00:00,1.6789808615610928,3.2934814730325948,2.9510101189635907
2021-12-25 00:00:00,1.4370016262250338,3.295045909135684,2.9552153954849465
2021-12-25 04:00:00,1.4370016262250338,3.299908363187664,2.9682983079576455
2021-12-25 08:00:00,1.4370016262250338,3.284600997506234,2.926990953948954
2021-12-25 12:00:00,1.4370016262250338,3.283106552744956,2.9229957414704004
2021-12-25 16:00:00,1.4370016262250338,3.297962863112488,2.9626760849870784
2021-12-25 20:00:00,1.4370016262250338,3.266240583572254,2.877184365229115
2021-12-26 00:00:00,1.4370016262250338,3.2193139811593667,2.7531734572867355
2021-12-26 04:00:00,1.4370016262250338,3.235828697487051,2.7955438618953834
2021-12-26 08:00:00,1.4370016262250338,3.2240662636547914,2.7650579467482745
2021-12-26 12:00:00,1.4370016262250338,3.2435374661060434,2.8151552450056125
2021-12-26 16:00:00,1.4370016262250338,3.2625368750680463,2.864625571478148
2021-12-26 20:00:00,1.4370016262250338,3.290596922454777,2.9385387859725354
2021-12-27 00:00:00,1.4370016262250338,3.305731253985617,2.979084153197244
2021-12-27 04:00:00,1.4370016262250338,3.285369606130204,2.9240351569554206
2021-12-27 08:00:00,1.4370016262250338,3.2895574214152763,2.9352168387073343
2021-12-27 12:00:00,1.4370016262250338,3.3343466956309844,3.055110990135339
2021-12-27 16:00:00,1.4370016262250338,3.3184087598052683,3.0113013620318614
2021-12-27 20:00:00,1.4370016262250338,3.285797979064812,2.9225230689685127
2021-12-28 00:00:00,1.4370016262250338,3.229197017850384,2.771493441527414
2021-12-28 04:00:00,1.4370016262250338,3.19025266874394,2.6712202087053614
2021-12-28 08:00:00,1.4370016262250338,3.1885197349661185,2.6668672170696044
2021-12-28 12:00:00,1.6035262883782815,3.171481379710806,2.624114747422122
2021-12-28 16:00:00,1.6035262883782815,3.0906011997034435,2.4233515887708528
2021-12-28 20:00:00,1.6035262883782815,3.0811575531026896,2.401137196312916
2021-12-29 00:00:00,1.6035262883782815,3.110791757612206,2.4704187466763092
2021-12-29 04:00:00,1.6035262883782815,3.0828613238214233,2.4038763298745027
2021-12-29 08:00:00,1.6035262883782815,3.0937436813371972,2.4293330457928564
2021-12-29 12:00:00,1.6035262883782815,3.108092554476594,2.4631349976782433
2021-12-29 16:00:00,1.6035262883782815,3.055550443019271,2.3382175655418904
2021-12-29 20:00:00,1.6035262883782815,3.0112258335450357,2.236461189015475
2021-12-30 00:00:00,1.6035262883782815,3.0137753329773282,2.242141789057047
2021-12-30 04:00:00,1.6035262883782815,3.0446693816394568,2.311094013312684
2021-12-30 08:00:00,1.6035262883782815,3.079324168788009,2.390009449840494
2021-12-30 12:00:00,1.6035262883782815,3.0562503564373893,2.3362834113927136
2021-12-30 16:00:00,1.6035262883782815,3.082104380421089,2.3955740325523722
2021-12-30 20:00:00,1.6035262883782815,3.053752702443476,2.329464775538977
2021-12-31 00:00:00,1.6035262883782815,3.059000756943401,2.341474744212506
2021-12-31 04:00:00,1.6035262883782815,3.058303435797202,2.3398734763650975
2021-12-31 08:00:00,1.6035262883782815,3.109155385963367,2.456592237514676
2021-12-31 12:00:00,1.6035262883782815,3.1110743152513733,2.4611407655308746
2021-12-31 16:00:00,1.6035262883782815,2.96350340365303,2.110915007926087
2021-12-31 20:00:00,1.6035262883782815,2.995171245482967,2.178586388871736
2022-01-01 00:00:00,1.8202162449457793,3.033813594910852,2.262907807846939
2022-01-01 04:00:00,1.8202162449457793,3.0585393325418266,2.31823625469064
2022-01-01 08:00:00,1.8202162449457793,3.0302926415769313,2.254007062958674
2022-01-01 12:00:00,1.8202162449457793,3.0601147858005717,2.320554421577158
2022-01-01 16:00:00,1.8202162449457793,3.0672914906081994,2.33688119547888
2022-01-01 20:00:00,1.8202162449457793,3.092752137328198,2.3950743995420174
2022-01-02 00:00:00,1.8202162449457793,3.067271400500828,2.335876386497147
2022-01-02 04:00:00,1.8202162449457793,3.057160243880943,2.312775973552234
2022-01-02 08:00:00,1.8202162449457793,3.0611815056952225,2.321902362389107
2022-01-02 12:00:00,1.8202162449457793,3.0679842752785413,2.3373820391775393
2022-01-02 16:00:00,1.8202162449457793,3.0399365411834256,2.2732764923123105
2022-01-02 20:00:00,1.8202162449457793,3.064465914216539,2.328305976972831
2022-01-03 00:00:00,1.8202162449457793,3.0325213473592543,2.255493883745839
2022-01-03 04:00:00,1.8202162449457793,3.0492486299842922,2.2928175619636186
2022-01-03 08:00:00,1.8202162449457793,3.0704164744065006,2.340567691254063
2022-01-03 12:00:00,1.8202162449457793,3.0260529808534806,2.2391132854297577
2022-01-03 16:00:00,1.8202162449457793,3.0044438021370703,2.1911444632141994
2022-01-03 20:00:00,1.8202162449457793,3.0100230193746413,2.2033512526543726
2022-01-04 00:00:00,1.8202162449457793,3.0014600971583527,2.184546952550819
2022-01-04 04:00:00,1.8202162449457793,3.016756445684128,2.2179462886826973
2022-01-04 08:00:00,1.8202162449457793,3.0286659909477875,2.2442143008935163
2022-01-04 12:00:00,1.8053452628437432,3.041081677303624,2.2718140371719198
2022-01-04 16:00:00,1.8053452628437432,2.9845059907404066,2.1450208899938565
2022-01-04 20:00:00,1.8053452628437432,2.970225812806862,2.1142305882735877
2022-01-05 00:00:00,1.8053452628437432,3.0084968192823576,2.1959554175969638
2022-01-05 04:00:00,1.8053452628437432,3.0075221250408304,2.1938210775307248
2022-01-05 08:00:00,1.8053452628437432,2.9986747009814363,2.1744599577353836
2022-01-05 12:00:00,1.8053452628437432,3.021456882741174,2.224020794031017
2022-01-05 16:00:00,1.8053452628437432,2.8959520377849577,1.9468776186357437
2022-01-05 20:00:00,1.8053452628437432,2.8159286036468103,1.7854842348463884
2022-01-06 00:00:00,1.8053452628437432,2.775999191211164,1.7095306013080271
2022-01-06 04:00:00,1.8053452628437432,2.8025861800799485,1.758649424409693
2022-01-06 08:00:00,1.8053452628437432,2.7788079178353517,1.7138861687705071
2022-01-06 12:00:00,1.8053452628437432,2.7834526210461403,1.722480313626567
2022-01-06 16:00:00,1.8053452628437432,2.8150841710692114,1.781203844746442
2022-01-06 20:00:00,1.8053452628437432,2.7920265604180847,1.7374357345444074
2022-01-07 00:00:00,2.3540752742664752,2.7091257044498973,1.5826719028258298
2022-01-07 04:00:00,2.3540752742664752,2.702878329125215,1.5717227482223268
2022-01-07 08:00:00,2.3540752742664752,2.73864584899498,1.634119146929254
2022-01-07 12:00:00,2.3540752742664752,2.6777592142305395,1.5251280383886885
2022-01-07 16:00:00,2.3540752742664752,2.7073286119420814,1.5756521302732134
2022-01-07 20:00:00,2.3540752742664752,2.6937904718453383,1.5520147345142234
2022-01-08 00:00:00,2.3540752742664752,2.7096311974740934,1.5793944136372071
2022-01-08 04:00:00,2.3540752742664752,2.7162849114220715,1.591029397744092
2022-01-08 08:00:00,2.3540752742664752,2.7180113645200956,1.594063141687408
2022-01-08 12:00:00,2.3540752742664752,2.696826670330414,1.5567898536322051
2022-01-08 16:00:00,2.3540752742664752,2.646130904547366,1.4689948299533266
2022-01-08 20:00:00,2.3540752742664752,2.7011304897838593,1.5605935935176776
2022-01-09 00:00:00,2.3540752742664752,2.711120457691533,1.5779088768501128
2022-01-09 04:00:00,2.3540752742664752,2.7083739455934,1.5731133549753191
2022-01-09 08:00:00,2.3540752742664752,2.712658323007453,1.580578880190662
2022-01-09 12:00:00,2.3540752742664752,2.6973308672186502,1.5537864315788752
2022-01-09 16:00:00,2.3540752742664752,2.766943089262294,1.67408594032435
2022-01-09 20:00:00,2.3540752742664752,2.7131119705932703,1.5763774772206463
2022-01-10 00:00:00,2.3540752742664752,2.7197851265806405,1.5880092265710097
2022-01-10 04:00:00,2.3540752742664752,2.7246320270011073,1.5964991501088102
2022-01-10 08:00:00,2.3540752742664752,2.6937165920956474,1.5421544183475795
2022-01-10 12:00:00,2.3540752742664752,2.6560631944048434,1.4774846378089779
2022-01-10 16:00:00,2.3540752742664752,2.6763360569470325,1.5113161103058614
2022-01-10 20:00:00,2.3540752742664752,2.7103816601946304,1.5689923522781097
2022-01-11 00:00:00,2.3540752742664752,2.7399005086037533,1.6202561813714391
2022-01-11 04:00:00,2.3540752742664752,2.7355629896153615,1.6125611297474598
2022-01-11 08:00:00,2.3540752742664752,2.7095715752199565,1.5665968312974194
2022-01-11 12:00:00,2.3540752742664752,2.7046423701660633,1.558047054917051
2022-01-11 16:00:00,2.3540752742664752,2.7848809628734843,1.6967147447057127
2022-01-11 20:00:00,2.3540752742664752,2.769148464597345,1.6679592300334019
2022-01-12 00:00:00,2.3540752742664752,2.761094923813131,1.6534064050145736
2022-01-12 04:00:00,2.3540752742664752,2.7582855491209632,1.648359452731201
2022-01-12 08:00:00,2.3540752742664752,2.782539493262688,1.6918421350496808
2022-01-12 12:00:00,2.3540752742664752,2.82300291371364,1.765649949615735
2022-01-12 16:00:00,2.3540752742664752,2.8348508925192246,1.787880939615256
2022-01-12 20:00:00,2.3540752742664752,2.8451908171359577,1.807444459715836
2022-01-13 00:00:00,2.3540752742664752,2.8197392433676756,1.75893913024394
2022-01-13 04:00:00,2.3540752742664752,2.832056423390591,1.781989314725563
2022-01-13 08:00:00,2.3540752742664752,2.8257260953645025,1.770039789135576
2022-01-13 12:00:00,2.3540752742664752,2.7996536724716305,1.7210443546574166
2022-01-13 16:00:00,2.3540752742664752,2.7672936940393327,1.6613659464899797
2022-01-13 20:00:00,2.3540752742664752,2.758184450516124,1.6449595343115317
2022-01-14 00:00:00,2.3540752742664752,2.7623165319549385,1.6523525570204276
2022-01-14 04:00:00,2.3540752742664752,2.7646586496337147,1.65655555558044
2022-01-14 08:00:00,2.3540752742664752,2.7227241148687558,1.5811753057856486
2022-01-14 12:00:00,2.3540752742664752,2.793756253856007,1.7049273930468174
2022-01-14 16:00:00,2.3540752742664752,2.7917427066429585,1.7012410101034439
2022-01-14 20:00:00,2.3540752742664752,2.7905781284833675,1.6991119871245148
2022-01-15 00:00:00,2.3540752742664752,2.7820236311508153,1.6834861401218397
2022-01-15 04:00:00,2.4852258731739343,2.7924030879143125,1.7023289041526897
2022-01-15 08:00:00,2.4852258731739343,2.7878322644532143,1.6939693894458587
2022-01-15 12:00:00,2.4852258731739343,2.8126934482919546,1.7392885626384451
2022-01-15 16:00:00,2.4852258731739343,2.820932336518374,1.7545726357070228
2022-01-15 20:00:00,2.4852258731739343,2.792154877878073,1.7008753447775484
2022-01-16 00:00:00,2.4852258731739343,2.7852160140190096,1.6881946630372668
2022-01-16 04:00:00,2.4852258731739343,2.7997968954951524,1.7147082614438236
2022-01-16 08:00:00,2.4852258731739343,2.7846372893131024,1.6868552032426154
2022-01-16 12:00:00,2.4852258731739343,2.80091934923606,1.7164448495559321
2022-01-16 16:00:00,2.4852258731739343,2.7753375138038505,1.66941406695045
2022-01-16 20:00:00,2.4852258731739343,2.791336368019663,1.6982848390458698
2022-01-17 00:00:00,2.4852258731739343,2.7638414359112646,1.6481000312757303
2022-01-17 04:00:00,2.4852258731739343,2.7644007185777792,1.6491005450188831
2022-01-17 08:00:00,2.4852258731739343,2.7653909664508203,1.650872739219414
2022-01-17 12:00:00,2.5898885683400374,2.7528411300231785,1.6283968762133454
2022-01-17 16:00:00,2.5898885683400374,2.73732962292813,1.6008701627134723
2022-01-17 20:00:00,2.5898885683400374,2.7349518615104684,1.5966984101312822
2022-01-18 00:00:00,2.5898885683400374,2.7245127824928357,1.5784150233866066
2022-01-18 04:00:00,2.5898885683400374,2.7258996479694764,1.5808254168901488
2022-01-18 08:00:00,2.5898885683400374,2.712432795350504,1.5573960038652304
2022-01-18 12:00:00,2.5898885683400374,2.6951378051752144,1.5276052396862374
2022-01-18 16:00:00,2.5898885683400374,2.7024182008596003,1.539984833679281
2022-01-18 20:00:00,2.5898885683400374,2.744705284605537,1.6122772726606576
2022-01-19 00:00:00,2.5898885683400374,2.702858887085823,1.5385338408515974
2022-01-19 04:00:00,2.5898885683400374,2.6756847486273947,1.4921292743971248
2022-01-19 08:00:00,2.5898885683400374,2.724024139236112,1.573000483014791
2022-01-19 12:00:00,2.5898885683400374,2.720671683576923,1.567192809402175
2022-01-19 16:00:00,2.5898885683400374,2.7137062489306905,1.5551558784216777
2022-01-19 20:00:00,2.7397918540102477,2.6998518516598344,1.5313370726468256
2022-01-20 00:00:00,2.7397918540102477,2.7170230608509933,1.5605552416368351
2022-01-20 04:00:00,2.7397918540102477,2.72566439929283,1.5754450151479322
2022-01-20 08:00:00,2.7397918540102477,2.7302741068327125,1.5834383037936823
2022-01-20 12:00:00,2.7397918540102477,2.806697523343411,1.716404914772753
2022-01-20 16:00:00,2.7397918540102477,2.7813340868203733,1.669872725170993
2022-01-20 20:00:00,2.7397918540102477,2.636399515763608,1.408822869683769
2022-01-21 00:00:00,2.7397918540102477,2.4928356084839898,1.178672490774177
2022-01-21 04:00:00,2.7397918540102477,2.5361848756487184,1.2401622117911504
2022-01-21 08:00:00,2.7397918540102477,2.520866492811632,1.2176907274888338
2022-01-21 12:00:00,2.7397918540102477,2.5182145986385414,1.2138477787003168
2022-01-21 16:00:00,2.7397918540102477,2.4616291910556276,1.1320206722990114
2022-01-21 20:00:00,2.7397918540102477,2.3619038422654404,0.9944396465382106
2022-01-22 00:00:00,2.7397918540102477,2.3551853215194885,0.985953488114264
2022-01-22 04:00:00,2.7397918540102477,2.294161944411323,0.9093146636023688
2022-01-22 08:00:00,2.7397918540102477,2.294598742229667,0.9098340515150889
2022-01-22 12:00:00,4.440355700207507,2.2577832964366653,0.8660408441175728
2022-01-22 16:00:00,4.440355700207507,2.237689300656884,0.8429178706759475
2022-01-22 20:00:00,4.440355700207507,2.2728664305971056,0.8826706166764738
2022-01-23 00:00:00,4.440355700207507,2.2715430757824793,0.8811288370172073
2022-01-23 04:00:00,4.440355700207507,2.3052549240205122,0.9203591936171316
2022-01-23 08:00:00,4.440355700207507,2.3127141864673058,0.9292933909143258
2022-01-23 12:00:00,4.440355700207507,2.28687506804714,0.8981454149360343
2022-01-23 16:00:00,4.440355700207507,2.2536855626007766,0.8590409585223729
2022-01-23 20:00:00,4.440355700207507,2.3488932295042044,0.96791233808743
2022-01-24 00:00:00,4.440355700207507,2.2901594765684563,0.8953047924383386
2022-01-24 04:00:00,4.440355700207507,2.2610320612190953,0.8611439645740281
2022-01-24 08:00:00,4.440355700207507,2.1838018000736223,0.7729014653959649
2022-01-24 12:00:00,4.440355700207507,2.21859268149792,0.8098415254797376
2022-01-24 16:00:00,4.440355700207507,2.3373478984451572,0.9398873516288101
2022-01-24 20:00:00,4.440355700207507,2.3758398961017435,0.9863222128153935
2022-01-25 00:00:00,4.440355700207507,2.360554564731624,0.9672852458648893
2022-01-25 04:00:00,4.440355700207507,2.3358968742385224,0.9369732752363367
2022-01-25 08:00:00,4.440355700207507,2.359356287037087,0.9652033436362842
2022-01-25 12:00:00,4.440355700207507,2.367392329985848,0.9750658839821806
2022-01-25 16:00:00,4.440355700207507,2.4022020053815583,1.018077420111117
2022-01-25 20:00:00,4.440355700207507,2.3951503776940206,1.009111767462885
2022-01-26 00:00:00,4.440355700207507,2.4231106226118717,1.044451943717178
2022-01-26 04:00:00,4.440355700207507,2.4197944587595477,1.0401637691506644
2022-01-26 08:00:00,4.440355700207507,2.4673743136960113,1.101521263049205
2022-01-26 12:00:00,4.440355700207507,2.4616862210378443,1.0939031789493754
2022-01-26 16:00:00,4.440355700207507,2.4354329871786256,1.0589046128475674
2022-01-26 20:00:00,4.440355700207507,2.385495460931872,0.9937674353822873
2022-01-27 00:00:00,4.440355700207507,2.316564358334934,0.9076199417051378
2022-01-27 04:00:00,4.440355700207507,2.344312685023411,0.9402349664862916
2022-01-27 08:00:00,4.440355700207507,2.3771120535459715,0.9796995567185539
2022-01-27 12:00:00,4.440355700207507,2.3744841378881305,0.9764503605337462
2022-01-27 16:00:00,4.440355700207507,2.346602309195828,0.9420531355813572
2022-01-27 20:00:00,4.440355700207507,2.4082270933891907,1.0162717037870326
2022-01-28 00:00:00,4.440355700207507,2.420652500764723,1.032002267518058
2022-01-28 04:00:00,4.440355700207507,2.3848785002151613,0.9862474352895451
2022-01-28 08:00:00,4.440355700207507,2.362096318455423,0.957983267959241
2022-01-28 12:00:00,4.440355700207507,2.4100987137146763,1.016387522418772
2022-01-28 16:00:00,4.440355700207507,2.4122943680300315,1.0191653783260501
2022-01-28 20:00:00,4.440355700207507,2.4442894841897362,1.0597180344582953
2022-01-29 00:00:00,4.440355700207507,2.4456614441028437,1.0615024679370768
2022-01-29 04:00:00,4.440355700207507,2.4520941668697307,1.0698785468613337
2022-01-29 08:00:00,4.440355700207507,2.4455538648182067,1.061317706560672
2022-01-29 12:00:00,4.440355700207507,2.4345853142611276,1.047037362436173
2022-01-29 16:00:00,4.440355700207507,2.4531317237052925,1.0709660169548665
2022-01-29 20:00:00,4.440355700207507,2.473470689181415,1.0976042206450187
2022-01-30 00:00:00,4.440355700207507,2.457287783659357,1.0760606962187942
2022-01-30 04:00:00,4.440355700207507,2.478534692375094,1.1039731330980098
2022-01-30 08:00:00,4.440355700207507,2.4697883669205387,1.092285935402293
2022-01-30 12:00:00,4.440355700207507,2.4613680196597922,1.0811140143494973
2022-01-30 16:00:00,4.440355700207507,2.4310565841114493,1.0411726677024875
2022-01-30 20:00:00,4.192300241461156,2.454995567215021,1.071930423481924
2022-01-31 00:00:00,4.192300241461156,2.3995157636055415,0.9992575964854166
2022-01-31 04:00:00,4.192300241461156,2.40574693723073,1.007042351652809
2022-01-31 08:00:00,4.192300241461156,2.4150356955843266,1.0187071359801765
2022-01-31 12:00:00,4.192300241461156,2.44470100735687,1.0562472827146805
2022-01-31 16:00:00,4.192300241461156,2.4896043415370124,1.11444952246082
2022-01-31 20:00:00,4.192300241461156,2.4929166169814576,1.1188976555144137
2022-02-01 00:00:00,4.192300241461156,2.5013363161742244,1.1302347154338068
2022-02-01 04:00:00,4.192300241461156,2.4912232153504,1.116525830037799
2022-02-01 08:00:00,4.192300241461156,2.4902051005542303,1.115156922433459
2022-02-01 12:00:00,4.192300241461156,2.503507991974329,1.1330287171529403
2022-02-01 16:00:00,4.192300241461156,2.487161125253397,1.1108340972559838
2022-02-01 20:00:00,4.192300241461156,2.50767247681213,1.138316886924374
2022-02-02 00:00:00,4.192300241461156,2.4984880574032724,1.1258095362160516
2022-02-02 04:00:00,4.055741436257115,2.481108170322637,1.1023155964842686
2022-02-02 08:00:00,4.055741436257115,2.4944136540146546,1.1200498198864317
2022-02-02 12:00:00,4.055741436257115,2.425704190666787,1.0274933724943822
2022-02-02 16:00:00,4.055741436257115,2.434568464493654,1.0387577088188096
2022-02-02 20:00:00,4.055741436257115,2.3911349484915596,0.9831623535520221
2022-02-03 00:00:00,4.055741436257115,2.3862400910405923,0.9771245016422035
2022-02-03 04:00:00,4.055741436257115,2.399417257272621,0.9933119741884966
2022-02-03 08:00:00,4.055741436257115,2.3839180634691877,0.9740628818325655
2022-02-03 12:00:00,4.055741436257115,2.3920221535558217,0.9839968138733294
2022-02-03 16:00:00,4.055741436257115,2.3687986375018815,0.9553367124983777
2022-02-03 20:00:00,4.055741436257115,2.4180459713502134,1.0149210755672347
2022-02-04 00:00:00,4.055741436257115,2.417139324246559,1.0137794406299712
2022-02-04 04:00:00,4.055741436257115,2.4541887225802466,1.0603964286640934
2022-02-04 08:00:00,4.055741436257115,2.4503450313924158,1.0554141267274542
2022-02-04 12:00:00,3.6800589715616887,2.5592768339027723,1.1961716466845325
2022-02-04 16:00:00,3.6800589715616887,2.6394454352683816,1.3085808319327663
2022-02-04 20:00:00,3.6800589715616887,2.694294020665595,1.3901591133592845
2022-02-05 00:00:00,3.6800589715616887,2.6861024414016965,1.3774794297622057
2022-02-05 04:00:00,3.6800589715616887,2.681704652091189,1.3707136442676386
2022-02-05 08:00:00,3.6800589715616887,2.684945640057863,1.3756833933673727
2022-02-05 12:00:00,3.6800589715616887,2.7064517759654954,1.408740636965415
2022-02-05 16:00:00,3.6800589715616887,2.692391941145062,1.3867856985810059
2022-02-05 20:00:00,3.6800589715616887,2.6818731497659214,1.370531776674585
2022-02-06 00:00:00,3.6800589715616887,2.685855527501417,1.3766371831518014
2022-02-06 04:00:00,3.6800589715616887,2.6967618635324415,1.393407334291938
2022-02-06 08:00:00,3.6800589715616887,2.690907865471461,1.3843331138981323
2022-02-06 12:00:00,3.6800589715616887,2.6907452004085464,1.3840820655780213
2022-02-06 16:00:00,3.6800589715616887,2.703606109466463,1.4039284860841952
2022-02-06 20:00:00,3.6800589715616887,2.746568480047288,1.470856980967677
2022-02-07 00:00:00,3.6800589715616887,2.7749616343756043,1.5164727406607807
2022-02-07 04:00:00,3.6800589715616887,2.7688004520922274,1.5063717740017386
2022-02-07 08:00:00,3.6800589715616887,2.768548353648109,1.5059603099178578
2022-02-07 12:00:00,3.6800589715616887,2.840844225195851,1.6239369885390078
2022-02-07 16:00:00,3.6800589715616887,2.867882269378534,1.6703049797754688
2022-02-07 20:00:00,3.6800589715616887,2.8411293751069358,1.6235609139513092
2022-02-08 00:00:00,3.6800589715616887,2.8630716607649322,1.6611776142000299
2022-02-08 04:00:00,3.6800589715616887,2.906908923118404,1.7374818295859051
2022-02-08 08:00:00,3.6800589715616887,2.850740871314442,1.6367655993973798
2022-02-08 12:00:00,3.6800589715616887,2.8145145193150225,1.574367034160227
2022-02-08 16:00:00,3.6800589715616887,2.7866048236995913,1.5275311364498023
2022-02-08 20:00:00,3.6800589715616887,2.854285155095633,1.6388319703392367
2022-02-09 00:00:00,3.6800589715616887,2.8089391904853294,1.5607237094355562
2022-02-09 04:00:00,3.3167848308117707,2.8390400039402577,1.6108982237769862
2022-02-09 08:00:00,3.3167848308117707,2.8330583364872686,1.6007160592475627
2022-02-09 12:00:00,3.3167848308117707,2.8429206350029337,1.6174330531178966
2022-02-09 16:00:00,3.3167848308117707,2.8815325252357717,1.6833358575124566
2022-02-09 20:00:00,3.3167848308117707,2.875653900591561,1.6730333192938607
2022-02-10 00:00:00,3.3167848308117707,2.836944800161762,1.6054713486767183
2022-02-10 04:00:00,3.3167848308117707,2.8574885551194824,1.6403494435663064
2022-02-10 08:00:00,3.3167848308117707,2.9055538129727703,1.7231254380667098
2022-02-10 12:00:00,3.3167848308117707,2.912877629211799,1.7361555055280498
2022-02-10 16:00:00,3.3167848308117707,2.875734909089029,1.6697412448827609
2022-02-10 20:00:00,3.3167848308117707,2.818800192865036,1.5705670369495839
2022-02-11 00:00:00,3.3167848308117707,2.808967057408459,1.5541306838617868
2022-02-11 04:00:00,3.3167848308117707,2.8099741550489727,1.5558022890954326
2022-02-11 08:00:00,3.3167848308117707,2.809862687356458,1.5556171396795242
2022-02-11 12:00:00,3.3450811322927505,2.8300487087893624,1.5891437469378746
2022-02-11 16:00:00,3.3450811322927505,2.7700129872823185,1.488009030284922
2022-02-11 20:00:00,3.3450811322927505,2.746105759509754,1.4494812280926777
2022-02-12 00:00:00,3.3450811322927505,2.740579683846521,1.4407307170340948
2022-02-12 04:00:00,3.3450811322927505,2.7286215334843806,1.4218714136751789
2022-02-12 08:00:00,3.3450811322927505,2.7482281821433987,1.4525222015225843
2022-02-12 12:00:00,3.3450811322927505,2.7299170213758788,1.4234881849260494
2022-02-12 16:00:00,3.3450811322927505,2.7648180743567323,1.478084609840112
2022-02-12 20:00:00,3.3450811322927505,2.736004971977545,1.4318737539612858
2022-02-13 00:00:00,3.3450811322927505,2.736791078436968,1.433107967954238
2022-02-13 04:00:00,3.3450811322927505,2.7486118383874034,1.451677626492352
2022-02-13 08:00:00,3.3450811322927505,2.75239201891322,1.4576671264466081
2022-02-13 12:00:00,3.3450811322927505,2.7581753775644087,1.466855728646106
2022-02-13 16:00:00,3.3450811322927505,2.7239048947278413,1.412178436025927
2022-02-13 20:00:00,3.3450811322927505,2.7253630476822535,1.4144463259540598
2022-02-14 00:00:00,3.3450811322927505,2.7164696107962976,1.4005994120842078
2022-02-14 04:00:00,3.3450811322927505,2.742262068321922,1.4404948344769588
2022-02-14 08:00:00,3.3450811322927505,2.729524292180156,1.4204215880718485
2022-02-14 12:00:00,3.3450811322927505,2.7597955475137557,1.4676803115392287
2022-02-14 16:00:00,3.3450811322927505,2.7296176139692383,1.4195337461755786
2022-02-14 20:00:00,3.3450811322927505,2.7566180702090963,1.4616583924247075
2022-02-15 00:00:00,3.3450811322927505,2.8234870204945057,1.5680273850322528
2022-02-15 04:00:00,3.3450811322927505,2.831510750151652,1.5813953528052698
2022-02-15 08:00:00,3.3450811322927505,2.8666379788574345,1.6402508979194217
2022-02-15 12:00:00,3.3450811322927505,2.8643930713756194,1.6363973821912925
2022-02-15 16:00:00,3.3450811322927505,2.851107029722994,1.6136268581344118
2022-02-15 20:00:00,3.3450811322927505,2.8868097427947847,1.67424631870216
2022-02-16 00:00:00,3.3450811322927505,2.849636563476967,1.6095689784832732
2022-02-16 04:00:00,3.3450811322927505,2.8634365230375254,1.6329529992012304
2022-02-16 08:00:00,3.3450811322927505,2.8627204079199142,1.631727846501317
2022-02-16 12:00:00,3.3450811322927505,2.82548760634796,1.5680606448841392
2022-02-16 16:00:00,3.3450811322927505,2.8657566064049904,1.635104896704322
2022-02-16 20:00:00,3.3450811322927505,2.843304939314919,1.5966743851429752
2022-02-17 00:00:00,3.3450811322927505,2.8244779164355274,1.5649571133536873
2022-02-17 04:00:00,3.3450811322927505,2.84627957134192,1.6011960105283896
2022-02-17 08:00:00,3.3450811322927505,2.7973238680844714,1.5185748117490847
2022-02-17 12:00:00,3.3450811322927505,2.7170535200460435,1.387846443054729
2022-02-17 16:00:00,3.3450811322927505,2.6701450635365895,1.3159651929775535
2022-02-17 20:00:00,3.3450811322927505,2.625692784670345,1.2502410652490439
2022-02-18 00:00:00,3.3450811322927505,2.6371169270171815,1.266560109099856
2022-02-18 04:00:00,3.3450811322927505,2.635420933114205,1.2641164424568112
2022-02-18 08:00:00,3.3450811322927505,2.603868447384662,1.218712671647455
2022-02-18 12:00:00,3.3450811322927505,2.5813863210995427,1.1871451181290278
2022-02-18 16:00:00,3.3450811322927505,2.606322032755953,1.2215479211322275
2022-02-18 20:00:00,3.3450811322927505,2.590615457199003,1.1994635419052173
2022-02-19 00:00:00,3.3450811322927505,2.6003805455177074,1.2130273466635288
2022-02-19 04:00:00,3.3450811322927505,2.609362119648907,1.2255965397256874
2022-02-19 08:00:00,3.3450811322927505,2.582067440546248,1.1871362616264063
2022-02-19 12:00:00,3.3450811322927505,2.59032317854014,1.1985232832647292
2022-02-19 16:00:00,3.3450811322927505,2.5906297146945567,1.1989487792660865
2022-02-19 20:00:00,3.3450811322927505,2.5974026731508064,1.2083523967268297
2022-02-20 00:00:00,3.3450811322927505,2.578959954583399,1.18261287230101
2022-02-20 04:00:00,3.3450811322927505,2.5142860105453657,1.093641845140324
2022-02-20 08:00:00,3.3450811322927505,2.4849512134424887,1.0553624749781576
2022-02-20 12:00:00,3.3450811322927505,2.484371192600623,1.0546234678364086
2022-02-20 16:00:00,3.3450811322927505,2.4884008792986387,1.0597553122714272
2022-02-20 20:00:00,3.3450811322927505,2.4877314250755687,1.0588999946956419
2022-02-21 00:00:00,3.3450811322927505,2.5222319720449438,1.1029553480605152
2022-02-21 04:00:00,3.3450811322927505,2.5465228560615136,1.134822076496447
2022-02-21 08:00:00,3.3450811322927505,2.4352664337078345,0.9860824993843401
2022-02-21 12:00:00,3.3450811322927505,2.5163144633219487,1.0845358462204548
2022-02-21 16:00:00,3.3450811322927505,2.4714208501615023,1.0264881735842837
2022-02-21 20:00:00,3.3450811322927505,2.398380348505041,0.9354775173399759
2022-02-22 00:00:00,3.3450811322927505,2.371349433070135,0.9038476546975877
2022-02-22 04:00:00,3.3450811322927505,2.383053540784218,0.9172308324277539
2022-02-22 08:00:00,3.3450811322927505,2.4315173604450457,0.9731916099210294
2022-02-22 12:00:00,3.3450811322927505,2.447098210813926,0.9918998697522328
2022-02-22 16:00:00,3.3450811322927505,2.4668915030511083,1.0159687410855565
2022-02-22 20:00:00,3.3450811322927505,2.4775852727847782,1.0291811613646866
2022-02-23 00:00:00,3.3450811322927505,2.4465000440686264,0.9904430414588274
2022-02-23 04:00:00,3.3450811322927505,2.4724551666571655,1.0219661194416232
2022-02-23 08:00:00,3.3450811322927505,2.513396213209185,1.0727339105444433
2022-02-23 12:00:00,3.3450811322927505,2.495872455037048,1.0502961474102779
2022-02-23 16:00:00,3.3450811322927505,2.437760199293869,0.9769329294286816
2022-02-23 20:00:00,3.3450811322927505,2.414053872595024,0.9484319827056142
2022-02-24 00:00:00,3.3450811322927505,2.2641479720656816,0.7717471720570255
2022-02-24 04:00:00,3.3450811322927505,2.288460890393563,0.796608744086097
2022-02-24 08:00:00,3.3450811322927505,2.296896791285823,0.8054183057131634
2022-02-24 12:00:00,3.3450811322927505,2.3278575909498644,0.8379879817694096
2022-02-24 16:00:00,3.3450811322927505,2.417293564425738,0.9345741361828099
2022-02-24 20:00:00,3.3450811322927505,2.4838637553724876,1.0117862459759743
2022-02-25 00:00:00,3.3450811322927505,2.5224983279846165,1.058998894943007
2022-02-25 04:00:00,3.3450811322927505,2.492873844494796,1.0216879144786006
2022-02-25 08:00:00,3.3450811322927505,2.510940035565975,1.043900842483979
2022-02-25 12:00:00,3.3450811322927505,2.5540955304047612,1.097725374470305
2022-02-25 16:00:00,3.3450811322927505,2.5064767913895136,1.0363271642290859
2022-02-25 20:00:00,3.3450811322927505,2.54166882689327,1.0799786304812498
2022-02-26 00:00:00,3.3450811322927505,2.5527611584344796,1.0941183337737859
2022-02-26 04:00:00,3.3450811322927505,2.540426480576111,1.0782583339362244
2022-02-26 08:00:00,3.3450811322927505,2.52281264095479,1.0558302855244495
2022-02-26 12:00:00,3.3450811322927505,2.5414413550323824,1.079219371401299
2022-02-26 16:00:00,3.3450811322927505,2.543933824482458,1.0823946419710733
2022-02-26 20:00:00,3.3450811322927505,2.5350293704408466,1.0710286230303738
2022-02-27 00:00:00,3.3450811322927505,2.501983736085985,1.0291441139123225
2022-02-27 04:00:00,3.3450811322927505,2.513915963728936,1.0438684084800585
2022-02-27 08:00:00,3.3450811322927505,2.5585594226492034,1.0994811223708827
2022-02-27 12:00:00,3.3450811322927505,2.55060309206195,1.0892239809420905
2022-02-27 16:00:00,3.3450811322927505,2.4371561999367533,0.9438829721618268
2022-02-27 20:00:00,3.3450811322927505,2.443156013293175,0.9508539512850642
2022-02-28 00:00:00,3.3450811322927505,2.449295161265241,0.9580218518305076
2022-02-28 04:00:00,3.3450811322927505,2.485183869847216,1.0001345799319445
2022-02-28 08:00:00,3.3450811322927505,2.48428111115144,0.9990446643728569
2022-02-28 12:00:00,3.3450811322927505,2.6457349350117476,1.1938288784614246
2022-02-28 16:00:00,3.3450811322927505,2.6784286684536114,1.238085832487067
2022-02-28 20:00:00,3.3450811322927505,2.7970614005526775,1.402597405945419
2022-03-01 00:00:00,3.3450811322927505,2.796264925005578,1.4013992185877449
2022-03-01 04:00:00,3.3450811322927505,2.8186394720060606,1.4350394567522329
2022-03-01 08:00:00,3.3450811322927505,2.8262218673690045,1.4466206149286376
2022-03-01 12:00:00,3.3450811322927505,2.828407800664664,1.4499772687761678
2022-03-01 16:00:00,3.3450811322927505,2.8333201559510837,1.4575321943775474
2022-03-01 20:00:00,3.3450811322927505,2.8787957341573356,1.5277135882673212
2022-03-02 00:00:00,3.3450811322927505,2.8725386378129576,1.517752077978504
2022-03-02 04:00:00,3.3450811322927505,2.84975515991726,1.4816380249267056
2022-03-02 08:00:00,3.3450811322927505,2.8581923569454797,1.494797968050913
2022-03-02 12:00:00,3.3450811322927505,2.859698466930393,1.497160996703941
2022-03-02 16:00:00,3.3450811322927505,2.832343517505618,1.4541969249818523
2022-03-02 20:00:00,3.3450811322927505,2.8445634873315737,1.473019051360003
2022-03-03 00:00:00,3.3450811322927505,2.806508287493331,1.4138999268109897
2022-03-03 04:00:00,3.3450811322927505,2.8176083958502973,1.4306764057511536
2022-03-03 08:00:00,3.3450811322927505,2.811463415266414,1.4213158302203859
2022-03-03 12:00:00,3.3450811322927505,2.7573568677060005,1.3392562606575
2022-03-03 16:00:00,3.3450811322927505,2.7365798082755743,1.3089818258397092
2022-03-03 20:00:00,3.3450811322927505,2.7513078011831187,1.3301162451489197
2022-03-04 00:00:00,3.3450811322927505,2.6862378876094644,1.235742345132133
2022-03-04 04:00:00,3.3450811322927505,2.685397991507723,1.2345832201158184
2022-03-04 08:00:00,3.3450811322927505,2.6999853536636635,1.2547023748188784
2022-03-04 12:00:00,3.3450811322927505,2.6372685749244407,1.1672675769393466
2022-03-04 16:00:00,3.3450811322927505,2.5781524618806464,1.0887723610707702
2022-03-04 20:00:00,3.3450811322927505,2.5370992995681325,1.0367612223332896
2022-03-05 00:00:00,3.3450811322927505,2.5307456410947733,1.028972138091002
2022-03-05 04:00:00,3.3450811322927505,2.5285493387114384,1.026293164049624
2022-03-05 08:00:00,3.3450811322927505,2.53586343393077,1.0351991471877267
2022-03-05 12:00:00,3.3450811322927505,2.537834856725136,1.0376134907617938
2022-03-05 16:00:00,3.3450811322927505,2.5555724773305863,1.0593699825825182
2022-03-05 20:00:00,3.3450811322927505,2.55325563430302,1.056488756579893
2022-03-06 00:00:00,3.3450811322927505,2.5469421560444045,1.048651563892809
2022-03-06 04:00:00,3.3450811322927505,2.5525822916720715,1.055618196840264
2022-03-06 08:00:00,3.3450811322927505,2.485501423157288,0.972394491541812
2022-03-06 12:00:00,3.3450811322927505,2.5185613150077035,1.0111962275941004
2022-03-06 16:00:00,3.3450811322927505,2.5061216501366173,0.9962127422424977
2022-03-06 20:00:00,3.3450811322927505,2.489929671662843,0.976903238320199
2022-03-07 00:00:00,3.3450811322927505,2.4541977955319645,0.9348459233276033
2022-03-07 04:00:00,3.3450811322927505,2.455869162851711,0.9367558805381744
2022-03-07 08:00:00,3.3450811322927505,2.4845014542645516,0.9695200046535443
2022-03-07 12:00:00,3.3450811322927505,2.5320975109005084,1.0252398300196877
2022-03-07 16:00:00,3.3450811322927505,2.417872937199625,0.8864921135265139
2022-03-07 20:00:00,3.3450811322927505,2.4618806414317684,0.9348972411938757
2022-03-08 00:00:00,3.3450811322927505,2.5077554295135394,0.9871599854913311
2022-03-08 04:00:00,3.3450811322927505,2.4981588388695672,0.9758270977192078
2022-03-08 08:00:00,3.3450811322927505,2.5263666457556786,1.0088825726935133
2022-03-08 12:00:00,3.3450811322927505,2.5053232303855792,0.9836720573403547
2022-03-08 16:00:00,3.3450811322927505,2.5122277466417167,0.9918048758464555
2022-03-08 20:00:00,3.3450811322927505,2.510008113811111,0.9891760027274563
2022-03-09 00:00:00,3.3450811322927505,2.6711891010519495,1.1797367787631259
2022-03-09 04:00:00,3.3450811322927505,2.7083473748062334,1.2289698886534144
2022-03-09 08:00:00,3.3450811322927505,2.7317141138836964,1.2607793444743585
2022-03-09 12:00:00,3.3450811322927505,2.7556492085793893,1.2939199350438428
2022-03-09 16:00:00,3.3450811322927505,2.735148226108332,1.2650411178583705
2022-03-09 20:00:00,3.3450811322927505,2.71810792664908,1.2413970470133557
2022-03-10 00:00:00,3.3450811322927505,2.6420765912661235,1.1372233963284362
2022-03-10 04:00:00,3.3450811322927505,2.5429474650172965,1.0092195806929416
2022-03-10 08:00:00,3.3450811322927505,2.532415064210581,0.9966795987168244
2022-03-10 12:00:00,3.3450811322927505,2.5391005334895667,1.004573175404606
2022-03-10 16:00:00,3.3450811322927505,2.55536833591697,1.0238818215875418
2022-03-10 20:00:00,3.3450811322927505,2.554813589726314,1.0232149965366584
2022-03-11 00:00:00,3.3450811322927505,2.508993239354841,0.9681611916306684
2022-03-11 04:00:00,3.3450811322927505,2.5360254509257056,0.9994544662672993
2022-03-11 08:00:00,3.3450811322927505,2.5853816601946336,1.057808711616667
2022-03-11 12:00:00,3.3450811322927505,2.5326665145867198,0.9931035180469164
2022-03-11 16:00:00,3.3450811322927505,2.514023543013573,0.9711727973426612
2022-03-11 20:00:00,3.3450811322927505,2.509939418605259,0.9664396787479604
2022-03-12 00:00:00,3.3450811322927505,2.533229037593133,0.9933423343172059
2022-03-12 04:00:00,3.3450811322927505,2.5342691867006137,0.9945659395978138
2022-03-12 08:00:00,3.3450811322927505,2.5325952271089487,0.9925951191306711
2022-03-12 12:00:00,3.3450811322927505,2.530189598768158,0.9897666194273407
2022-03-12 16:00:00,3.3450811322927505,2.5294145094643907,0.9888570146447767
2022-03-12 20:00:00,3.3450811322927505,2.514980739419648,0.9719286685356975
2022-03-13 00:00:00,3.3450811322927505,2.540042824332107,1.0009848260297496
2022-03-13 04:00:00,3.3450811322927505,2.5332828272354515,0.9929928491391197
2022-03-13 08:00:00,3.3450811322927505,2.5106879371218582,0.966422703790169
2022-03-13 12:00:00,3.3450811322927505,2.523317485911008,0.9810069328868982
2022-03-13 16:00:00,3.3450811322927505,2.518976726582717,0.9759441752052077
2022-03-13 20:00:00,3.3450811322927505,2.448228441370591,0.8937127165380206
2022-03-14 00:00:00,3.3450811322927505,2.4719937422555933,0.9197389050109253
2022-03-14 04:00:00,3.3450811322927505,2.5325796734774344,0.9873643650861579
2022-03-14 08:00:00,3.3450811322927505,2.5208314971407297,0.9736237541299583
2022-03-14 12:00:00,3.3450811322927505,2.5251482779537695,0.9786255803278402
2022-03-14 16:00:00,3.3450811322927505,2.51534624976022,0.9672292014145092
2022-03-14 20:00:00,3.3450811322927505,2.57097446093706,1.031401555750802
2022-03-15 00:00:00,3.3450811322927505,2.512456514638565,0.960974367419715
2022-03-15 04:00:00,3.3450811322927505,2.4911409107169757,0.9365157363444643
2022-03-15 08:00:00,3.3450811322927505,2.504459355768588,0.9515364844532705
2022-03-15 12:00:00,3.3450811322927505,2.528573965294669,0.9790225732806557
2022-03-15 16:00:00,3.3450811322927505,2.5751441303186993,1.033116196910864
2022-03-15 20:00:00,3.3450811322927505,2.545632410657354,0.9975969785239823
2022-03-16 00:00:00,3.3450811322927505,2.5378342086571566,0.9884289666137623
2022-03-16 04:00:00,3.3450811322927505,2.56511787060416,1.0203080724573064
2022-03-16 08:00:00,3.3450811322927505,2.626075144778392,1.0930476525300694
2022-03-16 12:00:00,3.3450811322927505,2.6319122930718994,1.1003364171936105
2022-03-16 16:00:00,3.3450811322927505,2.6493129183278863,1.1221607101628344
2022-03-16 20:00:00,3.3450811322927505,2.6644666918981192,1.1414166114120745
2022-03-17 00:00:00,3.3450811322927505,2.6580320249272926,1.1331470738812743
2022-03-17 04:00:00,3.3450811322927505,2.6393248946241523,1.1092219332905033
2022-03-17 08:00:00,3.3450811322927505,2.6407804553066456,1.1110571069414001
2022-03-17 12:00:00,3.3450811322927505,2.644024035545238,1.1151511271793728
2022-03-17 16:00:00,3.3450811322927505,2.6487737257687436,1.1211608559132533
2022-03-17 20:00:00,3.3450811322927505,2.6517580788154413,1.1249504659319933
2022-03-18 00:00:00,3.3450811322927505,2.626113380789197,1.092312856313175
2022-03-18 04:00:00,3.3450811322927505,2.629255214354971,1.0962333251185923
2022-03-18 08:00:00,3.3450811322927505,2.6175731409521994,1.081621265284293
2022-03-18 12:00:00,3.3450811322927505,2.6526122324127375,1.1250573311351664
2022-03-18 16:00:00,3.3450811322927505,2.724654061312422,1.216723033451091
2022-03-18 20:00:00,3.3450811322927505,2.7061705144622916,1.1919609645575524
2022-03-19 00:00:00,3.3450811322927505,2.7085132802090475,1.1950566512162222
2022-03-19 04:00:00,3.3450811322927505,2.6966108636931643,1.1793018139110634
2022-03-19 08:00:00,3.3450811322927505,2.7038549675706847,1.1888059492217322
2022-03-19 12:00:00,3.3450811322927505,2.7178467552532455,1.207261288694567
2022-03-19 16:00:00,3.3450811322927505,2.7241459760163065,1.215655586895691
2022-03-19 20:00:00,3.3450811322927505,2.734920106179464,1.2300795182585074
2022-03-20 00:00:00,3.3450811322927505,2.7181487549318035,1.207449867450807
2022-03-20 04:00:00,3.3450811322927505,2.7130711423105502,1.2006831708062158
2022-03-20 08:00:00,3.3450811322927505,2.695111234388049,1.176838430221848
2022-03-20 12:00:00,3.3450811322927505,2.6791324702796087,1.1559067260713904
2022-03-20 16:00:00,3.3450811322927505,2.681642437565137,1.1591554882357247
2022-03-20 20:00:00,3.3450811322927505,2.674065226746031,1.149329608338261
2022-03-21 00:00:00,3.3450811322927505,2.646251445191601,1.1134660074724823
2022-03-21 04:00:00,3.3450811322927505,2.6636896583904126,1.135478493470232
2022-03-21 08:00:00,3.3450811322927505,2.6729097215381565,1.1472694880176526
2022-03-21 12:00:00,3.3450811322927505,2.671626546938274,1.145617190836365
2022-03-21 16:00:00,3.3450811322927505,2.6687795843032815,1.1419547822485472
2022-03-21 20:00:00,3.3450811322927505,2.6572245322245385,1.1271217697456846
2022-03-22 00:00:00,3.3450811322927505,2.7372097303518816,1.2289043518799203
2022-03-22 04:00:00,3.3450811322927505,2.7358798948574576,1.2271132133256544
2022-03-22 08:00:00,3.3450811322927505,2.785590597311302,1.2940028380560458
2022-03-22 12:00:00,3.3450811322927505,2.75907230364837,1.2570468539713504
2022-03-22 16:00:00,3.3450811322927505,2.74031721631473,1.231412125047209
2022-03-22 20:00:00,3.3450811322927505,2.7454836142492067,1.2383769738845525
2022-03-23 00:00:00,3.3450811322927505,2.7266773295451667,1.2129287033274878
2022-03-23 04:00:00,3.3450811322927505,2.7288677993166837,1.2158519135264234
2022-03-23 08:00:00,3.3450811322927505,2.724463529326379,1.2099649224855893
2022-03-23 12:00:00,3.3450811322927505,2.761947781274471,1.2599064572295149
2022-03-23 16:00:00,3.3450811322927505,2.735934980635735,1.2243079976378084
2022-03-23 20:00:00,3.3450811322927505,2.7790943638824004,1.282248385610474
2022-03-24 00:00:00,3.3450811322927505,2.768084336974618,1.2670086124546864
2022-03-24 04:00:00,3.3450811322927505,2.7917303933513478,1.2994784581306857
2022-03-24 08:00:00,3.3450811322927505,2.7846457141968433,1.2895852521470725
2022-03-24 12:00:00,3.3450811322927505,2.851499758918719,1.3824667160404907
2022-03-24 16:00:00,3.3450811322927505,2.8455563274765345,1.3738222164691447
2022-03-24 20:00:00,3.3450811322927505,2.850945660796042,1.3816280565168058
2022-03-25 00:00:00,3.3450811322927505,2.849435662403251,1.3794327258514787
2022-03-25 04:00:00,3.3450811322927505,2.8453405208392817,1.3734852615536854
2022-03-25 08:00:00,3.3450811322927505,2.889429233568892,1.4373319576079757
2022-03-25 12:00:00,3.3450811322927505,2.872121282034008,1.4115026987639117
2022-03-25 16:00:00,3.3450811322927505,2.8803348956092174,1.4236124287400094
2022-03-25 20:00:00,3.3450811322927505,2.87179400770424,1.41094836575983
2022-03-26 00:00:00,3.3450811322927505,2.877034933456387,1.4186731631567424
2022-03-26 04:00:00,3.3450811322927505,2.884555114293276,1.4297978234220556
2022-03-26 08:00:00,3.3450811322927505,2.873176336705022,1.412877344404401
2022-03-26 12:00:00,3.3450811322927505,2.8648045945427563,1.4005269940101484
2022-03-26 16:00:00,3.3450811322927505,2.87531496103816,1.4159417123701303
2022-03-26 20:00:00,3.3450811322927505,2.8846328824508447,1.4297074741523212
2022-03-27 00:00:00,3.3450811322927505,2.897707005874096,1.4491472150877407
2022-03-27 04:00:00,3.3450811322927505,2.899071188971446,1.4511939045553646
2022-03-27 08:00:00,3.3450811322927505,2.8884065822968643,1.4351786936221096
2022-03-27 12:00:00,3.3450811322927505,2.907072236249301,1.4630022164799181
2022-03-27 16:00:00,3.3450811322927505,2.905331525655723,1.4603741461228428
2022-03-27 20:00:00,3.3450811322927505,3.0347571818893595,1.6555428012723719
2022-03-28 00:00:00,3.3450811322927505,3.0491209605922904,1.6790503002307255
2022-03-28 04:00:00,3.3450811322927505,3.0452221836261812,1.6726095167523887
2022-03-28 08:00:00,3.3450811322927505,3.062285813532704,1.7007264698523477
2022-03-28 12:00:00,3.3450811322927505,3.0733010249843247,1.7190792913989235
2022-03-28 16:00:00,3.3450811322927505,3.1078929495388423,1.7771272281300239
2022-03-28 20:00:00,3.3450811322927505,3.053839543552768,1.684402239421575
2022-03-29 00:00:00,3.3450811322927505,3.0676336705015084,1.7072274645114558
2022-03-29 04:00:00,3.3450811322927505,3.0682415582665037,1.7082423862386358
2022-03-29 08:00:00,3.3450811322927505,3.103992876436774,1.7679559869143897
2022-03-29 12:00:00,3.3450811322927505,3.0744344958808876,1.7174488646874246
2022-03-29 16:00:00,3.3450811322927505,3.0913808254830775,1.745848677311399
2022-03-29 20:00:00,3.3450811322927505,3.074097500531424,1.7165665489909525
2022-03-30 00:00:00,3.3450811322927505,3.0741402730180862,1.716638201064261
2022-03-30 04:00:00,3.3450811322927505,3.070833830185459,1.7110991245368092
2022-03-30 08:00:00,3.3450811322927505,3.0666518475122047,1.7041083976332294
2022-03-30 12:00:00,3.3450811322927505,3.0563410859545597,1.686919629983621
2022-03-30 16:00:00,3.3450811322927505,3.05070807907467,1.6775923694315966
2022-03-30 20:00:00,3.3450811322927505,3.0503257189666244,1.676961586954539
2022-03-31 00:00:00,3.3450811322927505,3.052112442386764,1.6799084196715721
2022-03-31 04:00:00,3.3450811322927505,3.056337845614661,1.686885512350537
2022-03-31 08:00:00,3.3450811322927505,3.0557707861323897,1.6859465803931386
2022-03-31 12:00:00,3.3450811322927505,3.010522679787026,1.6110529818531933
2022-03-31 16:00:00,3.3450811322927505,2.9540215210414784,1.5203447860109867
2022-03-31 20:00:00,3.3450811322927505,2.949379410102609,1.5131773272314315
2022-04-01 00:00:00,3.3450811322927505,2.8903818934991077,1.422371406316422
2022-04-01 04:00:00,3.3450811322927505,2.9173227274848297,1.4621445643303808
2022-04-01 08:00:00,3.3450811322927505,2.9204703936624212,1.4668773382691693
2022-04-01 12:00:00,3.3450811322927505,3.0155899233206043,1.6102056350927176
2022-04-01 16:00:00,3.3450811322927505,3.004552029489693,1.5925242401106199
2022-04-01 20:00:00,3.3450811322927505,2.9994847859561147,1.5844667579183704
2022-04-02 00:00:00,3.3450811322927505,3.0199922491069695,1.616965732879573
2022-04-02 04:00:00,3.3450811322927505,3.0189916321462524,1.6153584804062968
2022-04-02 08:00:00,3.3450811322927505,3.0162924290106403,1.6110257284082228
2022-04-02 12:00:00,3.3450811322927505,3.0002346006086724,1.5852958875786785
2022-04-02 16:00:00,3.3450811322927505,2.988905076186879,1.5673366435211158
2022-04-02 20:00:00,3.3450811322927505,2.9688642219814363,1.5358092804603989
2022-04-03 00:00:00,3.3450811322927505,2.977434921013482,1.5491102852850627
2022-04-03 04:00:00,3.3450811322927505,3.004690716037357,1.591652507222932
2022-04-03 08:00:00,3.3450811322927505,2.997482255898722,1.5801970549945512
2022-04-03 12:00:00,3.3450811322927505,3.0078448628947454,1.5965857702487865
2022-04-03 16:00:00,3.3450811322927505,3.0073918633769083,1.5958644040044392
2022-04-03 20:00:00,3.3450811322927505,3.0075117559531597,1.5960552660238592
2022-04-04 00:00:00,3.3450811322927505,2.9814652557794776,1.5545874443123644
2022-04-04 04:00:00,3.3450811322927505,2.9923884415779747,1.5716740571393804
2022-04-04 08:00:00,3.3450811322927505,2.9914876270861375,1.5702546691206554
2022-04-04 12:00:00,3.3450811322927505,2.9573856419243016,1.5165534928813122
2022-04-04 16:00:00,3.3450811322927505,2.976301450116918,1.5456536899389939
2022-04-04 20:00:00,3.3450811322927505,3.018733701090316,1.6117614747739686
2022-04-05 00:00:00,3.3450811322927505,3.0229662330659903,1.6185409717299375
2022-04-05 04:00:00,3.3450811322927505,3.0271248852919745,1.625220784036115
2022-04-05 08:00:00,3.3450811322927505,3.0253997283299103,1.6224421464938443
2022-04-05 12:00:00,3.3450811322927505,2.965800156573231,1.5265571073445885
2022-04-05 16:00:00,3.3450811322927505,2.9832189277326506,1.5534544849602243
2022-04-05 20:00:00,3.3450811322927505,2.948550531156523,1.499295761662806
2022-04-06 00:00:00,3.3450811322927505,2.93029640037122,1.4714498686078454
2022-04-06 04:00:00,3.3450811322927505,2.9341951773373287,1.4773231872800983
2022-04-06 08:00:00,3.3450811322927505,2.9045881916829615,1.4326031699303756
2022-04-06 12:00:00,3.3450811322927505,2.862409335289641,1.370192708220727
2022-04-06 16:00:00,3.3450811322927505,2.835593578424009,1.331683798188482
2022-04-06 20:00:00,3.3450811322927505,2.7977399277274655,1.2783520086276274
2022-04-07 00:00:00,3.3450811322927505,2.805748103753098,1.2893293705400262
2022-04-07 04:00:00,3.3450811322927505,2.8155527242185663,1.3028459636185883
2022-04-07 08:00:00,4.0018781718458065,2.8363822771553506,1.3317614572631278
2022-04-07 12:00:00,4.0018781718458065,2.808195856512571,1.2920584994503606
2022-04-07 16:00:00,4.0018781718458065,2.8118969727448597,1.2971671801796179
2022-04-07 20:00:00,4.0018781718458065,2.8154788444688763,1.3021242819038739
2022-04-08 00:00:00,4.0018781718458065,2.825962640177111,1.3166701610018792
2022-04-08 04:00:00,4.0018781718458065,2.8361735992658756,1.3309426056792206
2022-04-08 08:00:00,4.0018781718458065,2.8060559360434745,1.2885422943831482
2022-04-08 12:00:00,4.0018781718458065,2.8286877660319134,1.3197199374566257
2022-04-08 16:00:00,4.0018781718458065,2.769248915134209,1.2365266233717154
2022-04-08 20:00:00,4.0018781718458065,2.738217476060376,1.1949580951329253
2022-04-09 00:00:00,4.0018781718458065,2.7465120981330533,1.205817414246695
2022-04-09 04:00:00,4.0018781718458065,2.753063417340232,1.2144462072438298
2022-04-09 08:00:00,4.0018781718458065,2.7507310206811524,1.2113595690008818
2022-04-09 12:00:00,4.0018781718458065,2.7387851836106267,1.1955775416747167
2022-04-09 16:00:00,4.0018781718458065,2.7550627070577267,1.2168947025647654
2022-04-09 20:00:00,4.0018781718458065,2.7707478963713448,1.2376788651926116
2022-04-10 00:00:00,4.0018781718458065,2.7728055122070154,1.2404362444935184
2022-04-10 04:00:00,4.0018781718458065,2.7629464540312485,1.2272046640123575
2022-04-10 08:00:00,4.0018781718458065,2.7659774679724873,1.2312434767515053
2022-04-10 12:00:00,4.0018781718458065,2.7703266521845147,1.2370514467211677
2022-04-10 16:00:00,4.0018781718458065,2.80197181163516,1.2794435851167691
2022-04-10 20:00:00,4.0018781718458065,2.732180074761129,1.1838381371959423
2022-04-11 00:00:00,4.0018781718458065,2.7290933269736333,1.1798257262448866
2022-04-11 04:00:00,4.0018781718458065,2.741700193383492,1.1961761073447275
2022-04-11 08:00:00,4.0018781718458065,2.661461600676071,1.0911542442155555
2022-04-11 12:00:00,4.0018781718458065,2.6299577200450086,1.0524060694707704
2022-04-11 16:00:00,4.0018781718458065,2.5913212032289406,1.0060236073225841
2022-04-11 20:00:00,4.0018781718458065,2.5618418869665813,0.9716895139064059
2022-04-12 00:00:00,4.0018781718458065,2.575884223951562,0.9876680077414047
2022-04-12 04:00:00,4.0018781718458065,2.604194425578472,1.020232841416321
2022-04-12 08:00:00,4.0018781718458065,2.616768888589344,1.0350115537899371
2022-04-12 12:00:00,4.0018781718458065,2.603880760676278,1.0197186159746263
2022-04-12 16:00:00,4.0018781718458065,2.54710806144722,0.9530195038371374
2022-04-12 20:00:00,4.0018781718458065,2.59712854039538,1.009166111141014
2022-04-13 00:00:00,4.0018781718458065,2.5972004759411313,1.0092499671155983
2022-04-13 04:00:00,4.0018781718458065,2.600696802691822,1.0133258954363198
2022-04-13 08:00:00,4.0018781718458065,2.5742971054691823,0.9824670539138973
2022-04-13 12:00:00,4.0018781718458065,2.6673298562326067,1.0889834451639921
2022-04-13 16:00:00,4.0018781718458065,2.6609217600489496,1.0811347976005325
2022-04-13 20:00:00,4.0018781718458065,2.6666565136016582,1.0881249034893081
2022-04-14 00:00:00,4.0018781718458065,2.67781689228074,1.101786827225423
2022-04-14 04:00:00,4.0018781718458065,2.6746841316666825,1.0979199074363566
2022-04-14 08:00:00,4.0018781718458065,2.6518935250232074,1.069854244908015
2022-04-14 12:00:00,4.0018781718458065,2.589940170364117,0.9948726604180349
2022-04-14 16:00:00,4.0018781718458065,2.577743530985433,0.9808173901005839
2022-04-14 20:00:00,4.0018781718458065,2.5885377512559624,0.9931388163712545
2022-04-15 00:00:00,4.0018781718458065,2.6052941969400893,1.0124255468335575
2022-04-15 04:00:00,4.0018781718458065,2.607788610594104,1.0153335578873504
2022-04-15 08:00:00,4.0018781718458065,2.6065294145094713,1.0138627668475853
2022-04-15 12:00:00,4.0018781718458065,2.6189852810800507,1.0283976567372994
2022-04-15 16:00:00,4.0018781718458065,2.612579129100333,1.020851140459902
2022-04-15 20:00:00,4.0018781718458065,2.628038790757002,1.0389734775683324
2022-04-16 00:00:00,4.0018781718458065,2.620405846091639,1.0299206122632791
2022-04-16 04:00:00,4.0018781718458065,2.6177908917933923,1.0268372784324824
2022-04-16 08:00:00,4.0018781718458065,2.6192931133704267,1.02860503282486
2022-04-16 12:00:00,4.0018781718458065,2.5963340090522204,1.0015566851653612
2022-04-16 16:00:00,4.0018781718458065,2.6058813465297326,1.0126055713750626
2022-04-16 20:00:00,4.0018781718458065,2.6168149014159057,1.0253514071830716
2022-04-17 00:00:00,4.0018781718458065,2.6072332163354677,1.014088179193469
2022-04-17 04:00:00,4.0018781718458065,2.6107515773974694,1.0181935983106651
2022-04-17 08:00:00,4.0018781718458065,2.6223921744495375,1.0318131033239435
2022-04-17 12:00:00,4.0018781718458065,2.6211303860929864,1.0303237039435658
2022-04-17 16:00:00,4.0018781718458065,2.616280245332621,1.0246041697082056
2022-04-17 20:00:00,4.0018781718458065,2.5714119068233847,0.971889304617064
2022-04-18 00:00:00,4.0018781718458065,2.580164064889757,0.9818131858837568
2022-04-18 04:00:00,4.0018781718458065,2.5222708561237304,0.9157239981692132
2022-04-18 08:00:00,4.0018781718458065,2.527370503056295,0.9212783608979448
2022-04-18 12:00:00,4.0018781718458065,2.5439584510656896,0.9394183022333467
2022-04-18 16:00:00,4.0018781718458065,2.6363846102000785,1.0418100989149364
2022-04-18 20:00:00,4.0018781718458065,2.6441905890160324,1.0510640759684888
2022-04-19 00:00:00,4.0018781718458065,2.6372342273215166,1.042768627932041
2022-04-19 04:00:00,4.0018781718458065,2.636544034923095,1.0419499168298696
2022-04-19 08:00:00,4.0018781718458065,2.6368136312026667,1.0422695464101344
2022-04-19 12:00:00,4.0018781718458065,2.685974123941713,1.1005654576517505
2022-04-19 16:00:00,4.0018781718458065,2.6841187053157207,1.098284710084919
2022-04-19 20:00:00,3.6946827496712764,2.689040133553857,1.1043259437028894
2022-04-20 00:00:00,3.6946827496712764,2.6821032138987326,1.0957794513144563
2022-04-20 04:00:00,3.6946827496712764,2.679116268580117,1.0921184811265325
2022-04-20 08:00:00,3.6946827496712764,2.7277181267206285,1.1515548573467482
2022-04-20 12:00:00,3.6946827496712764,2.6740406001628028,1.0835720817448533
2022-04-20 16:00:00,3.6946827496712764,2.669644106988254,1.0782274539244316
2022-04-20 20:00:00,3.6946827496712764,2.680291863895363,1.0911288408058197
2022-04-21 00:00:00,3.6946827496712764,2.7020274158678226,1.1176740330822124
2022-04-21 04:00:00,3.6946827496712764,2.7125332458873683,1.1307110141356234
2022-04-21 08:00:00,3.6946827496712764,2.750400506011486,1.1780655615820694
2022-04-21 12:00:00,3.6946827496712764,2.730655818872784,1.152694126522182
2022-04-21 16:00:00,3.6946827496712764,2.6712590923937625,1.0774745503963903
2022-04-21 20:00:00,3.6946827496712764,2.6233798300506597,1.019537055512415
2022-04-22 00:00:00,3.6946827496712764,2.6248120602858824,1.0212068996349948
2022-04-22 04:00:00,3.6946827496712764,2.638258174729503,1.0369008973701448
2022-04-22 08:00:00,3.909634634841128,2.630218891440843,1.0274219841962147
2022-04-22 12:00:00,3.909634634841128,2.555565348582811,0.9399379827162547
2022-04-22 16:00:00,3.909634634841128,2.5600577558183604,0.9448949103841742
2022-04-22 20:00:00,3.909634634841128,2.573424805968453,0.9596958940240549
2022-04-23 00:00:00,3.909634634841128,2.5574719645792023,0.9418482269652313
2022-04-23 04:00:00,3.909634634841128,2.5664127104276795,0.9517261365670914
2022-04-23 08:00:00,3.909634634841128,2.566539083683728,0.9518667289943217
2022-04-23 12:00:00,3.909634634841128,2.578834229395333,0.9655466377150759
2022-04-23 16:00:00,3.909634634841128,2.576414991626968,0.9628292623214361
2022-04-23 20:00:00,3.909634634841128,2.5560838029666018,0.9400354226912571
2022-04-24 00:00:00,3.909634634841128,2.5777921360839127,0.9639860483407409
2022-04-24 04:00:00,3.909634634841128,2.5761596528429505,0.9621546077295188
2022-04-24 08:00:00,3.909634634841128,2.5669395896952065,0.9518239674316216
2022-04-24 12:00:00,3.909634634841128,2.5700101357832086,0.9552396528315389
2022-04-24 16:00:00,4.166218028394785,2.5730722569874747,0.9586541058199118
2022-04-24 20:00:00,4.166218028394785,2.556636604953319,0.9402837255149088
2022-04-25 00:00:00,4.166218028394785,2.5439072536952896,0.9262388646209926
2022-04-25 04:00:00,4.166218028394785,2.4920754247437595,0.8696228213322009
2022-04-25 08:00:00,4.166218028394785,2.5165963728931366,0.8952929626525759
2022-04-25 12:00:00,4.166218028394785,2.5259590109964236,0.9052853922245446
2022-04-25 16:00:00,4.166218028394785,2.6069163110933746,0.9923289200719714
2022-04-25 20:00:00,4.166218028394785,2.6198847994359276,1.0071383782550007
2022-04-26 00:00:00,4.166218028394785,2.626962349842655,1.0153006523826849
2022-04-26 04:00:00,4.166218028394785,2.63015149237095,1.0189983892265868
2022-04-26 08:00:00,4.166218028394785,2.622538637812958,1.0101500549524836
2022-04-26 12:00:00,4.166218028394785,2.499205468656846,0.8676335568492484
2022-04-26 16:00:00,4.166218028394785,2.4801581026643427,0.8477958915048697
2022-04-26 20:00:00,4.166218028394785,2.4699588087992135,0.8373365751098969
2022-04-27 00:00:00,4.166218028394785,2.484898719936132,0.8525308374343548
2022-04-27 04:00:00,4.2698663204672,2.5347714393849112,0.9038625447619144
2022-04-27 08:00:00,4.2698663204672,2.528579149838507,0.8972383042086831
2022-04-27 12:00:00,4.2698663204672,2.527838408137666,0.8964497722449176
2022-04-27 16:00:00,4.2698663204672,2.5182794054365183,0.8862800172082671
2022-04-27 20:00:00,4.2698663204672,2.542741379399739,0.9121073642352903
2022-04-28 00:00:00,4.2698663204672,2.549633582364261,0.9195242755232507
2022-04-28 04:00:00,4.2698663204672,2.5524163862692593,0.9225351266851978
2022-04-28 08:00:00,4.2698663204672,2.571489026912972,0.9432157425680007
2022-04-28 12:00:00,4.2698663204672,2.5558511465618747,0.9260079363827377
2022-04-28 16:00:00,4.2698663204672,2.5912201046240995,0.9644514144913114
2022-04-28 20:00:00,4.2698663204672,2.5755563015538128,0.9469612248306655
2022-04-29 00:00:00,4.2698663204672,2.5620077923693936,0.9320169820926981
2022-04-29 04:00:00,4.2698663204672,2.5670063406971186,0.9374721551110546
2022-04-29 08:00:00,4.2698663204672,2.5112336103607973,0.8763674579283204
2022-04-29 12:00:00,4.2698663204672,2.5277800820194885,0.893690564681969
2022-04-29 16:00:00,4.2698663204672,2.4841443688077156,0.8474086605029773
2022-04-29 20:00:00,4.2698663204672,2.5012903033476652,0.8649554829872246
2022-04-30 00:00:00,4.2698663204672,2.505195560993571,0.8690068408109646
2022-04-30 04:00:00,4.2698663204672,2.504804776001788,0.868600172162297
2022-04-30 08:00:00,4.2698663204672,2.5002469139002854,0.8638585333998824
2022-04-30 12:00:00,4.2698663204672,2.4928945826701483,0.856237637193721
2022-04-30 16:00:00,4.2698663204672,2.4929120805056018,0.8562556672043625
2022-04-30 20:00:00,4.2698663204672,2.4387316531954983,0.8004266249786686
2022-05-01 00:00:00,4.2698663204672,2.4653439167154927,0.8266302020443627
2022-05-01 04:00:00,4.2698663204672,2.4607316169036912,0.8219906874929024
2022-05-01 08:00:00,4.2698663204672,2.4589500780273896,0.8202053545996274
2022-05-01 12:00:00,4.2698663204672,2.4944136540146564,0.8556929578388213
2022-05-01 16:00:00,4.2698663204672,2.4502069929127335,0.810198504422563
2022-05-01 20:00:00,4.2698663204672,2.4930105868385217,0.8526594979829787
2022-05-02 00:00:00,4.2698663204672,2.5063445855216475,0.8663409809457258
2022-05-02 04:00:00,4.2698663204672,2.5197835712174914,0.8802769067373062
2022-05-02 08:00:00,4.2698663204672,2.4969262135721038,0.8563215111460708
2022-05-02 12:00:00,4.2698663204672,2.507767094737175,0.8674751604100768
2022-05-02 16:00:00,4.2698663204672,2.4991691768499797,0.8585527047952316
2022-05-02 20:00:00,4.2698663204672,2.496692261031418,0.8559999811197704
2022-05-03 00:00:00,4.2698663204672,2.49646414110255,0.8557653458891671
2022-05-03 04:00:00,4.2698663204672,2.4989494818048485,0.8583212028839511
2022-05-03 08:00:00,4.2698663204672,2.499598845920547,0.8589903196383565
2022-05-03 12:00:00,4.2698663204672,2.483808669594211,0.8427113771610364
2022-05-03 16:00:00,4.2698663204672,2.444349754511854,0.8025482876154566
2022-05-03 20:00:00,4.2698663204672,2.445092440416635,0.8032798211859093
2022-05-04 00:00:00,4.2698663204672,2.4635409915958597,0.8214623839153514
2022-05-04 04:00:00,4.2698663204672,2.508108626562497,0.8660453266673376
2022-05-04 08:00:00,4.2698663204672,2.5276141766166758,0.886251019063902
2022-05-04 12:00:00,4.2698663204672,2.5257282987956353,0.8842672972330281
2022-05-04 16:00:00,4.2698663204672,2.583148417936453,0.9445763181007842
2022-05-04 20:00:00,4.2698663204672,2.572181811583313,0.9325458866561386
2022-05-05 00:00:00,4.2698663204672,2.5747358474914637,0.9353237878952255
2022-05-05 04:00:00,4.2698663204672,2.5656259559002748,0.9253957422838431
2022-05-05 08:00:00,4.2698663204672,2.559403855226803,0.9186629929623171
2022-05-05 12:00:00,4.2698663204672,2.391997526972594,0.7383983603517491
2022-05-05 16:00:00,4.2698663204672,2.3535236752194404,0.702768270357174
2022-05-05 20:00:00,4.2698663204672,2.368880942135311,0.716525429490328
2022-05-06 00:00:00,4.2698663204672,2.3629738024999916,0.7111651570228887
2022-05-06 04:00:00,4.2698663204672,2.3571489674980994,0.7059059962640554
2022-05-06 08:00:00,4.2698663204672,2.3188416692157383,0.6714898198606228
2022-05-06 12:00:00,4.2698663204672,2.3333259885629003,0.6840729208782776
2022-05-06 16:00:00,4.2698663204672,2.3331322162369585,0.6839024932548224
2022-05-06 20:00:00,4.2698663204672,2.333937116667794,0.6846103057923708
2022-05-07 00:00:00,4.2698663204672,2.3208746584681785,0.6731155314406013
2022-05-07 04:00:00,4.2698663204672,2.327963874098541,0.679283716089157
2022-05-07 08:00:00,4.2698663204672,2.3366648347945147,0.6869003560819859
2022-05-07 12:00:00,4.2698663204672,2.3306125279317342,0.681562836112597
2022-05-07 16:00:00,4.2698663204672,2.3250320145582033,0.6766669508340561
2022-05-07 20:00:00,4.2698663204672,2.298852012380695,0.6538090175212758
2022-05-08 00:00:00,4.2698663204672,2.2345539477709093,0.5989486077715745
2022-05-08 04:00:00,4.2698663204672,2.2420916264432513,0.6050097934741607
2022-05-08 08:00:00,4.2698663204672,2.2543848279509167,0.6149614482828725
2022-05-08 12:00:00,4.2698663204672,2.226626780242744,0.5922455450238379
2022-05-08 16:00:00,4.2698663204672,2.241514197873304,0.6041249585566895
2022-05-08 20:00:00,4.2698663204672,2.20591971215413,0.5753450598208109
2022-05-09 00:00:00,4.2698663204672,2.175120281417043,0.5512458595340899
2022-05-09 04:00:00,4.2698663204672,2.1725357863138446,0.5492808754776272
2022-05-09 08:00:00,4.2698663204672,2.1465508525982377,0.5295716114501464
2022-05-09 12:00:00,4.2698663204672,2.0959510008761915,0.4921214224879595
2022-05-09 16:00:00,4.2698663204672,2.0054346980780933,0.4283627587509789
2022-05-09 20:00:00,4.2698663204672,1.9491493459697984,0.39229494453171904
2022-05-10 00:00:00,4.2698663204672,1.9858455472545284,0.41445189357815865
2022-05-10 04:00:00,4.2698663204672,2.048528626458805,0.45369833080602673
2022-05-10 08:00:00,4.2698663204672,2.04933611916156,0.4542348496810565
2022-05-10 12:00:00,4.2698663204672,2.029748912541934,0.44121035100851436
2022-05-10 16:00:00,4.2698663204672,2.030398924725612,0.44163423413309427
2022-05-10 20:00:00,4.2698663204672,2.0101189334356455,0.4284008665729034
2022-05-11 00:00:00,4.2698663204672,2.022358345300993,0.43622633584575227
2022-05-11 04:00:00,4.2698663204672,1.9840594719023688,0.41144292802608284
2022-05-11 08:00:00,4.2698663204672,2.043562481530067,0.4484611114842282
2022-05-11 12:00:00,4.2698663204672,2.0075597129836575,0.42475861878616766
2022-05-11 16:00:00,4.2698663204672,1.9035195275843697,0.35872028603424216
2022-05-11 20:00:00,4.2698663204672,1.8861331598239368,0.3488908473669639
2022-05-12 00:00:00,4.2698663204672,1.8409116242657428,0.32379604463054473
2022-05-12 04:00:00,4.2698663204672,1.8271239779967998,0.3165207600359959
2022-05-12 08:00:00,4.2698663204672,1.8452426625743372,0.32593709940168397
2022-05-12 12:00:00,4.2698663204672,1.8807755818354364,0.3447663247477086
2022-05-12 16:00:00,4.2698663204672,1.8561412217896052,0.3312190979692356
2022-05-12 20:00:00,4.2698663204672,1.881325143482255,0.34470093177872074
2022-05-13 00:00:00,4.2698663204672,1.9819564913081171,0.40001468679108027
2022-05-13 04:00:00,4.2698663204672,1.955294326553683,0.3838711576114191
2022-05-13 08:00:00,4.2698663204672,1.9875000648068029,0.4028394334209424
2022-05-13 12:00:00,4.2698663204672,1.9662376024595525,0.38991059114802445
2022-05-13 16:00:00,4.2698663204672,1.9496548389939958,0.38004536158832875
2022-05-13 20:00:00,4.2698663204672,1.8979999326009345,0.3498381569303621
2022-05-14 00:00:00,4.2698663204672,1.9163298873398669,0.35997385420675393
2022-05-14 04:00:00,4.2698663204672,1.9073671071800793,0.35492300173113156
2022-05-14 08:00:00,4.2698663204672,1.8842083979241133,0.3419948791252561
2022-05-14 12:00:00,4.2698663204672,1.8676061924191645,0.33295468600574807
2022-05-14 16:00:00,4.2698663204672,1.9013523882601233,0.35100338506081064
2022-05-14 20:00:00,4.2698663204672,1.949825280872667,0.37784872340379067
2022-05-15 00:00:00,4.2698663204672,1.9261649670003829,0.36409361496457554
2022-05-15 04:00:00,4.2698663204672,1.9329269083009775,0.3679281457983687
2022-05-15 08:00:00,4.2698663204672,1.9598521886551854,0.38330363946025686
2022-05-15 12:00:00,4.2698663204672,1.9450768867851207,0.3746344749992279
2022-05-15 16:00:00,4.2698663204672,1.9738776758726928,0.3912761335979577
2022-05-15 20:00:00,4.2698663204672,2.030325044975922,0.4248443358292183
2022-05-16 00:00:00,4.2698663204672,1.9651514405255095,0.38393171925359004
2022-05-16 04:00:00,4.2698663204672,1.9178852504912396,0.3562285266728116
2022-05-16 08:00:00,4.2698663204672,1.9410251657757933,0.3691225690985076
2022-05-16 12:00:00,4.2698663204672,1.9232428284797403,0.35897762794622967
2022-05-16 16:00:00,4.2698663204672,1.9167712216340684,0.3553538077399749
2022-05-16 20:00:00,4.2698663204672,1.9360389307396828,0.3660700378040968
2022-05-17 00:00:00,4.2698663204672,1.967767042891735,0.3840676788079121
2022-05-17 04:00:00,4.2698663204672,1.970908228389529,0.38590696333175983
2022-05-17 08:00:00,4.2698663204672,1.9649077669651274,0.3823822636828487
2022-05-17 12:00:00,4.2698663204672,1.9541673363369163,0.3761118164197378
2022-05-17 16:00:00,4.2698663204672,1.950496031231696,0.37399200629998025
2022-05-17 20:00:00,4.2698663204672,1.9730384278389306,0.3869589788017788
2022-05-18 00:00:00,4.2698663204672,1.9332775130780158,0.3635648430033794
2022-05-18 04:00:00,4.2698663204672,1.938387529098256,0.3664477537488504
2022-05-18 08:00:00,4.2698663204672,1.9334187918975987,0.36362976834786676
2022-05-18 12:00:00,4.2698663204672,1.8784243912049434,0.33260037947241333
2022-05-18 16:00:00,4.2698663204672,1.8973194612222077,0.34263726062769145
2022-05-18 20:00:00,4.2698663204672,1.860947941995327,0.3229322431530834
2022-05-19 00:00:00,4.2698663204672,1.8921498229478313,0.3391757282810725
2022-05-19 04:00:00,4.2698663204672,1.891848471337253,0.33901367269105476
2022-05-19 08:00:00,4.2698663204672,1.9118135015890663,0.3497466965039043
2022-05-19 12:00:00,4.2698663204672,1.9694429466873395,0.38137484646893133
2022-05-19 16:00:00,4.2698663204672,1.9420912376024633,0.3654851952295493
2022-05-19 20:00:00,4.2698663204672,1.9648922133336133,0.37835804935479317
2022-05-20 00:00:00,4.2698663204672,1.9555470730657796,0.3729595714860978
2022-05-20 04:00:00,4.2698663204672,1.9608424365282253,0.3759893474219755
2022-05-20 08:00:00,4.2698663204672,1.9710384900534559,0.3818545930528563
2022-05-20 12:00:00,4.2698663204672,1.8893061006527372,0.3343518855440812
2022-05-20 16:00:00,4.2698663204672,1.8982915631918158,0.3391223772204517
2022-05-20 20:00:00,4.2698663204672,1.8924239557032607,0.3359777017047955
2022-05-21 00:00:00,4.2698663204672,1.8961289603434275,0.3379510422029286
2022-05-21 04:00:00,4.2698663204672,1.9068220820091177,0.3436686147207834
2022-05-21 08:00:00,4.2698663204672,1.8980614990590086,0.3389318265825242
2022-05-21 12:00:00,4.2698663204672,1.9152009529191607,0.3481134675456777
2022-05-21 16:00:00,4.2698663204672,1.9094875856097833,0.3449980240684833
2022-05-21 20:00:00,4.2698663204672,1.908240054748786,0.34432182849865817
2022-05-22 00:00:00,4.2698663204672,1.9029544123060362,0.34146061289926544
2022-05-22 04:00:00,4.2698663204672,1.9080274884514314,0.3441915070478942
2022-05-22 08:00:00,4.2698663204672,1.9375625385600477,0.3601751028857146
2022-05-22 12:00:00,4.2698663204672,1.9340947268004653,0.35824119969688
2022-05-22 16:00:00,4.2698663204672,1.9400569522140623,0.3615542454677512
2022-05-22 20:00:00,4.2698663204672,1.9632532494128532,0.3745230189696579
2022-05-23 00:00:00,4.2698663204672,1.9553066398452958,0.3699751774621426
2022-05-23 04:00:00,4.2698663204672,1.9738212939584538,0.3804849803261698
2022-05-23 08:00:00,4.2698663204672,1.9699393667598184,0.37824007345695937
2022-05-23 12:00:00,4.2698663204672,1.9684112224635943,0.3773598350791548
2022-05-23 16:00:00,4.2698663204672,1.8852232723803826,0.32951649203315514
2022-05-23 20:00:00,4.2698663204672,1.88647080324138,0.33017065644812105
2022-05-24 00:00:00,4.2698663204672,1.898833996090857,0.33666208503301004
2022-05-24 04:00:00,4.2698663204672,1.9056147313628642,0.3402687454563496
2022-05-24 08:00:00,4.2698663204672,1.8985631036753265,0.33649130534659405
2022-05-24 12:00:00,4.2698663204672,1.9041734281759255,0.3394743382691816
2022-05-24 16:00:00,4.2698663204672,1.904776779465062,0.33979703305621006
2022-05-24 20:00:00,4.2698663204672,1.9218183750602738,0.3489172885384661
2022-05-25 00:00:00,4.2698663204672,1.9570415178270575,0.36810218700880776
2022-05-25 04:00:00,4.2698663204672,1.9248565177492891,0.3499410461087524
2022-05-25 08:00:00,4.2698663204672,1.905903769681828,0.3396041543598783
2022-05-25 12:00:00,4.623412639862658,1.9201839476153726,0.3472377104108844
2022-05-25 16:00:00,4.623412639862658,1.918222893908683,0.3461738251514289
2022-05-25 20:00:00,4.623412639862658,1.9145321467640706,0.3441756631118021
2022-05-26 00:00:00,4.623412639862658,1.9336508002343449,0.35448655067834134
2022-05-26 04:00:00,4.623412639862658,1.9269458889159674,0.350799016891629
2022-05-26 08:00:00,4.623412639862658,1.8792934503657732,0.32477374753863075
2022-05-26 12:00:00,4.623412639862658,1.9048726935260638,0.33803532729684127
2022-05-26 16:00:00,4.623412639862658,1.9040081708410923,0.3375750773130553
2022-05-26 20:00:00,4.623412639862658,1.8924459900145723,0.33142525482879176
2022-05-27 00:00:00,4.623412639862658,1.8806939252699888,0.3252508153891097
2022-05-27 04:00:00,4.623412639862658,1.8789428455887347,0.32434231015098475
2022-05-27 08:00:00,4.623412639862658,1.8737563575468847,0.3216564421103255
2022-05-27 12:00:00,4.623412639862658,1.8697052846055375,0.3195701724032824
2022-05-27 16:00:00,4.623412639862658,1.8716203254856656,0.32055212921101156
2022-05-27 20:00:00,4.623412639862658,1.8554056646326007,0.31222088169765333
2022-05-28 00:00:00,4.623412639862658,1.8676800721688538,0.31841735896890944
2022-05-28 04:00:00,4.623412639862658,1.8719910203700765,0.3206222559874192
2022-05-28 08:00:00,4.623412639862658,1.8682516681269836,0.3187009013349673
2022-05-28 12:00:00,4.623412639862658,1.8786330690944193,0.3240137217143948
2022-05-28 16:00:00,4.623412639862658,1.8806816119783738,0.3250736775112577
2022-05-28 20:00:00,4.623412639862658,1.8814275382230534,0.32546047502014874
2022-05-29 00:00:00,4.623412639862658,1.8783809706503012,0.3238794351300681
2022-05-29 04:00:00,4.623412639862658,1.8799382780056135,0.32468499028811654
2022-05-29 08:00:00,4.623412639862658,1.893256074989246,0.33158535851011556
2022-05-29 12:00:00,4.623412639862658,1.8933941134689307,0.3316578867951887
2022-05-29 16:00:00,4.623412639862658,1.8875893685744103,0.3286075085172485
2022-05-29 20:00:00,4.623412639862658,1.9097332033741055,0.3401724661881656
2022-05-30 00:00:00,4.623412639862658,1.9670852753770502,0.3708200913220433
2022-05-30 04:00:00,4.623412639862658,1.9854288395435569,0.3811940627373271
2022-05-30 08:00:00,4.623412639862658,1.987324438384293,0.38228590396934997
2022-05-30 12:00:00,4.623412639862658,1.9852966336756903,0.3811156856479796
2022-05-30 16:00:00,4.623412639862658,1.9858818390613944,0.38145270977027096
2022-05-30 20:00:00,4.623412639862658,2.0565931843986753,0.4221998988927956
2022-05-31 00:00:00,4.623412639862658,2.059094726800467,0.42374053068685835
2022-05-31 04:00:00,4.623412639862658,2.046194933663766,0.41577659616988266
2022-05-31 08:00:00,4.623412639862658,2.058717551236259,0.4234101963080263
2022-05-31 12:00:00,4.623412639862658,2.0776106770495844,0.43506727200258466
2022-05-31 16:00:00,4.623412639862658,2.0495609987505294,0.41744583240431
2022-05-31 20:00:00,4.623412639862658,2.06092357463929,0.4243886752175257
2022-06-01 00:00:00,4.623412639862658,2.049664041559308,0.4174329320941284
2022-06-01 04:00:00,4.623412639862658,2.040275480736832,0.41169673182988115
2022-06-01 08:00:00,4.067611431026526,2.0484884462440616,0.41666848847237664
2022-06-01 12:00:00,4.067611431026526,1.9923288193238362,0.3823993957104519
2022-06-01 16:00:00,4.067611431026526,1.9524162566556627,0.3594174365616428
2022-06-01 20:00:00,4.067611431026526,1.9316204032538242,0.3479326023794021
2022-06-02 00:00:00,4.067611431026526,1.9267138805792217,0.34528124417268763
2022-06-02 04:00:00,4.067611431026526,1.9421469714487216,0.35357841305266025
2022-06-02 08:00:00,4.067611431026526,1.9554589358205363,0.360848959473288
2022-06-02 12:00:00,4.067611431026526,1.9579902893493963,0.36225032301544524
2022-06-02 16:00:00,4.067611431026526,1.9631929790907394,0.3651379921468028
2022-06-02 20:00:00,4.067611431026526,1.9735367921153506,0.3709095884582838
2022-06-03 00:00:00,4.067611431026526,1.9785489498706506,0.3737355667391047
2022-06-03 04:00:00,4.067611431026526,1.9729613077493426,0.3705691544119108
2022-06-03 08:00:00,4.067611431026526,1.9285330073983487,0.34553507346714973
2022-06-03 12:00:00,4.067611431026526,1.9122049346488297,0.3367585757944034
2022-06-03 16:00:00,4.067611431026526,1.9165003292185383,0.33902796271767643
2022-06-03 20:00:00,4.067611431026526,1.9247755092518228,0.3434195885134577
2022-06-04 00:00:00,4.067611431026526,1.915696724923662,0.3385600622520424
2022-06-04 04:00:00,4.067611431026526,1.9248241143503035,0.34339929827350424
2022-06-04 08:00:00,4.067611431026526,1.923575287353347,0.34273090528441597
2022-06-04 12:00:00,4.067611431026526,1.9350532193425007,0.3488661089033732
2022-06-04 16:00:00,4.067611431026526,1.9218721647025931,0.34173696661803116
2022-06-04 20:00:00,4.067611431026526,1.935392806963884,0.3489494701725786
2022-06-05 00:00:00,4.067611431026526,1.9291007149486,0.3455460956734429
2022-06-05 04:00:00,4.427537763298825,1.9212409464903275,0.34132250234426986
2022-06-05 08:00:00,4.427537763298825,1.9259731388783805,0.3438446280834938
2022-06-05 12:00:00,4.427537763298825,1.9424036063686987,0.35264463863826684
2022-06-05 16:00:00,4.427537763298825,1.9474352061633906,0.35538510928847633
2022-06-05 20:00:00,4.427537763298825,1.938968198008103,0.35074970687443446
2022-06-06 00:00:00,4.427537763298825,2.0252772434817374,0.39758833852128983
2022-06-06 04:00:00,4.427537763298825,2.0279842234331067,0.399182584935808
2022-06-06 08:00:00,4.427537763298825,2.0347202420145116,0.4031602805388077
2022-06-06 12:00:00,4.427537763298825,2.0440984337493115,0.40873487649457213
2022-06-06 16:00:00,4.427537763298825,2.0395165931325585,0.40598634243033227
2022-06-06 20:00:00,4.427537763298825,2.033190153514348,0.40220831764271536
2022-06-07 00:00:00,4.427537763298825,1.9159235487165711,0.33261482130909126
2022-06-07 04:00:00,4.427537763298825,1.9173168948730097,0.33334049888086487
2022-06-07 08:00:00,4.427537763298825,1.9131938863859115,0.33119004731546975
2022-06-07 12:00:00,4.427537763298825,1.937151015392916,0.34363159243930597
2022-06-07 16:00:00,3.849626117859795,2.0128803510973143,0.3839325168623741
2022-06-07 20:00:00,3.849626117859795,2.0171329731803604,0.38636592513532736
2022-06-08 00:00:00,3.849626117859795,1.9459355768582756,0.3454540245373653
2022-06-08 04:00:00,3.849626117859795,1.9806104541142004,0.3639210941169316
2022-06-08 08:00:00,3.849626117859795,1.9708298121639822,0.3585297534134192
2022-06-08 12:00:00,3.849626117859795,1.9751018762864205,0.36086125167917105
2022-06-08 16:00:00,3.849626117859795,1.953285963884473,0.34890361412577287
2022-06-08 20:00:00,3.849626117859795,1.9574744272375248,0.3511480934726785
2022-06-09 00:00:00,3.849626117859795,1.9632240863537678,0.3542423589333555
2022-06-09 04:00:00,3.849626117859795,1.9757998455005992,0.3610498343761999
2022-06-09 08:00:00,3.849626117859795,1.9636116310056515,0.35436815631842966
2022-06-09 12:00:00,3.849626117859795,1.9637911458360393,0.3544653461167664
2022-06-09 16:00:00,3.849626117859795,1.9453134315977263,0.3444596343788078
2022-06-09 20:00:00,3.849626117859795,1.951328150517682,0.3476547409046867
2022-06-10 00:00:00,3.849626117859795,1.951616540768666,0.3478088824384292
2022-06-10 04:00:00,3.849626117859795,1.9476017596341841,0.3456623902708607
2022-06-10 08:00:00,3.849626117859795,1.9455363669827566,0.3445626861493039
2022-06-10 12:00:00,3.849626117859795,1.908853775125601,0.32507276152020725
2022-06-10 16:00:00,3.849626117859795,1.878102301419015,0.3093620770106646
2022-06-10 20:00:00,3.849626117859795,1.8853515898403732,0.31294439772000976
2022-06-11 00:00:00,3.849626117859795,1.8970524572145573,0.31877098345544663
2022-06-11 04:00:00,3.849626117859795,1.9005779470243365,0.32054819923493366
2022-06-11 08:00:00,3.849626117859795,1.8621591810494604,0.3011092707721109
2022-06-11 12:00:00,3.849626117859795,1.84087209211898,0.29078296802106635
2022-06-11 16:00:00,3.849626117859795,1.853168533966544,0.29660998208441275
2022-06-11 20:00:00,3.849626117859795,1.8421137903681595,0.2913018615752981
2022-06-12 00:00:00,4.8785107986308445,1.7856366101378618,0.2645088787145792
2022-06-12 04:00:00,4.8785107986308445,1.7916416080381217,0.26717746523256924
2022-06-12 08:00:00,4.8785107986308445,1.7794255266200452,0.261712318095363
2022-06-12 12:00:00,4.8785107986308445,1.8207094011333462,0.27992802592443444
2022-06-12 16:00:00,4.8785107986308445,1.7773076404622588,0.25990939607816754
2022-06-12 20:00:00,4.8785107986308445,1.722210196960825,0.23573742448491422
2022-06-13 00:00:00,4.8785107986308445,1.6538727246333276,0.20767517096198992
2022-06-13 04:00:00,4.8785107986308445,1.6079597005407522,0.19037941116296156
2022-06-13 08:00:00,4.8785107986308445,1.5378283760453377,0.16546915951232846
2022-06-13 12:00:00,4.8785107986308445,1.5081539913210777,0.15589033607041267
2022-06-13 16:00:00,4.8785107986308445,1.5046984928531104,0.15481880328152878
2022-06-13 20:00:00,4.8785107986308445,1.4573370368258187,0.14019970720618266
2022-06-14 00:00:00,4.8785107986308445,1.4340389929542086,0.13347570545489745
2022-06-14 04:00:00,4.8785107986308445,1.4826188167834091,0.1470406634964901
2022-06-14 08:00:00,4.8785107986308445,1.4253970064443917,0.13001551948076714
2022-06-14 12:00:00,4.8785107986308445,1.4698428046308383,0.14217769643319988
2022-06-14 16:00:00,4.8785107986308445,1.4384698337316826,0.13307358669033237
2022-06-14 20:00:00,4.8785107986308445,1.4345898507369865,0.13199676900261847
2022-06-15 00:00:00,4.8785107986308445,1.3904816959679838,0.1198215805753795
2022-06-15 04:00:00,4.8785107986308445,1.3429860898688863,0.10754310482913595
2022-06-15 08:00:00,4.8785107986308445,1.3724155048968052,0.11461301572981387
2022-06-15 12:00:00,4.8785107986308445,1.3881032864823424,0.11854336470477156
2022-06-15 16:00:00,4.8785107986308445,1.4019032460429006,0.12207889478029774
2022-06-15 20:00:00,4.8785107986308445,1.4635785795386833,0.13819111201702353
2022-06-16 00:00:00,4.8785107986308445,1.4394639700126022,0.1313604066086761
2022-06-16 04:00:00,4.8785107986308445,1.4104661682591892,0.12342169516794566
2022-06-16 08:00:00,4.8785107986308445,1.3638299003012255,0.11117908904833387
2022-06-16 12:00:00,4.8785107986308445,1.3657883617359963,0.11165804897920062
2022-06-16 16:00:00,4.8785107986308445,1.3528730149677817,0.10849042258312631
2022-06-16 20:00:00,4.8785107986308445,1.3221435755725068,0.10109760042867896
2022-06-17 00:00:00,4.8785107986308445,1.3209815896848351,0.10083104696093309
2022-06-17 04:00:00,4.8785107986308445,1.3674649135995807,0.11147531843257304
2022-06-17 08:00:00,4.8785107986308445,1.3591307593801396,0.10943712538007384
2022-06-17 12:00:00,4.8785107986308445,1.3391482312928733,0.1046101495723281
2022-06-17 16:00:00,4.8785107986308445,1.3295496964449618,0.10236072532790563
2022-06-17 20:00:00,4.8785107986308445,1.3265180344357437,0.10166051128616868
2022-06-18 00:00:00,4.8785107986308445,1.325924404166303,0.10152402895768237
2022-06-18 04:00:00,4.8785107986308445,1.2480869033238144,0.08364432933522496
2022-06-18 08:00:00,4.8785107986308445,1.2471407240733956,0.08345409611839988
2022-06-18 12:00:00,4.8785107986308445,1.228332495165416,0.07967836244343003
2022-06-18 16:00:00,4.8785107986308445,1.170903303072882,0.06850256761493109
2022-06-18 20:00:00,4.8785107986308445,1.229436154934911,0.07877579162544655
2022-06-19 00:00:00,4.8785107986308445,1.186683110311542,0.07055762204969766
2022-06-19 04:00:00,4.8785107986308445,1.1864135140319707,0.07050953320718854
2022-06-19 08:00:00,4.8785107986308445,1.2762078691006402,0.0865191908492756
2022-06-19 12:00:00,4.8785107986308445,1.2847928256282402,0.08826521556098871
2022-06-19 16:00:00,4.8785107986308445,1.3041771869702075,0.0922603300998426
2022-06-19 20:00:00,4.8785107986308445,1.3333350615146158,0.09844840444438721
2022-06-20 00:00:00,4.8785107986308445,1.2948715788491383,0.08992841136742775
2022-06-20 04:00:00,4.8785107986308445,1.301750172386086,0.0913615596409494
2022-06-20 08:00:00,4.8785107986308445,1.3480974020250864,0.1011200108584241
2022-06-20 12:00:00,4.8785107986308445,1.349584718038587,0.10145469901495308
2022-06-20 16:00:00,4.8785107986308445,1.300854542438087,0.09046486214347517
2022-06-20 20:00:00,4.8785107986308445,1.333327932766839,0.09723971824825359
2022-06-21 00:00:00,4.8785107986308445,1.3359299257054904,0.09780900893965914
2022-06-21 04:00:00,4.8785107986308445,1.3687377191117875,0.10501499563886216
2022-06-21 08:00:00,4.8785107986308445,1.358507317983631,0.10266024458278467
2022-06-21 12:00:00,4.8785107986308445,1.3863593355488655,0.10897444303616123
2022-06-21 16:00:00,4.8785107986308445,1.353725872429118,0.10127900641314241
2022-06-21 20:00:00,4.8785107986308445,1.343024973947671,0.09887724312856219
2022-06-22 00:00:00,4.8785107986308445,1.3167367444175462,0.0930710048684592
2022-06-22 04:00:00,4.8785107986308445,1.302592012691767,0.09007162537769686
2022-06-22 08:00:00,4.498356919331597,1.3289476412917847,0.09553894196506543
2022-06-22 12:00:00,4.498356919331597,1.3013269839953168,0.08958193893689688
2022-06-22 16:00:00,4.498356919331597,1.3037403891518642,0.09008034752141741
2022-06-22 20:00:00,4.498356919331597,1.2953576298339429,0.0883427580162599
2022-06-23 00:00:00,4.498356919331597,1.3099910048164451,0.09133672510750894
2022-06-23 04:00:00,4.498356919331597,1.3260656829858866,0.0946990576481656
2022-06-23 08:00:00,4.498356919331597,1.3375338939553445,0.09715601461263348
2022-06-23 12:00:00,4.498356919331597,1.3189421197525977,0.09310459723708885
2022-06-23 16:00:00,4.498356919331597,1.3551140340417194,0.100764762442401
2022-06-23 20:00:00,4.498356919331597,1.3680799301123536,0.1036571509896148
2022-06-24 00:00:00,4.498356919331597,1.3657209626661042,0.10312094581759233
2022-06-24 04:00:00,4.498356919331597,1.3553512269223038,0.10077199536502328
2022-06-24 08:00:00,4.498356919331597,1.3719294539120022,0.10446982876830971
2022-06-24 12:00:00,4.498356919331597,1.3534361860421755,0.10024514683101705
2022-06-24 16:00:00,4.498356919331597,1.377378409485646,0.105565142844062
2022-06-24 20:00:00,4.498356919331597,1.3763466852619017,0.10532792238023335
2022-06-25 00:00:00,4.498356919331597,1.380424977058398,0.10626422281903646
2022-06-25 04:00:00,4.498356919331597,1.393873035705958,0.10936989141607896
2022-06-25 08:00:00,4.498356919331597,1.382991326258164,0.1068083997660368
2022-06-25 12:00:00,4.498356919331597,1.3584729703807055,0.10112774297569185
2022-06-25 16:00:00,4.498356919331597,1.3743059191937042,0.10466366252584568
2022-06-25 20:00:00,4.498356919331597,1.3927752085482803,0.1088833856044605
2022-06-26 00:00:00,4.498356919331597,1.3885653589518971,0.10789604175860568
2022-06-26 04:00:00,4.498356919331597,1.3866399489840933,0.10744720992015608
2022-06-26 08:00:00,4.498356919331597,1.4068648544957818,0.11214873969301853
2022-06-26 12:00:00,4.498356919331597,1.3820769023387525,0.10622079803231506
2022-06-26 16:00:00,4.498356919331597,1.3793219653568827,0.10558559834643413
2022-06-26 20:00:00,4.498356919331597,1.3634099522503558,0.10193145638332639
2022-06-27 00:00:00,4.498356919331597,1.3720454580803751,0.10386828327330414
2022-06-27 04:00:00,4.498356919331597,1.384481882611563,0.10669271607581442
2022-06-27 08:00:00,4.498356919331597,1.3806796677744353,0.10581368262690058
2022-06-27 12:00:00,4.498356919331597,1.3450475941124365,0.0976212806777504
2022-06-27 16:00:00,4.498356919331597,1.3515697502605277,0.09904138188177601
2022-06-27 20:00:00,4.498356919331597,1.3442588953810946,0.09743419031096003
2022-06-28 00:00:00,4.498356919331597,1.3437709001923512,0.09732807812619956
2022-06-28 04:00:00,4.498356919331597,1.3531264095478608,0.09936091068418935
2022-06-28 08:00:00,4.498356919331597,1.3608215687392795,0.10105609160680838
2022-06-28 12:00:00,4.498356919331597,1.3354348017689712,0.09540034472385238
2022-06-28 16:00:00,4.498356919331597,1.312662341028929,0.09051991042200712
2022-06-28 20:00:00,4.498356919331597,1.3143654636796829,0.09087224743579642
2022-06-29 00:00:00,4.498356919331597,1.3144736910322992,0.09089469521696088
2022-06-29 04:00:00,4.498356919331597,1.3022115967876613,0.08835095624365505
2022-06-29 08:00:00,4.498356919331597,1.3029277119052725,0.08849671471081408
2022-06-29 12:00:00,4.498356919331597,1.3016108377704432,0.08822838278367373
2022-06-29 16:00:00,4.498356919331597,1.310628703708509,0.0900621837281366
2022-06-29 20:00:00,4.498356919331597,1.304107843696377,0.08871790622799562
2022-06-30 00:00:00,4.498356919331597,1.3011267309895784,0.08810949471006348
2022-06-30 04:00:00,4.498356919331597,1.259578444740544,0.07966881382876165
2022-06-30 08:00:00,4.498356919331597,1.237897978546362,0.07555492072708785
2022-06-30 12:00:00,4.498356919331597,1.2406600442760087,0.07606066755161578
2022-06-30 16:00:00,4.498356919331597,1.2266202995629474,0.07347847988451907
2022-06-30 20:00:00,4.498356919331597,1.2923907746226992,0.08529806544916814
2022-07-01 00:00:00,4.498356919331597,1.2786873771911222,0.08258478403162817
2022-07-01 04:00:00,4.498356919331597,1.2688594262783834,0.08068055188369322
2022-07-01 08:00:00,4.498356919331597,1.2437092041206799,0.07588301380739296
2022-07-01 12:00:00,4.498356919331597,1.25018405130625,0.07706817248457129
2022-07-01 16:00:00,4.498356919331597,1.2566148298691981,0.07825745741661357
2022-07-01 20:00:00,4.498356919331597,1.2494621035768212,0.07692111912121881
2022-07-02 00:00:00,4.498356919331597,1.2398123713585105,0.07513890852196738
2022-07-02 04:00:00,4.498356919331597,1.2395473115547975,0.07509071662260225
2022-07-02 08:00:00,4.498356919331597,1.2439800965362109,0.07589631959826613
2022-07-02 12:00:00,4.498356919331597,1.2461951928909583,0.07630175452768898
2022-07-02 16:00:00,4.498356919331597,1.2490389151860521,0.0768240988644581
2022-07-02 20:00:00,4.498356919331597,1.2477129680995065,0.07657943549450061
2022-07-03 00:00:00,4.498356919331597,1.2484569501402465,0.07671642306973925
2022-07-03 04:00:00,4.498356919331597,1.2403852634525996,0.07522843200025223
2022-07-03 08:00:00,4.498356919331597,1.2371488119617837,0.074639566964349
2022-07-03 12:00:00,4.498356919331597,1.2343608235129475,0.07413495285040234
2022-07-03 16:00:00,4.498356919331597,1.2632244751945545,0.07933555242164411
2022-07-03 20:00:00,4.498356919331597,1.2517970925078203,0.07718249632752602
2022-07-04 00:00:00,4.498356919331597,1.2380392573659451,0.07463768119733945
2022-07-04 04:00:00,4.498356919331597,1.2391448613393794,0.07483764186032019
2022-07-04 08:00:00,4.498356919331597,1.2835951960016845,0.08289132064271854
2022-07-04 12:00:00,4.498356919331597,1.2832698658758557,0.08282829366071015
2022-07-04 16:00:00,4.498356919331597,1.2851181557540707,0.0831861857164823
2022-07-04 20:00:00,4.498356919331597,1.3114763766260074,0.08830471862365082
2022-07-05 00:00:00,4.498356919331597,1.3164191911074752,0.08930315180119189
2022-07-05 04:00:00,4.498356919331597,1.3101141377325964,0.08801998650903811
2022-07-05 08:00:00,4.498356919331597,1.2650539711013573,0.07893788790843619
2022-07-05 12:00:00,4.498356919331597,1.265027400314188,0.0789329139503274
2022-07-05 16:00:00,4.498356919331597,1.321942674498789,0.08958680596536983
2022-07-05 20:00:00,4.498356919331597,1.3075309387653578,0.08665679682575729
2022-07-06 00:00:00,4.498356919331597,1.2929908855719379,0.08376586461590615
2022-07-06 04:00:00,4.498356919331597,1.3066489182449332,0.08642035412988215
2022-07-06 08:00:00,4.498356919331597,1.3028389265920488,0.08566438787924667
2022-07-06 12:00:00,4.498356919331597,1.3057830994240023,0.08624514446775236
2022-07-06 16:00:00,4.498356919331597,1.3174282329519287,0.08855257873590602
2022-07-06 20:00:00,4.498356919331597,1.3327200450018455,0.09163615328675068
2022-07-07 00:00:00,4.498356919331597,1.327282754651837,0.09051456955914061
2022-07-07 04:00:00,4.498356919331597,1.3246515986540974,0.08997627140433447
2022-07-07 08:00:00,4.498356919331597,1.3290467956926861,0.09087189582819367
2022-07-07 12:00:00,4.498356919331597,1.3537129110695245,0.09593143927152752
2022-07-07 16:00:00,4.498356919331597,1.4135963366013296,0.10866243227484466
2022-07-07 20:00:00,4.498356919331597,1.4014457100492066,0.10586039480354352
2022-07-08 00:00:00,4.498356919331597,1.4342107309688414,0.11328526618905822
2022-07-08 04:00:00,4.498356919331597,1.412635251787377,0.10817266205888781
2022-07-08 08:00:00,4.498356919331597,1.3987886313322777,0.10499174371513567
2022-07-08 12:00:00,4.498356919331597,1.4233205966373106,0.11051578163575008
2022-07-08 16:00:00,4.498356919331597,1.4135593967264848,0.10824201427708954
2022-07-08 20:00:00,4.498356919331597,1.3994866005464566,0.105009179897654
2022-07-09 00:00:00,4.498356919331597,1.40064469802625,0.10526987021054549
2022-07-09 04:00:00,4.498356919331597,1.4033730642209505,0.10588504711217024
2022-07-09 08:00:00,4.498356919331597,1.3899301901172285,0.10284223677024791
2022-07-09 12:00:00,4.498356919331597,1.3963855952634068,0.1042751611916575
2022-07-09 16:00:00,4.498356919331597,1.401213701712461,0.10535677843248267
2022-07-09 20:00:00,4.498356919331597,1.3992973646963733,0.10492451226032243
2022-07-10 00:00:00,4.498356919331597,1.3800594667178268,0.10059692518718268
2022-07-10 04:00:00,4.498356919331597,1.3828552319824199,0.1012083018617663
2022-07-10 08:00:00,4.498356919331597,1.3805040413519276,0.10069206558721941
2022-07-10 12:00:00,4.498356919331597,1.3544465240225896,0.09499026718886845
2022-07-10 16:00:00,4.498356919331597,1.3557932092844869,0.09527360504808571
2022-07-10 20:00:00,4.498356919331597,1.3520298785261435,0.09448024050130886
2022-07-11 00:00:00,4.498356919331597,1.331176347074108,0.09010848800193873
2022-07-11 04:00:00,4.498356919331597,1.3246451179743004,0.08878217421878414
2022-07-11 08:00:00,4.498356919331597,1.3267934633271348,0.08921414222774596
2022-07-11 12:00:00,4.498356919331597,1.324485045183305,0.08874848525031034
2022-07-11 16:00:00,4.498356919331597,1.3291530788413637,0.08968684446642254
2022-07-11 20:00:00,4.498356919331597,1.2937776400993413,0.08252579238846419
2022-07-12 00:00:00,4.498356919331597,1.292398551438457,0.08226188988856165
2022-07-12 04:00:00,4.498356919331597,1.2787022827546572,0.07964656442623373
2022-07-12 08:00:00,4.498356919331597,1.2814831424557165,0.08016619888140243
2022-07-12 12:00:00,4.498356919331597,1.2887693707519199,0.08153362044319391
2022-07-12 16:00:00,4.498356919331597,1.2571702241278355,0.07553628790492814
2022-07-12 20:00:00,4.498356919331597,1.2526343963376434,0.07471869076349534
2022-07-13 00:00:00,4.498356919331597,1.262026845567998,0.07639944816151956
2022-07-13 04:00:00,4.498356919331597,1.2770341557748095,0.07912494537787974
2022-07-13 08:00:00,4.498356919331597,1.2860189702459084,0.08079504077284139
2022-07-13 12:00:00,4.498356919331597,1.2608940227394148,0.07605956360220255
2022-07-13 16:00:00,4.498356919331597,1.2735929148023968,0.07835762871581954
2022-07-13 20:00:00,4.498356919331597,1.3113571321177362,0.0853279435269647
2022-07-14 00:00:00,4.498356919331597,1.310668235855274,0.08519346734208809
2022-07-14 04:00:00,4.498356919331597,1.2955345523924133,0.08224239795796422
2022-07-14 08:00:00,4.498356919331597,1.2791650032921908,0.07912491034868317
2022-07-14 12:00:00,4.498356919331597,1.3214430140864113,0.08697044350164705
2022-07-14 16:00:00,4.498356919331597,1.335392677350289,0.0897247243624003
2022-07-14 20:00:00,4.498356919331597,1.334296794396551,0.08950382799770092
2022-07-15 00:00:00,4.498356919331597,1.3357867026819705,0.08980365445790955
2022-07-15 04:00:00,4.498356919331597,1.3502742623690316,0.09272560854263648
2022-07-15 08:00:00,4.498356919331597,1.3460203441500262,0.09184923734930017
2022-07-15 12:00:00,4.498356919331597,1.3474752567645398,0.09214707671250237
2022-07-15 16:00:00,4.498356919331597,1.37169096489546,0.09711504930476808
2022-07-15 20:00:00,4.498356919331597,1.3499281940678514,0.0924926687190084
2022-07-16 00:00:00,4.498356919331597,1.3439633763823353,0.09126659926898849
2022-07-16 04:00:00,4.498356919331597,1.3315321363949855,0.08873403695751524
2022-07-16 08:00:00,4.498356919331597,1.3361016637201235,0.08964758443143117
2022-07-16 12:00:00,4.498356919331597,1.35725006610294,0.09390452813493197
2022-07-16 16:00:00,4.498356919331597,1.3733882549343959,0.09725420343431487
2022-07-16 20:00:00,4.498356919331597,1.3736189671351828,0.09730321593583328
2022-07-17 00:00:00,4.498356919331597,1.3819518252186644,0.09907404301858107
2022-07-17 04:00:00,4.498356919331597,1.391247064252058,0.10107320875299453
2022-07-17 08:00:00,4.498356919331597,1.3905458546979808,0.10092038147710672
2022-07-17 12:00:00,4.498356919331597,1.371965745718869,0.09687496647754434
2022-07-17 16:00:00,4.498356919331597,1.3626828199770902,0.09490855487538626
2022-07-17 20:00:00,4.498356919331597,1.3478621533484436,0.0918118517437543
2022-07-18 00:00:00,4.498356919331597,1.3790899570201378,0.09819325166777336
2022-07-18 04:00:00,4.498356919331597,1.4416874912510889,0.11156436368530233
2022-07-18 08:00:00,4.498356919331597,1.4343889496632705,0.1098699802221378
2022-07-18 12:00:00,4.498356919331597,1.46954793370006,0.11794920492961906
2022-07-18 16:00:00,4.498356919331597,1.400988174055512,0.10144092584297568
2022-07-18 20:00:00,4.498356919331597,1.4537836800929138,0.11290917042625276
2022-07-19 00:00:00,4.498356919331597,1.4194989397607916,0.10492092229376858
2022-07-19 04:00:00,4.498356919331597,1.4105121810857535,0.10292817897666105
2022-07-19 08:00:00,4.498356919331597,1.4240963340090587,0.10590197560618043
2022-07-19 12:00:00,4.498356919331597,1.4993752624675387,0.12269617777119766
2022-07-19 16:00:00,4.498356919331597,1.5166080381167735,0.1269267311706248
2022-07-19 20:00:00,4.498356919331597,1.5162600256116536,0.12683935442876823
2022-07-20 00:00:00,4.498356919331597,1.5188672030941428,0.12749364730038848
2022-07-20 04:00:00,4.498356919331597,1.515259408650937,0.12658513297207058
2022-07-20 08:00:00,4.498356919331597,1.537771346063124,0.13222709085963333
2022-07-20 12:00:00,4.498356919331597,1.566550748907365,0.13965098399793457
2022-07-20 16:00:00,4.498356919331597,1.5333534666452446,0.13077281684529848
2022-07-20 20:00:00,4.498356919331597,1.5050277113868207,0.12352548825800487
2022-07-21 00:00:00,4.498356919331597,1.4761173988106726,0.11640702701710944
2022-07-21 04:00:00,4.498356919331597,1.4861209761459209,0.11877368165732348
2022-07-21 08:00:00,4.498356919331597,1.4650250672694634,0.1137156033338568
2022-07-21 12:00:00,4.498356919331597,1.4673775540359153,0.11426340512501781
2022-07-21 16:00:00,4.498356919331597,1.5031547949253758,0.12262123237696934
2022-07-21 20:00:00,4.498356919331597,1.500419299982898,0.12195178084315528
2022-07-22 00:00:00,4.498356919331597,1.4847172609018067,0.11812306783840439
2022-07-22 04:00:00,4.498356919331597,1.4982547529305705,0.1213541680580602
2022-07-22 08:00:00,4.498356919331597,1.5301260881061454,0.12909861744004866
2022-07-22 12:00:00,4.498356919331597,1.5093943934343008,0.1238511418101736
2022-07-22 16:00:00,4.498356919331597,1.4637431888055399,0.11261361401185394
2022-07-22 20:00:00,4.498356919331597,1.4701311948818254,0.11408800471662071
2022-07-23 00:00:00,4.498356919331597,1.4781490919271538,0.11595466643860058
2022-07-23 04:00:00,4.498356919331597,1.4756844894002072,0.11537465289569761
2022-07-23 08:00:00,4.498356919331597,1.4404950461683697,0.10712091743741622
2022-07-23 12:00:00,4.498356919331597,1.439722549136521,0.10694857961996365
2022-07-23 16:00:00,4.498356919331597,1.4434094078732551,0.10777020522843168
2022-07-23 20:00:00,4.498356919331597,1.4549819577874508,0.1103623514465447
2022-07-24 00:00:00,4.498356919331597,1.4472563394009845,0.10860435560279082
2022-07-24 04:00:00,4.498356919331597,1.471218004883847,0.11399871699148513
2022-07-24 08:00:00,4.498356919331597,1.4683684499769356,0.11333631562953944
2022-07-24 12:00:00,4.498356919331597,1.4806460978530873,0.11617927382896492
2022-07-24 16:00:00,4.498356919331597,1.4711402367262785,0.11394163437325776
2022-07-24 20:00:00,4.498356919331597,1.4633167600748715,0.11212382048871743
2022-07-25 00:00:00,4.498356919331597,1.4171788563933267,0.10151813721235575
2022-07-25 04:00:00,4.498356919331597,1.4233082833456963,0.10283536263575933
2022-07-25 08:00:00,4.498356919331597,1.4219421560444068,0.10253925068711428
2022-07-25 12:00:00,4.498356919331597,1.4189960390085141,0.10190189853039082
2022-07-25 16:00:00,4.498356919331597,1.4186318248039007,0.10182343294366282
2022-07-25 20:00:00,4.498356919331597,1.3810911909415713,0.09373990595397634
2022-07-26 00:00:00,4.498356919331597,1.370114863568735,0.0915048908389753
2022-07-26 04:00:00,4.498356919331597,1.3652757399640254,0.09053532947814481
2022-07-26 08:00:00,4.498356919331597,1.3667896267646953,0.09083649993685713
2022-07-26 12:00:00,4.498356919331597,1.344534324272485,0.08639925426896233
2022-07-26 16:00:00,4.498356919331597,1.3554711194985571,0.08850763692881657
2022-07-26 20:00:00,4.498356919331597,1.3774471046914998,0.0928125073697218
2022-07-27 00:00:00,4.498356919331597,1.3659238079437641,0.09048318511695427
2022-07-27 04:00:00,4.498356919331597,1.3834540467956988,0.09396696328516381
2022-07-27 08:00:00,4.498356919331597,1.3739190226098017,0.09202404959820493
2022-07-27 12:00:00,4.498356919331597,1.3953460942239058,0.09632955640430861
2022-07-27 16:00:00,4.498356919331597,1.4758853904739255,0.11300996575865188
2022-07-27 20:00:00,4.498356919331597,1.4874747901555947,0.11567220024442355
2022-07-28 00:00:00,4.498356919331597,1.499204820588867,0.118408727488039
2022-07-28 04:00:00,4.498356919331597,1.4857023242310088,0.11520940464097557
2022-07-28 08:00:00,4.498356919331597,1.4979780279032213,0.1180651782812773
2022-07-28 12:00:00,4.498356919331597,1.5388743577646387,0.12773507807859952
2022-07-28 16:00:00,4.498356919331597,1.542029800757987,0.12852083571065218
2022-07-28 20:00:00,4.498356919331597,1.545183947615376,0.12930948504129383
2022-07-29 00:00:00,4.498356919331597,1.5497152389297095,0.1304470951245454
2022-07-29 04:00:00,4.498356919331597,1.5516860136560953,0.13094476430610308
2022-07-29 08:00:00,4.498356919331597,1.5372535397473122,0.1272909512065959
2022-07-29 12:00:00,4.498356919331597,1.5560591763833729,0.13196250468861276
2022-07-29 16:00:00,4.498356919331597,1.5485668624696125,0.13005633455386673
2022-07-29 20:00:00,4.498356919331597,1.5407006133315428,0.12807439456590913
2022-07-30 00:00:00,4.498356919331597,1.5424892809556219,0.12852045628818923
2022-07-30 04:00:00,4.498356919331597,1.5476355887827276,0.1298068298889108
2022-07-30 08:00:00,4.498356919331597,1.5525362788455126,0.13103995552765088
2022-07-30 12:00:00,4.498356919331597,1.5896524281811133,0.14043818722999438
2022-07-30 16:00:00,4.498356919331597,1.5502207319539059,0.1299873820614285
2022-07-30 20:00:00,4.498356919331597,1.5322601759634245,0.12546935645620816
2022-07-31 00:00:00,4.498356919331597,1.5383448862251925,0.12696409871880038
2022-07-31 04:00:00,4.498356919331597,1.536770081034427,0.12657417889621653
2022-07-31 08:00:00,4.498356919331597,1.5424711350521894,0.12798285981741625
2022-07-31 12:00:00,4.498356919331597,1.540779677625071,0.12756182589231527
2022-07-31 16:00:00,4.498356919331597,1.5453751276693988,0.12870320387184883
2022-07-31 20:00:00,4.498356919331597,1.509565483380951,0.11975621902606888
2022-08-01 00:00:00,4.498356919331597,1.5148990828542013,0.12102558768959713
2022-08-01 04:00:00,4.498356919331597,1.5114273826867404,0.12019352324820069
2022-08-01 08:00:00,4.498356919331597,1.5053186939097225,0.11873617603798008
2022-08-01 12:00:00,4.498356919331597,1.511730678501258,0.12025346510300056
2022-08-01 16:00:00,4.498356919331597,1.4875486699052844,0.11448265479630088
2022-08-01 20:00:00,4.498356919331597,1.5079252233242317,0.1191872308109094
2022-08-02 00:00:00,4.498356919331597,1.4810368828448688,0.11281142358930607
2022-08-02 04:00:00,4.498356919331597,1.4832850306665826,0.11332515169252431
2022-08-02 08:00:00,4.498356919331597,1.4829486833850982,0.11324805941577197
2022-08-02 12:00:00,4.498356919331597,1.4892278140407873,0.11468661093722787
2022-08-02 16:00:00,4.498356919331597,1.4873944297261061,0.11426303981208405
2022-08-02 20:00:00,4.498356919331597,1.4897650623959908,0.11480938250987553
2022-08-03 00:00:00,4.498356919331597,1.4816596761733976,0.11293544732900211
2022-08-03 04:00:00,4.498356919331597,1.4899056931475938,0.11482103744926889
2022-08-03 08:00:00,4.498356919331597,1.51666247582707,0.12100715022175909
2022-08-03 12:00:00,4.498356919331597,1.5134175994525176,0.12023047133143637
2022-08-03 16:00:00,4.498356919331597,1.5204970940631846,0.12191772072143306
2022-08-03 20:00:00,4.498356919331597,1.4787854946832557,0.11188406170839885
2022-08-04 00:00:00,4.498356919331597,1.4967609562372712,0.1159641010183135
2022-08-04 04:00:00,4.498356919331597,1.487181215360772,0.11373748086076141
2022-08-04 08:00:00,4.498356919331597,1.483104219700235,0.11280207256393748
2022-08-04 12:00:00,4.498356919331597,1.4861287529616762,0.11349219322281756
2022-08-04 16:00:00,4.498356919331597,1.4549929749431052,0.10635889256905337
2022-08-04 20:00:00,4.498356919331597,1.4661228944271392,0.10879965880866536
2022-08-05 00:00:00,4.498356919331597,1.5019182812200325,0.11676868900005195
2022-08-05 04:00:00,4.498356919331597,1.5026156023662316,0.11693133155605215
2022-08-05 08:00:00,4.498356919331597,1.51681153146241,0.12024545039511676
2022-08-05 12:00:00,4.498356919331597,1.4897948735230586,0.11382020216611101
2022-08-05 16:00:00,4.498356919331597,1.4862032807793462,0.11299701002177043
2022-08-05 20:00:00,4.498356919331597,1.5108032932222513,0.11860807525456071
2022-08-06 00:00:00,4.498356919331597,1.5018100538674162,0.11648998850898797
2022-08-06 04:00:00,4.498356919331597,1.5038981288981346,0.11697588185290567
2022-08-06 08:00:00,4.498356919331597,1.5007582395363002,0.11624320324928858
2022-08-06 12:00:00,4.498356919331597,1.5036609360175504,0.11691769977008439
2022-08-06 16:00:00,4.498356919331597,1.5025533878401767,0.11665934634309565
2022-08-06 20:00:00,4.498356919331597,1.4875888501200278,0.11317377331210625
2022-08-07 00:00:00,4.498356919331597,1.4899147660993104,0.11370463105770123
2022-08-07 04:00:00,4.498356919331597,1.4915900218269353,0.11408817850371171
2022-08-07 08:00:00,4.498356919331597,1.4930501189852867,0.11442321659621126
2022-08-07 12:00:00,4.498356919331597,1.4920559827043673,0.11419465306130107
2022-08-07 16:00:00,4.498356919331597,1.500991544009006,0.11624630528129698
2022-08-07 20:00:00,4.498356919331597,1.5018580108979167,0.11644761935575623
2022-08-08 00:00:00,4.498356919331597,1.5104280618619828,0.11844107418027656
2022-08-08 04:00:00,4.498356919331597,1.5428995079867955,0.12607987484146538
2022-08-08 08:00:00,4.498356919331597,1.5661288566525533,0.13177451669714074
2022-08-08 12:00:00,4.498356919331597,1.5548045167745976,0.12891601739551622
2022-08-08 16:00:00,4.498356919331597,1.5506212379653836,0.12787545254394697
2022-08-08 20:00:00,4.498356919331597,1.543049859758095,0.12600228057080518
2022-08-09 00:00:00,4.498356919331597,1.5442785966476797,0.12630328895882983
2022-08-09 04:00:00,4.498356919331597,1.5474644988360755,0.12708499361801964
2022-08-09 08:00:00,4.498356919331597,1.507660163520518,0.11727824127568436
2022-08-09 12:00:00,4.498356919331597,1.4954168632472926,0.11442108667639903
2022-08-09 16:00:00,4.498356919331597,1.4940442552662057,0.11410601340023786
2022-08-09 20:00:00,4.498356919331597,1.5002741327554348,0.11553341385727683
2022-08-10 00:00:00,4.498356919331597,1.4817264271753101,0.11124843746908343
2022-08-10 04:00:00,4.498356919331597,1.48820192242886,0.11270698349131211
2022-08-10 08:00:00,4.498356919331597,1.4985891560081137,0.11506697324651947
2022-08-10 12:00:00,4.498356919331597,1.5551752116590074,0.12810160543827717
2022-08-10 16:00:00,4.498356919331597,1.5319646569646623,0.12236596363309421
2022-08-10 20:00:00,4.498356919331597,1.552385279006232,0.1272592666529984
2022-08-11 00:00:00,4.498356919331597,1.5763851804998994,0.1331615576083406
2022-08-11 04:00:00,4.498356919331597,1.5833519112820917,0.1349270538852731
2022-08-11 08:00:00,4.498356919331597,1.5916141299557816,0.13703927571590993
2022-08-11 12:00:00,4.498356919331597,1.5776359517007954,0.13342867804432906
2022-08-11 16:00:00,4.498356919331597,1.5697379472317186,0.1314247550967802
2022-08-11 20:00:00,4.498356919331597,1.5511111773580657,0.12674623151287995
2022-08-12 00:00:00,4.498356919331597,1.556018348100648,0.12794917313581106
2022-08-12 04:00:00,4.498356919331597,1.5528350381841711,0.12716389601074615
2022-08-12 08:00:00,4.498356919331597,1.5341706803676936,0.12257854264457535
2022-08-12 12:00:00,4.498356919331597,1.5541097879003172,0.12735788064312847
2022-08-12 16:00:00,4.498356919331597,1.566870894489354,0.13049516380515633
2022-08-12 20:00:00,4.498356919331597,1.581524359579228,0.13415635822891156
2022-08-13 00:00:00,4.498356919331597,1.606983710163267,0.140635298126119
2022-08-13 04:00:00,4.498356919331597,1.5924404166299484,0.13681702590184217
2022-08-13 08:00:00,4.498356919331597,1.5836130826779262,0.13454178301297992
2022-08-13 12:00:00,4.498356919331597,1.5885870044224215,0.13580951748813302
2022-08-13 16:00:00,4.498356919331597,1.5811925487736018,0.1339130444886223
2022-08-13 20:00:00,4.498356919331597,1.5839675758628433,0.13461810534856683
2022-08-14 00:00:00,4.498356919331597,1.5923043223542033,0.13674367351272607
2022-08-14 04:00:00,4.498356919331597,1.611960224179681,0.14180769334377338
2022-08-14 08:00:00,4.498356919331597,1.5919459407614078,0.13652559148499172
2022-08-14 12:00:00,4.498356919331597,1.5893569091823514,0.13585948393952765
2022-08-14 16:00:00,4.498356919331597,1.5737728184735724,0.13186306279120785
2022-08-14 20:00:00,4.498356919331597,1.5751447783866794,0.1322079235628112
2022-08-15 00:00:00,4.498356919331597,1.6115759198676962,0.1413813385421532
2022-08-15 04:00:00,4.498356919331597,1.5571161752583254,0.1270483031053205
2022-08-15 08:00:00,4.498356919331597,1.5585697917368795,0.12740411375689684
2022-08-15 12:00:00,4.498356919331597,1.5700094877152289,0.1302095017520261
2022-08-15 16:00:00,4.498356919331597,1.554231624680508,0.12628386747935855
2022-08-15 20:00:00,4.498356919331597,1.5615081319570152,0.12805755191485815
2022-08-16 00:00:00,4.498356919331597,1.5607693344601128,0.12787578802222527
2022-08-16 04:00:00,4.498356919331597,1.5597006703615237,0.1276131170546692
2022-08-16 08:00:00,4.498356919331597,1.5578277539000784,0.1271533967144081
2022-08-16 12:00:00,4.498356919331597,1.5489647762091705,0.12498314833698335
2022-08-16 16:00:00,4.498356919331597,1.550842229146474,0.12543761311738907
2022-08-16 20:00:00,4.498356919331597,1.5459493158994462,0.12425034464991493
2022-08-17 00:00:00,4.498356919331597,1.555794764647638,0.12662422661541298
2022-08-17 04:00:00,4.498356919331597,1.5415217154618703,0.12313922874360005
2022-08-17 08:00:00,4.498356919331597,1.5389443491064492,0.12252157626031765
2022-08-17 12:00:00,4.498356919331597,1.515954137525215,0.11703054541870239
2022-08-17 16:00:00,4.498356919331597,1.5083808151139872,0.11527658064402016
2022-08-17 20:00:00,4.498356919331597,1.512763050792981,0.11628130532545768
2022-08-18 00:00:00,4.498356919331597,1.5186377870293133,0.11763602243924241
2022-08-18 04:00:00,4.498356919331597,1.517399977188012,0.11734837446779624
2022-08-18 08:00:00,4.498356919331597,1.525191050440432,0.11915594622595317
2022-08-18 12:00:00,4.498356919331597,1.5198671719868775,0.1179081580727076
2022-08-18 16:00:00,4.498356919331597,1.5129069218844828,0.1162882725634511
2022-08-18 20:00:00,4.498356919331597,1.502947413171857,0.11399168568090326
2022-08-19 00:00:00,4.498356919331597,1.4755892234071832,0.10776670507056053
2022-08-19 04:00:00,4.498356919331597,1.4196499396000688,0.09551046423278878
2022-08-19 08:00:00,4.498356919331597,1.3912665062914482,0.08978176700354697
2022-08-19 12:00:00,4.498356919331597,1.3896754994011895,0.08947375252333854
2022-08-19 16:00:00,4.498356919331597,1.3823069664715593,0.0880504915704976
2022-08-19 20:00:00,4.498356919331597,1.3502101036390355,0.08191695259798884
2022-08-20 00:00:00,4.498356919331597,1.3700377434791444,0.0855257683560727
2022-08-20 04:00:00,4.498356919331597,1.3808546461289648,0.08755153132814109
2022-08-20 08:00:00,4.498356919331597,1.3760855138660668,0.0866443869725197
2022-08-20 12:00:00,4.498356919331597,1.3803485050367885,0.08744963690706498
2022-08-20 16:00:00,4.498356919331597,1.3601884063230738,0.08361801038791007
2022-08-20 20:00:00,4.498356919331597,1.3700202456436912,0.08543125663811013
2022-08-21 00:00:00,4.498356919331597,1.3744692323245982,0.08626354183416762
2022-08-21 04:00:00,4.498356919331597,1.377233890326164,0.08678408282315409
2022-08-21 08:00:00,4.498356919331597,1.394926794241013,0.09012874878624201
2022-08-21 12:00:00,4.498356919331597,1.3881745739601146,0.08881992920956107
2022-08-21 16:00:00,4.498356919331597,1.3941244860820963,0.08996201346191111
2022-08-21 20:00:00,4.498356919331597,1.3943577905548024,0.09000717845325266
2022-08-22 00:00:00,4.498356919331597,1.387828505658934,0.08874276300384196
2022-08-22 04:00:00,4.498356919331597,1.3672756777494974,0.08480009704305047
2022-08-22 08:00:00,4.498356919331597,1.3770608561755735,0.08662076297081849
2022-08-22 12:00:00,4.498356919331597,1.38689593583609,0.08847672038966203
2022-08-22 16:00:00,4.498356919331597,1.3646529466354946,0.08421976061651593
2022-08-22 20:00:00,4.498356919331597,1.3868544594853867,0.0883302696704531
2022-08-23 00:00:00,4.498356919331597,1.3764432473908825,0.0863409653877707
2022-08-23 04:00:00,4.498356919331597,1.3807308651448347,0.08714782115198406
2022-08-23 08:00:00,4.498356919331597,1.3905166916388905,0.0890007820989508
2022-08-23 12:00:00,4.498356919331597,1.3917046002457516,0.08922888032109033
2022-08-23 16:00:00,4.498356919331597,1.3947725540618352,0.08981898417755012
2022-08-23 20:00:00,4.498356919331597,1.3952333303954296,0.08990800183586863
2022-08-24 00:00:00,4.498356919331597,1.3780524001845742,0.08658661521625197
2022-08-24 04:00:00,4.498356919331597,1.381541598187488,0.08724432136338646
2022-08-24 08:00:00,4.498356919331597,1.3893877572181854,0.08873077567103921
2022-08-24 12:00:00,4.498356919331597,1.4010225216584362,0.09095987622594894
2022-08-24 16:00:00,4.498356919331597,1.406798751561848,0.09208492271651862
2022-08-24 20:00:00,4.498356919331597,1.3847968436497158,0.08776438151446966
2022-08-25 00:00:00,4.498356919331597,1.3913326092253815,0.08900703474429669
2022-08-25 04:00:00,4.498356919331597,1.4091130023174954,0.0924194036959555
2022-08-25 08:00:00,4.498356919331597,1.4076237421000557,0.09212637565416426
2022-08-25 12:00:00,4.498356919331597,1.397566375122489,0.09015166734137729
2022-08-25 16:00:00,4.498356919331597,1.4001638315852822,0.09065432331923078
2022-08-25 20:00:00,4.498356919331597,1.397172349790808,0.09007326826335317
2022-08-26 00:00:00,4.498356919331597,1.3967271270887271,0.08998716006656386
2022-08-26 04:00:00,4.498356919331597,1.3902937562538602,0.08874370865821739
2022-08-26 08:00:00,4.498356919331597,1.373241143502993,0.08547825754542095
2022-08-26 12:00:00,4.498356919331597,1.3467552532390479,0.08053236491757677
2022-08-26 16:00:00,4.498356919331597,1.337901996567836,0.07894416165219449
2022-08-26 20:00:00,4.498356919331597,1.311757638129213,0.07431614450856304
2022-08-27 00:00:00,4.498356919331597,1.3093034046899423,0.07389901905422061
2022-08-27 04:00:00,4.498356919331597,1.3137796102259982,0.07465695002044596
2022-08-27 08:00:00,4.498356919331597,1.3098238032776726,0.0739825709708711
2022-08-27 12:00:00,4.498356919331597,1.2946687335714806,0.07141456674625445
2022-08-27 16:00:00,4.498356919331597,1.2973024818411392,0.0718504033121322
2022-08-27 20:00:00,4.498356919331597,1.2985726950814271,0.07206145355265338
2022-08-28 00:00:00,4.498356919331597,1.2955254794406956,0.07155415783669257
2022-08-28 04:00:00,4.498356919331597,1.2998053203788904,0.07226330733363587
2022-08-28 08:00:00,4.498356919331597,1.298402253202756,0.07202929473274303
2022-08-28 12:00:00,4.498356919331597,1.2975636532369739,0.07188972990077545
2022-08-28 16:00:00,4.498356919331597,1.2944354290987747,0.07136978503070328
2022-08-28 20:00:00,4.498356919331597,1.2673364665259967,0.06688741281677034
2022-08-29 00:00:00,4.498356919331597,1.2875905350967736,0.07009431709553615
2022-08-29 04:00:00,4.498356919331597,1.2894615073542794,0.07039987507950667
2022-08-29 08:00:00,4.498356919331597,1.2848006024439982,0.06963647007306832
2022-08-29 12:00:00,4.498356919331597,1.313133486450199,0.0742434153658127
2022-08-29 16:00:00,4.498356919331597,1.302529150097733,0.07244473574195384
2022-08-29 20:00:00,4.498356919331597,1.3146532058626863,0.07446770163706687
2022-08-30 00:00:00,4.498356919331597,1.3138515457717495,0.0743314730464393
2022-08-30 04:00:00,4.498356919331597,1.3242724788859492,0.07610017357746139
2022-08-30 08:00:00,4.498356919331597,1.3223049444994621,0.07576097667338334
2022-08-30 12:00:00,4.498356919331597,1.2803386544034963,0.06854764708948977
2022-08-30 16:00:00,4.498356919331597,1.2927141605445884,0.07053535204066604
2022-08-30 20:00:00,4.498356919331597,1.2839302471472085,0.06909750187388694
2022-08-31 00:00:00,4.498356919331597,1.3222446741773461,0.07528342482272522
2022-08-31 04:00:00,4.498356919331597,1.312861945966688,0.07368077760998004
2022-08-31 08:00:00,4.498356919331597,1.3165358433438272,0.07429933986575682
2022-08-31 12:00:00,4.498356919331597,1.305249739476676,0.07238852960284163
2022-08-31 16:00:00,4.498356919331597,1.3109488492904988,0.07333673935992575
2022-08-31 20:00:00,4.498356919331597,1.2993775955122626,0.0713947916869986
2022-09-01 00:00:00,4.498356919331597,1.2976245716270691,0.07110583001287558
2022-09-01 04:00:00,4.498356919331597,1.2893740181770144,0.0697495152575312
2022-09-01 08:00:00,4.498356919331597,1.3009323105956558,0.07162527500305067
2022-09-01 12:00:00,4.498356919331597,1.2820463135301077,0.06850586274191467
2022-09-01 16:00:00,4.498356919331597,1.2878199511616006,0.06943140191221701
2022-09-01 20:00:00,4.498356919331597,1.3046554611392551,0.07215440614569232
2022-09-02 00:00:00,4.498356919331597,1.3063112748274879,0.07242913213332897
2022-09-02 04:00:00,4.498356919331597,1.3033450676842235,0.07193574327589293
2022-09-02 08:00:00,4.498356919331597,1.3020210648016173,0.07171651553531704
2022-09-02 12:00:00,4.498356919331597,1.3191974585366144,0.07455479014109156
2022-09-02 16:00:00,4.498356919331597,1.2903312145830887,0.06966064011179117
2022-09-02 20:00:00,4.498356919331597,1.2930161602231467,0.07009549365134278
2022-09-03 00:00:00,4.498356919331597,1.2896351895728493,0.06954563786289136
2022-09-03 04:00:00,4.498356919331597,1.284187530135165,0.06866431664852755
2022-09-03 08:00:00,4.498356919331597,1.2830942394533456,0.06848894493107106
2022-09-03 12:00:00,4.498356919331597,1.28142157599764,0.06822109487349108
2022-09-03 16:00:00,4.498356919331597,1.2773419880651842,0.06756952018347977
2022-09-03 20:00:00,4.498356919331597,1.2852419367382002,0.06882320732356596
2022-09-04 00:00:00,4.498356919331597,1.2814112069099641,0.06820781397473463
2022-09-04 04:00:00,4.498356919331597,1.272312980542411,0.0667549545142468
2022-09-04 08:00:00,4.498356919331597,1.2864661371519268,0.06898269251617725
2022-09-04 12:00:00,4.498356919331597,1.2825200512232973,0.06834790324875112
2022-09-04 16:00:00,4.498356919331597,1.2885334740072933,0.06930930304497818
2022-09-04 20:00:00,4.498356919331597,1.2961554015170014,0.0705392372939837
2022-09-05 00:00:00,4.498356919331597,1.2886773450987954,0.06931832721893191
2022-09-05 04:00:00,4.498356919331597,1.2799342599841392,0.0679074479856179
2022-09-05 08:00:00,4.498356919331597,1.2768202933414945,0.06741180957411783
2022-09-05 12:00:00,4.498356919331597,1.2867124029842276,0.06897861975484511
2022-09-05 16:00:00,4.498356919331597,1.2772538508199398,0.06745744562535368
2022-09-05 20:00:00,4.498356919331597,1.2829698104012361,0.06836310122170476
2022-09-06 00:00:00,4.498356919331597,1.2825271799710745,0.06829234447749542
2022-09-06 04:00:00,4.498356919331597,1.2900305110404906,0.06949096251411158
2022-09-06 08:00:00,4.498356919331597,1.290843188287083,0.06962229364991583
2022-09-06 12:00:00,4.498356919331597,1.2843651007616137,0.06857409666654737
2022-09-06 16:00:00,4.498356919331597,1.2199497358474956,0.05825641022876041
2022-09-06 20:00:00,4.498356919331597,1.2177592660759784,0.057942604909114466
2022-09-07 00:00:00,4.498356919331597,1.2148585137986674,0.057528539959270035
2022-09-07 04:00:00,4.498356919331597,1.2183956688320818,0.05803103641224128
2022-09-07 08:00:00,4.498356919331597,1.214452823243351,0.05746765436374759
2022-09-07 12:00:00,4.498356919331597,1.2229917669443893,0.05867983747004295
2022-09-07 16:00:00,4.498356919331597,1.230835333703168,0.05980885379304042
2022-09-07 20:00:00,4.498356919331597,1.2503071842224,0.06264738717495309
2022-09-08 00:00:00,4.498356919331597,1.2454829661812246,0.06192222620829861
2022-09-08 04:00:00,4.498356919331597,1.2424538964439253,0.06147043341811172
2022-09-08 08:00:00,4.498356919331597,1.251493796693302,0.06281218119960157
2022-09-08 12:00:00,4.498356919331597,1.247583354503558,0.06222338866053725
2022-09-08 16:00:00,4.498356919331597,1.254165780973765,0.06320828689384546
2022-09-08 20:00:00,4.498356919331597,1.2520524312918366,0.0628887568563604
2022-09-09 00:00:00,4.498356919331597,1.292942928541436,0.06905036592718614
2022-09-09 04:00:00,4.498356919331597,1.3370783021655877,0.07612159149748728
2022-09-09 08:00:00,4.498356919331597,1.3569065900736763,0.0795081414769226
2022-09-09 12:00:00,4.498356919331597,1.3782325630829413,0.08325693706438068
2022-09-09 16:00:00,4.498356919331597,1.3798417158766327,0.08354855649739927
2022-09-09 20:00:00,4.498356919331597,1.3842803334698641,0.08435482308977325
2022-09-10 00:00:00,4.498356919331597,1.3805837537134338,0.08367904017820949
2022-09-10 04:00:00,4.498356919331597,1.3793394631923352,0.08345278580669097
2022-09-10 08:00:00,4.498356919331597,1.3794198236218231,0.08346737170498868
2022-09-10 12:00:00,4.498356919331597,1.3751587766550404,0.0826938760984915
2022-09-10 16:00:00,4.498356919331597,1.398472374158164,0.08689969969369009
2022-09-10 20:00:00,4.498356919331597,1.4029595968498754,0.08773619452528053
2022-09-11 00:00:00,4.498356919331597,1.3960952608084818,0.08644837970103286
2022-09-11 04:00:00,4.498356919331597,1.400571466344538,0.08727990042887368
2022-09-11 08:00:00,4.498356919331597,1.4006712688134177,0.0872985587046326
2022-09-11 12:00:00,4.498356919331597,1.4026238976363707,0.08766365868003224
2022-09-11 16:00:00,4.498356919331597,1.4009927105313684,0.08735781226634179
2022-09-11 20:00:00,4.498356919331597,1.4145295544921526,0.08989005043828008
2022-09-12 00:00:00,4.498356919331597,1.403512398836593,0.08778970688359161
2022-09-12 04:00:00,4.498356919331597,1.4382987437850328,0.09431736498431051
2022-09-12 08:00:00,4.498356919331597,1.4460178814917017,0.09583592724042732
2022-09-12 12:00:00,4.498356919331597,1.4331699337933799,0.09328140492801651
2022-09-12 16:00:00,4.498356919331597,1.4533624359060815,0.09722424154844267
2022-09-12 20:00:00,4.498356919331597,1.4513961976555538,0.09682964068793831
2022-09-13 00:00:00,4.498356919331597,1.4407575137001616,0.09470036693114368
2022-09-13 04:00:00,4.498356919331597,1.4434476438840573,0.09523083020428645
2022-09-13 08:00:00,4.498356919331597,1.4596266609982367,0.09843304104622623
2022-09-13 12:00:00,4.498356919331597,1.3499106962323961,0.07623624986983786
2022-09-13 16:00:00,4.498356919331597,1.3145138712470423,0.0702391393904989
2022-09-13 20:00:00,4.498356919331597,1.3073844754019357,0.06909629265569929
2022-09-14 00:00:00,4.498356919331597,1.3170711474950916,0.07063213725780701
2022-09-14 04:00:00,4.498356919331597,1.3119416894354587,0.06980688665593511
2022-09-14 08:00:00,4.498356919331597,1.310740171401023,0.06961509253752193
2022-09-14 12:00:00,4.498356919331597,1.3077227668873592,0.06913431785991977
2022-09-14 16:00:00,4.498356919331597,1.2930323619226398,0.06680444072073254
2022-09-14 20:00:00,4.498356919331597,1.3108283086462673,0.0695627203345548
2022-09-15 00:00:00,4.498356919331597,1.2976647518418127,0.06746703896753742
2022-09-15 04:00:00,4.498356919331597,1.3093714518278143,0.06929297216719281
2022-09-15 08:00:00,4.498356919331597,1.3057500479570339,0.06871802950151794
2022-09-15 12:00:00,4.498356919331597,1.279115102057749,0.06451285791999954
2022-09-15 16:00:00,4.498356919331597,1.2820314079665736,0.06495411428960521
2022-09-15 20:00:00,4.498356919331597,1.2768157568656358,0.06416136148589109
2022-09-16 00:00:00,4.498356919331597,1.2795953204307355,0.06458038963865569
2022-09-16 04:00:00,4.498356919331597,1.2792278658862235,0.06452475402336345
2022-09-16 08:00:00,4.498356919331597,1.2875697969214215,0.0657870648183674
2022-09-16 12:00:00,4.498356919331597,1.2741820085959774,0.06373495867131479
2022-09-16 16:00:00,4.498356919331597,1.2714387368377429,0.06332330089176118
2022-09-16 20:00:00,4.498356919331597,1.283388462316147,0.0651087492349309
2022-09-17 00:00:00,4.498356919331597,1.2886786412347548,0.06591389189297993
2022-09-17 04:00:00,4.498356919331597,1.2859023180095537,0.06548787815362626
2022-09-17 08:00:00,4.498356919331597,1.283836925358126,0.06517232187753498
2022-09-17 12:00:00,4.498356919331597,1.2937601422638867,0.06668353971245375
2022-09-17 16:00:00,4.498356919331597,1.2967328300869485,0.06714319836174944
2022-09-17 20:00:00,4.498356919331597,1.3034993078634014,0.06819427754092995
2022-09-18 00:00:00,4.498356919331597,1.2961573457209408,0.06704196437662462
2022-09-18 04:00:00,4.498356919331597,1.2995817369258804,0.06757333021873732
2022-09-18 08:00:00,4.498356919331597,1.2911406514897825,0.06625661676231266
2022-09-18 12:00:00,4.498356919331597,1.2841227233371912,0.06517621353389173
2022-09-18 16:00:00,4.498356919331597,1.2783704719490294,0.06430033938737449
2022-09-18 20:00:00,4.498356919331597,1.2583004546844985,0.06127185363163201
2022-09-19 00:00:00,4.498356919331597,1.2168727090796954,0.05521998877963423
2022-09-19 04:00:00,4.498356919331597,1.1968999020121251,0.05250097427481441
2022-09-19 08:00:00,4.498356919331597,1.2109065952582196,0.05434414856337153
2022-09-19 12:00:00,4.498356919331597,1.2365454606726465,0.05779608032227185
2022-09-19 16:00:00,4.498356919331597,1.2646917011006824,0.06174274243285169
2022-09-19 20:00:00,4.498356919331597,1.266131708151662,0.06195364755156026
2022-09-20 00:00:00,4.498356919331597,1.254931149257836,0.06030946912931322
2022-09-20 04:00:00,4.498356919331597,1.2545254587025196,0.06025097911086947
2022-09-20 08:00:00,4.498356919331597,1.2455536055910157,0.05895830801203163
2022-09-20 12:00:00,4.498356919331597,1.2467596601013093,0.05912957386436753
2022-09-20 16:00:00,4.498356919331597,1.2308969001612429,0.05687262346987207
2022-09-20 20:00:00,4.498356919331597,1.2232283117569935,0.05580966017667544
2022-09-21 00:00:00,4.498356919331597,1.2327011214168355,0.05710624794271907
2022-09-21 04:00:00,4.498356919331597,1.2279475427854514,0.056445603520751585
2022-09-21 08:00:00,4.498356919331597,1.2420825534915345,0.058394854239395395
2022-09-21 12:00:00,4.498356919331597,1.2437182770723951,0.05862555832539626
2022-09-21 16:00:00,4.498356919331597,1.2313959125056415,0.05688302824619981
2022-09-21 20:00:00,4.498356919331597,1.1964216278430777,0.05203622828004642
2022-09-22 00:00:00,4.498356919331597,1.2112643287830356,0.05397289882267908
2022-09-22 04:00:00,4.498356919331597,1.227070706808865,0.05608585473577423
2022-09-22 08:00:00,4.498356919331597,1.2462224117461063,0.0587119619399286
2022-09-22 12:00:00,4.498356919331597,1.2304795443822911,0.056486930627432916
2022-09-22 16:00:00,4.498356919331597,1.2514963889652206,0.0593813559286502
2022-09-22 20:00:00,4.498356919331597,1.2573575157739785,0.06021565715454886
2022-09-23 00:00:00,4.498356919331597,1.2569032201201813,0.06015038762461963
2022-09-23 04:00:00,4.498356919331597,1.245798575287357,0.05855611525638373
2022-09-23 08:00:00,4.498356919331597,1.2224324842778744,0.05526129486073474
2022-09-23 12:00:00,4.498356919331597,1.2126557307355348,0.053935390811474006
2022-09-23 16:00:00,4.498356919331597,1.2188583893696148,0.05476301931893924
2022-09-23 20:00:00,4.498356919331597,1.2501173003043364,0.05897638575675613
2022-09-24 00:00:00,4.498356919331597,1.2392304063127042,0.057435563164539134
2022-09-24 04:00:00,4.498356919331597,1.2311438140615234,0.05631117666386276
2022-09-24 08:00:00,4.498356919331597,1.2346751364831203,0.056795733183909576
2022-09-24 12:00:00,4.498356919331597,1.2393742774042062,0.05744422235987486
2022-09-24 16:00:00,4.498356919331597,1.2380237037344306,0.05725642762599718
2022-09-24 20:00:00,4.498356919331597,1.2261770210648053,0.05561276266182363
2022-09-25 00:00:00,4.498356919331597,1.2348073423509869,0.05678703685177763
2022-09-25 04:00:00,4.498356919331597,1.2376860603169868,0.0571842013104288
2022-09-25 08:00:00,4.498356919331597,1.2389724752567683,0.05736250810383253
2022-09-25 12:00:00,4.498356919331597,1.2305994369585431,0.056199531959904625
2022-09-25 16:00:00,4.498356919331597,1.2258523390069564,0.055549154570557625
2022-09-25 20:00:00,4.498356919331597,1.2188460760780002,0.054596694057937066
2022-09-26 00:00:00,4.498356919331597,1.2227999388223867,0.05512801915018405
2022-09-26 04:00:00,4.498356919331597,1.2255730217076892,0.05550307943981712
2022-09-26 08:00:00,4.498356919331597,1.2233332987697119,0.055198785404420046
2022-09-26 12:00:00,4.498356919331597,1.238683436937805,0.05727665490291462
2022-09-26 16:00:00,4.498356919331597,1.2444700359288927,0.05807937097287381
2022-09-26 20:00:00,4.498356919331597,1.2460934462181383,0.0583066644690002
2022-09-27 00:00:00,4.498356919331597,1.3025544247489425,0.06623235737937938
2022-09-27 04:00:00,4.498356919331597,1.3080435605373302,0.06706969299392118
2022-09-27 08:00:00,4.498356919331597,1.310993565981101,0.06752347595363277
2022-09-27 12:00:00,4.498356919331597,1.2888601002690816,0.06410348539405064
2022-09-27 16:00:00,4.498356919331597,1.236357520958522,0.05626959017466619
2022-09-27 20:00:00,4.498356919331597,1.2364573234274019,0.056283216922416154
2022-09-28 00:00:00,4.498356919331597,1.2148455524390722,0.053331930278954845
2022-09-28 04:00:00,4.498356919331597,1.2171675800104762,0.053637742517297325
2022-09-28 08:00:00,4.498356919331597,1.2284407225180327,0.05512808597972158
2022-09-28 12:00:00,4.498356919331597,1.2629412694874078,0.05977287449448985
2022-09-28 16:00:00,4.498356919331597,1.2667603340920086,0.06031512410216115
2022-09-28 20:00:00,4.498356919331597,1.258082703843306,0.05907560231273365
2022-09-29 00:00:00,4.498356919331597,1.2642186114754732,0.05993997101758483
2022-09-29 04:00:00,4.498356919331597,1.2546408148029133,0.05857764447907057
2022-09-29 08:00:00,4.498356919331597,1.2613373012375546,0.05951559675273931
2022-09-29 12:00:00,4.498356919331597,1.2500486050984843,0.057917641582576826
2022-09-29 16:00:00,4.498356919331597,1.257599893198401,0.058967247483996864
2022-09-29 20:00:00,4.498356919331597,1.269663030573259,0.06066412264484222
2022-09-30 00:00:00,4.498356919331597,1.2571300439130904,0.058867655499897385
2022-09-30 04:00:00,4.498356919331597,1.2683565255261056,0.06044476358494591
2022-09-30 08:00:00,4.498356919331597,1.2596037193917535,0.05919339312203212
2022-09-30 12:00:00,4.498356919331597,1.2803237488399624,0.06211452338644614
2022-09-30 16:00:00,4.498356919331597,1.262016476480321,0.05945000787272089
2022-09-30 20:00:00,4.498356919331597,1.2587171623954707,0.05898374395626404
2022-10-01 00:00:00,4.498356919331597,1.258292029800762,0.05892397855495806
2022-10-01 04:00:00,4.498356919331597,1.2514088997879562,0.05795699776911511
2022-10-01 08:00:00,4.498356919331597,1.2515514747434988,0.05797680716086957
2022-10-01 12:00:00,4.498356919331597,1.2527769712931849,0.0581471166812639
2022-10-01 16:00:00,4.498356919331597,1.2485774907844776,0.0575623653119397
2022-10-01 20:00:00,4.498356919331597,1.2514808353337072,0.05796391839327274
2022-10-02 00:00:00,4.498356919331597,1.2514730585179505,0.05796283781408729
2022-10-02 04:00:00,4.498356919331597,1.2498159486937581,0.05773258726096661
2022-10-02 08:00:00,4.498356919331597,1.243799933637843,0.05689889623339911
2022-10-02 12:00:00,4.498356919331597,1.2406574520040894,0.05646762815348048
2022-10-02 16:00:00,4.498356919331597,1.2482197572596618,0.057500206744287255
2022-10-02 20:00:00,4.498356919331597,1.2350101876286457,0.05567467967575085
2022-10-03 00:00:00,4.498356919331597,1.2422354975347538,0.05665183796629012
2022-10-03 04:00:00,4.498356919331597,1.2441434096671047,0.05691286752756984
2022-10-03 08:00:00,4.498356919331597,1.2472333977944994,0.0573369185258464
2022-10-03 12:00:00,4.498356919331597,1.2530990610791153,0.05814587471266304
2022-10-03 16:00:00,4.498356919331597,1.2664142657908288,0.0599994174587745
2022-10-03 20:00:00,4.498356919331597,1.2720978219731383,0.06080723383271552
2022-10-04 00:00:00,4.498356919331597,1.2701011245275629,0.060520902908232144
2022-10-04 04:00:00,4.498356919331597,1.2940627900104253,0.06394625606051901
2022-10-04 08:00:00,4.498356919331597,1.292182744801203,0.06366754813394312
2022-10-04 12:00:00,4.498356919331597,1.3025971972356056,0.06520694955604925
2022-10-04 16:00:00,4.498356919331597,1.310399287643681,0.06637864833618815
2022-10-04 20:00:00,4.498356919331597,1.318028991969146,0.06753810285918278
2022-10-05 00:00:00,4.498356919331597,1.3084382339369913,0.06606376138470857
2022-10-05 04:00:00,4.498356919331597,1.3108198837625316,0.06642451378790683
2022-10-05 08:00:00,4.498356919331597,1.297913609946033,0.06446247543230814
2022-10-05 12:00:00,4.498356919331597,1.296246131034165,0.06421402326053073
2022-10-05 16:00:00,4.498356919331597,1.303878427631549,0.06534829967494439
2022-10-05 20:00:00,4.498356919331597,1.3063922833249555,0.06572627094522002
2022-10-06 00:00:00,4.498356919331597,1.3191870894489388,0.0676574402533917
2022-10-06 04:00:00,4.498356919331597,1.310291708359044,0.06628878211664756
2022-10-06 08:00:00,4.498356919331597,1.3120278824767642,0.06655228573283906
2022-10-06 12:00:00,4.498356919331597,1.2967840274573479,0.06423256354902306
2022-10-06 16:00:00,4.498356919331597,1.2968242076720915,0.06423853419211153
2022-10-06 20:00:00,4.498356919331597,1.2935871081132961,0.06375748241317175
2022-10-07 00:00:00,4.498356919331597,1.2949616602983223,0.06396072652301127
2022-10-07 04:00:00,4.498356919331597,1.2914698700234895,0.06344332716743613
2022-10-07 08:00:00,4.498356919331597,1.2960646719998377,0.06412048471904762
2022-10-07 12:00:00,4.498356919331597,1.2687648083533405,0.060068648739883934
2022-10-07 16:00:00,4.498356919331597,1.2610962199490912,0.058979459301101864
2022-10-07 20:00:00,4.498356919331597,1.2656825970417027,0.0596229519310713
2022-10-08 00:00:00,4.498356919331597,1.2640423369849838,0.059391147021819655
2022-10-08 04:00:00,4.498356919331597,1.2637286720827903,0.05934693429782292
2022-10-08 08:00:00,4.498356919331597,1.2659496010493554,0.05965983055879396
2022-10-08 12:00:00,4.498356919331597,1.2629471020992256,0.05923533835514883
2022-10-08 16:00:00,4.498356919331597,1.2616606871594438,0.05905433024143664
2022-10-08 20:00:00,4.498356919331597,1.2584158107848917,0.05859868316540655
2022-10-09 00:00:00,4.498356919331597,1.255086037504994,0.05813352611373298
2022-10-09 04:00:00,4.498356919331597,1.257767742805153,0.05850616268310963
2022-10-09 08:00:00,4.498356919331597,1.2616814253347954,0.05905230774386298
2022-10-09 12:00:00,4.498356919331597,1.2660506996541947,0.05966581221467198
2022-10-09 16:00:00,4.498356919331597,1.2617209574815595,0.059053662361239684
2022-10-09 20:00:00,4.498356919331597,1.2597806419502218,0.05878121843237619
2022-10-10 00:00:00,4.498356919331597,1.2606859929179168,0.058907949145369995
2022-10-10 04:00:00,4.498356919331597,1.2580457639684608,0.058537839997904885
2022-10-10 08:00:00,4.498356919331597,1.2528203918478267,0.0578084182092357
2022-10-10 12:00:00,4.498356919331597,1.248763486294662,0.05724682942672839
2022-10-10 16:00:00,4.498356919331597,1.2450416318870219,0.05673496861377935
2022-10-10 20:00:00,4.498356919331597,1.239875233952544,0.05602869000312445
2022-10-11 00:00:00,4.498356919331597,1.23422861764508,0.05526319560660616
2022-10-11 04:00:00,4.498356919331597,1.2367794132133318,0.055605834998754745
2022-10-11 08:00:00,4.498356919331597,1.2412886702163546,0.05621404612726698
2022-10-11 12:00:00,4.498356919331597,1.2408946448846732,0.056160513636311624
2022-10-11 16:00:00,4.498356919331597,1.2312805564052482,0.0548551679745138
2022-10-11 20:00:00,4.498356919331597,1.2352175693821614,0.05538136529090025
2022-10-12 00:00:00,4.498356919331597,1.2344871967689957,0.055283125838618746
2022-10-12 04:00:00,4.498356919331597,1.2386140936639722,0.055837561140090794
2022-10-12 08:00:00,4.498356919331597,1.2387573166874946,0.055856930912419805
2022-10-12 12:00:00,4.498356919331597,1.2402284310015015,0.05605593340345209
2022-10-12 16:00:00,4.498356919331597,1.2402193580497853,0.05605470316368868
2022-10-12 20:00:00,4.498356919331597,1.241408562792606,0.05621595008769528
2022-10-13 00:00:00,4.498356919331597,1.2371073356110796,0.05563161972346308
2022-10-13 04:00:00,4.498356919331597,1.2316719894650103,0.05489835163630679
2022-10-13 08:00:00,4.498356919331597,1.2153348437637748,0.052713803208369624
2022-10-13 12:00:00,4.498356919331597,1.22864551199963,0.05444580969914991
2022-10-13 16:00:00,4.498356919331597,1.2553037883461857,0.057989789048839724
2022-10-13 20:00:00,4.498356919331597,1.2556401356276703,0.05803640256522083
2022-10-14 00:00:00,4.498356919331597,1.2842665944286926,0.06200579627887991
2022-10-14 04:00:00,4.498356919331597,1.2729578081822506,0.06036779456054457
2022-10-14 08:00:00,4.498356919331597,1.2699702147956549,0.05994275040912059
2022-10-14 12:00:00,4.498356919331597,1.2545682311891824,0.057761823844767975
2022-10-14 16:00:00,4.498356919331597,1.242228368786976,0.05605739771482532
2022-10-14 20:00:00,4.498356919331597,1.2427954282692475,0.0561341659155629
2022-10-15 00:00:00,4.498356919331597,1.2443546798284992,0.05634544916558185
2022-10-15 04:00:00,4.498356919331597,1.2423327077317141,0.05607077926356645
2022-10-15 08:00:00,4.498356919331597,1.2421732830086984,0.05604919309329725
2022-10-15 12:00:00,4.498356919331597,1.239621191304487,0.05570372757086704
2022-10-15 16:00:00,4.498356919331597,1.2379504720527201,0.05547850080635065
2022-10-15 20:00:00,4.498356919331597,1.2358261052151363,0.05519289159183228
2022-10-16 00:00:00,4.498356919331597,1.239328264577645,0.05566211853537207
2022-10-16 04:00:00,4.498356919331597,1.2400333625396007,0.05575712301673314
2022-10-16 08:00:00,4.498356919331597,1.2407060571025694,0.05584786455958161
2022-10-16 12:00:00,4.498356919331597,1.2416003909146092,0.05596863442280568
2022-10-16 16:00:00,4.498356919331597,1.2556569853951436,0.057869556177021136
2022-10-16 20:00:00,4.498356919331597,1.2483720532348999,0.05686233255831841
2022-10-17 00:00:00,4.498356919331597,1.2434078525101007,0.056183986631473164
2022-10-17 04:00:00,4.498356919331597,1.2504847548488485,0.05714330642084827
2022-10-17 08:00:00,4.498356919331597,1.2609834561206172,0.058582581473504494
2022-10-17 12:00:00,4.498356919331597,1.26601311171137,0.05928358244302257
2022-10-17 16:00:00,4.498356919331597,1.2654719749482883,0.05920756302676927
2022-10-17 20:00:00,4.498356919331597,1.2669638274376471,0.059416960671376834
2022-10-18 00:00:00,4.498356919331597,1.2668368061136184,0.05939908986673948
2022-10-18 04:00:00,4.498356919331597,1.2744204976125217,0.060465835884911105
2022-10-18 08:00:00,4.498356919331597,1.2678536247738286,0.05953112527074875
2022-10-18 12:00:00,4.498356919331597,1.255632358811914,0.05780960387254557
2022-10-18 16:00:00,4.498356919331597,1.245341039293662,0.05638815968826486
2022-10-18 20:00:00,4.498356919331597,1.2525494994322968,0.05736734158762886
2022-10-19 00:00:00,4.498356919331597,1.2495807000171135,0.05695942446283698
2022-10-19 04:00:00,4.498356919331597,1.2454641722098125,0.056396495502700386
2022-10-19 08:00:00,4.498356919331597,1.2443449588088036,0.056244456491996685
2022-10-19 12:00:00,4.498356919331597,1.2485956366879105,0.056820849071901026
2022-10-19 16:00:00,4.498356919331597,1.2464025746444742,0.05652144474023296
2022-10-19 20:00:00,4.498356919331597,1.2393632602485514,0.05556379535535801
2022-10-20 00:00:00,4.498356919331597,1.23405687963045,0.054850099888826206
2022-10-20 04:00:00,4.498356919331597,1.2407870656000375,0.05574750918687928
2022-10-20 08:00:00,4.498356919331597,1.2448148080941144,0.05629039833663604
2022-10-20 12:00:00,4.498356919331597,1.2477447234305135,0.05668786975239875
2022-10-20 16:00:00,4.498356919331597,1.2354651313504226,0.055014200683612964
2022-10-20 20:00:00,4.498356919331597,1.2340458624747945,0.05482460421318293
2022-10-21 00:00:00,4.498356919331597,1.2346842094348376,0.0549096831891738
2022-10-21 04:00:00,4.498356919331597,1.2331346788952822,0.05470294798424746
2022-10-21 08:00:00,4.498356919331597,1.2278069120338495,0.05399391459524026
2022-10-21 12:00:00,4.498356919331597,1.2422329052628351,0.055897102723739454
2022-10-21 16:00:00,4.498356919331597,1.2435919038163477,0.05608055644185931
2022-10-21 20:00:00,4.498356919331597,1.2419814548866965,0.05586268382990631
2022-10-22 00:00:00,4.498356919331597,1.24112924549334,0.05574769007445859
2022-10-22 04:00:00,4.498356919331597,1.2419302575162972,0.05585562702823808
2022-10-22 08:00:00,4.498356919331597,1.242907544029743,0.05598748697125274
2022-10-22 12:00:00,4.498356919331597,1.2466008834462745,0.05648659278195459
2022-10-22 16:00:00,4.498356919331597,1.2432425951752681,0.05603007554890644
2022-10-22 20:00:00,4.498356919331597,1.244572430669692,0.056209873402139614
2022-10-23 00:00:00,4.498356919331597,1.2441343367153885,0.056150515171707695
2022-10-23 04:00:00,4.498356919331597,1.2418518412907482,0.055841473076682066
2022-10-23 08:00:00,4.498356919331597,1.2411655373002048,0.05574889143883423
2022-10-23 12:00:00,4.498356919331597,1.243651526070483,0.05608387766083455
2022-10-23 16:00:00,4.498356919331597,1.2637215433350142,0.05879911831141615
2022-10-23 20:00:00,4.498356919331597,1.2682949590680308,0.05943750138130494
2022-10-24 00:00:00,4.498356919331597,1.2567314821055513,0.05781176557036603
2022-10-24 04:00:00,4.498356919331597,1.2522228731705085,0.057189554748454136
2022-10-24 08:00:00,4.498356919331597,1.2587832653294044,0.0580884025045071
2022-10-24 12:00:00,4.498356919331597,1.2508982222199223,0.05699680182028019
2022-10-24 16:00:00,4.498356919331597,1.2535727987723044,0.05736240065238684
2022-10-24 20:00:00,4.498356919331597,1.2526972589316774,0.0572422088282478
2022-10-25 00:00:00,4.498356919331597,1.2534943825467562,0.057351482915289013
2022-10-25 04:00:00,4.498356919331597,1.2512086467822172,0.057037743171080964
2022-10-25 08:00:00,4.498356919331597,1.2509092393755779,0.056996796708297166
2022-10-25 12:00:00,4.498356919331597,1.2798357536512193,0.06095084533568932
2022-10-25 16:00:00,4.498356919331597,1.3138372882761953,0.06580870839864242
2022-10-25 20:00:00,4.498356919331597,1.3013250397913783,0.06392853285644336
2022-10-26 00:00:00,4.498356919331597,1.3124134829247092,0.06556271619919127
2022-10-26 04:00:00,4.498356919331597,1.3184787511470846,0.06647170288130627
2022-10-26 08:00:00,4.498356919331597,1.335526179354114,0.06905006430354883
2022-10-26 12:00:00,4.498356919331597,1.3510052830501753,0.07145099014558191
2022-10-26 16:00:00,4.498356919331597,1.3456185420025863,0.07059631995368057
2022-10-26 20:00:00,4.498356919331597,1.3461402367262763,0.0706784302839461
2022-10-27 00:00:00,4.498356919331597,1.345086478191221,0.07051244906492289
2022-10-27 04:00:00,4.498356919331597,1.3421500821750245,0.070050651675944
2022-10-27 08:00:00,4.498356919331597,1.3365002255276617,0.06916600514062793
2022-10-27 12:00:00,4.498356919331597,1.3326280193487223,0.06856482671799276
2022-10-27 16:00:00,4.498356919331597,1.3369376714139853,0.06923003233301656
2022-10-27 20:00:00,4.498356919331597,1.3152610936276818,0.06586262737517484
2022-10-28 00:00:00,4.498356919331597,1.315112037992342,0.06584023517681334
2022-10-28 04:00:00,4.498356919331597,1.3013211513835,0.06376893967181042
2022-10-28 08:00:00,4.498356919331597,1.307395492557592,0.06466192668458166
2022-10-28 12:00:00,4.498356919331597,1.3275406857077727,0.06765098472387962
2022-10-28 16:00:00,4.498356919331597,1.3356169088712777,0.06888566880341793
2022-10-28 20:00:00,4.498356919331597,1.3344912147904715,0.06871149268500552
2022-10-29 00:00:00,4.498356919331597,1.345017782985369,0.07033749712513697
2022-10-29 04:00:00,4.498356919331597,1.3461843053488989,0.07052050644537601
2022-10-29 08:00:00,4.498356919331597,1.3414287825135756,0.06977314545455097
2022-10-29 12:00:00,4.498356919331597,1.3559740202508335,0.07204281567829046
2022-10-29 16:00:00,4.498356919331597,1.3503766571098292,0.07115065300770206
2022-10-29 20:00:00,4.498356919331597,1.348608079593122,0.07087109668270355
2022-10-30 00:00:00,4.498356919331597,1.3463936313063545,0.07052198032857859
2022-10-30 04:00:00,4.498356919331597,1.3512768235336863,0.07128930210919879
2022-10-30 08:00:00,4.498356919331597,1.3460268248298222,0.07045837967238694
2022-10-30 12:00:00,4.498356919331597,1.3399907196665348,0.06951049175182239
2022-10-30 16:00:00,4.498356919331597,1.3380977130977179,0.06921589907541795
2022-10-30 20:00:00,4.498356919331597,1.3368009290702603,0.06901466248823482
2022-10-31 00:00:00,4.498356919331597,1.3295808037079901,0.06789640807017489
2022-10-31 04:00:00,4.498356919331597,1.3315625955900314,0.06820001477829969
2022-10-31 08:00:00,4.498356919331597,1.3434799176694483,0.07003116010626043
2022-10-31 12:00:00,4.498356919331597,1.3221578330680617,0.06669681107532911
2022-10-31 16:00:00,4.498356919331597,1.3202259424204603,0.06640444595298454
2022-10-31 20:00:00,4.498356919331597,1.3279392475153116,0.06756833253065068
2022-11-01 00:00:00,4.498356919331597,1.327409775975865,0.0674875106652458
2022-11-01 04:00:00,4.498356919331597,1.3349882829309303,0.06864341876132853
2022-11-01 08:00:00,4.498356919331597,1.3300163053903742,0.06787646026269885
2022-11-01 12:00:00,4.498356919331597,1.3249101777780121,0.06709469721233902
2022-11-01 16:00:00,4.498356919331597,1.3253929884229176,0.06716804716746992
2022-11-01 20:00:00,4.498356919331597,1.3274778231137374,0.06748501189281372
2022-11-02 00:00:00,4.498356919331597,1.3298575287353385,0.06784794329410475
2022-11-02 04:00:00,4.498356919331597,1.3234610977753163,0.06686892559705954
2022-11-02 08:00:00,4.498356919331597,1.3240890756476833,0.0669641128428981
2022-11-02 12:00:00,4.498356919331597,1.3226438840528656,0.06674484668894776
2022-11-02 16:00:00,4.498356919331597,1.3123817275937018,0.06519126283809427
2022-11-02 20:00:00,4.498356919331597,1.3059762236819634,0.06423670164524782
2022-11-03 00:00:00,4.498356919331597,1.3162668951322358,0.06575519512091788
2022-11-03 04:00:00,4.498356919331597,1.3157782518755128,0.06568196339380576
2022-11-03 08:00:00,4.498356919331597,1.304602319564917,0.06400829875646309
2022-11-03 12:00:00,4.498356919331597,1.3122482255898755,0.0651337024824183
2022-11-03 16:00:00,4.498356919331597,1.3131496881496922,0.06526793530443734
2022-11-03 20:00:00,4.498356919331597,1.3096041082325414,0.06473925373202179
2022-11-04 00:00:00,4.498356919331597,1.3169901389976246,0.06583462167589282
2022-11-04 04:00:00,4.498356919331597,1.335769204846516,0.06865084480235317
2022-11-04 08:00:00,4.498356919331597,1.3323279638741028,0.06812026489588248
2022-11-04 12:00:00,4.498356919331597,1.3504894209383032,0.07090598275136711
2022-11-04 16:00:00,4.498356919331597,1.367976887303575,0.07366046413249387
2022-11-04 20:00:00,4.498356919331597,1.3705678630865705,0.07407900734145341
2022-11-05 00:00:00,4.498356919331597,1.3897565078986567,0.07719043829979907
2022-11-05 04:00:00,4.498356919331597,1.3858557867286088,0.07654047183065857
2022-11-05 08:00:00,4.498356919331597,1.387165532115661,0.07675748257058479
2022-11-05 12:00:00,4.498356919331597,1.3803342475412343,0.07562347470811318
2022-11-05 16:00:00,4.498356919331597,1.3824009363286214,0.07596315371163184
2022-11-05 20:00:00,4.498356919331597,1.3803439685609302,0.07562406158297927
2022-11-06 00:00:00,4.498356919331597,1.376099771361621,0.07492648886701597
2022-11-06 04:00:00,4.498356919331597,1.3735470315894298,0.074509510755177
2022-11-06 08:00:00,4.498356919331597,1.3774736754786672,0.07514852560148699
2022-11-06 12:00:00,4.498356919331597,1.3765676764429922,0.07500024438289234
2022-11-06 16:00:00,4.498356919331597,1.3735476796574093,0.07450662427071697
2022-11-06 20:00:00,4.498356919331597,1.354823699586796,0.07145963747447803
2022-11-07 00:00:00,4.498356919331597,1.3553577076021006,0.07154413559595414
2022-11-07 04:00:00,4.498356919331597,1.3373362332215242,0.068690282035028
2022-11-07 08:00:00,4.498356919331597,1.3436691535195315,0.06966612506665121
2022-11-07 12:00:00,4.498356919331597,1.3457099195877291,0.06998355201010621
2022-11-07 16:00:00,4.498356919331597,1.3510603688284524,0.07081830124677002
2022-11-07 20:00:00,4.498356919331597,1.334445201963909,0.06820555813159991
2022-11-08 00:00:00,4.498356919331597,1.305770138064406,0.06380867753692311
2022-11-08 04:00:00,4.498356919331597,1.282973698809114,0.060466717266058255
2022-11-08 08:00:00,4.498356919331597,1.27663170555939,0.059570020366292664
2022-11-08 12:00:00,4.498356919331597,1.2650915590441814,0.057954565979689204
2022-11-08 16:00:00,4.498356919331597,1.183154380161865,0.04669379926495619
2022-11-08 20:00:00,4.498356919331597,1.2019865875850948,0.048923467669723476
2022-11-09 00:00:00,4.498356919331597,1.186850959918295,0.047075308800566644
2022-11-09 04:00:00,4.498356919331597,1.1821226559381208,0.04651267782796759
2022-11-09 08:00:00,4.498356919331597,1.1547327108424401,0.043279562332985126
2022-11-09 12:00:00,4.498356919331597,1.109238338664776,0.03816415381123269
2022-11-09 16:00:00,4.498356919331597,1.0877587735443128,0.0359470935136888
2022-11-09 20:00:00,4.498356919331597,1.0319063308464833,0.03040983737899021
2022-11-10 00:00:00,4.498356919331597,1.0608607120452536,0.03296965699830085
2022-11-10 04:00:00,4.498356919331597,1.0856499603382423,0.03528087374198593
2022-11-10 08:00:00,4.498356919331597,1.0626740062525626,0.03304089281402831
2022-11-10 12:00:00,4.498356919331597,1.1376224200413756,0.04003183027558432
2022-11-10 16:00:00,4.498356919331597,1.1312428388488267,0.039358356440073565
2022-11-10 20:00:00,4.498356919331597,1.1406741721579658,0.04034276517709764
2022-11-11 00:00:00,4.498356919331597,1.1058709774420528,0.03665006182821586
2022-11-11 04:00:00,4.498356919331597,1.1279026964812533,0.038840544845058285
2022-11-11 08:00:00,4.498356919331597,1.1244433096054074,0.03848316169975627
2022-11-11 12:00:00,4.498356919331597,1.09337298645279,0.03529309175208024
2022-11-11 16:00:00,4.498356919331597,1.0919407562175671,0.035154398459686535
2022-11-11 20:00:00,4.498356919331597,1.1062721315215112,0.03653856937291997
2022-11-12 00:00:00,4.498356919331597,1.095717048335505,0.035492711952562477
2022-11-12 04:00:00,4.498356919331597,1.0901812516525762,0.03495476165583136
2022-11-12 08:00:00,4.498356919331597,1.0930910768816033,0.03523465707832167
2022-11-12 12:00:00,4.498356919331597,1.0975510807181659,0.035665947871210385
2022-11-12 16:00:00,4.498356919331597,1.094672362752166,0.03538530798105396
2022-11-12 20:00:00,4.498356919331597,1.0895370720807158,0.03488731283246546
2022-11-13 00:00:00,4.498356919331597,1.096181065008998,0.03552554093599298
2022-11-13 04:00:00,4.498356919331597,1.0871333879438647,0.03464587707694685
2022-11-13 08:00:00,4.498356919331597,1.0796313530104082,0.03392862954408499
2022-11-13 12:00:00,4.498356919331597,1.0745479077773372,0.033449370592481945
2022-11-13 16:00:00,4.498356919331597,1.0728506177384012,0.03329086686331998
2022-11-13 20:00:00,4.498356919331597,1.0582852898937718,0.03193496777892089
2022-11-14 00:00:00,4.498356919331597,1.0459681098708562,0.030819912837927246
2022-11-14 04:00:00,4.498356919331597,1.0903601184149845,0.034744003317701465
2022-11-14 08:00:00,4.498356919331597,1.085500904702903,0.03427949108596448
2022-11-14 12:00:00,4.498356919331597,1.0755232500868444,0.03333422539068542
2022-11-14 16:00:00,4.498356919331597,1.053642530886923,0.031299745451377044
2022-11-14 20:00:00,4.498356919331597,1.0770539866549873,0.03338614359317309
2022-11-15 00:00:00,4.498356919331597,1.0902486507224693,0.03461315436889686
2022-11-15 04:00:00,4.498356919331597,1.091646533354766,0.03474629407232842
2022-11-15 08:00:00,4.498356919331597,1.0875630570144317,0.03435637206344532
2022-11-15 12:00:00,4.498356919331597,1.1008750213862464,0.03561795629408914
2022-11-15 16:00:00,4.498356919331597,1.0925629014781166,0.03481115974267083
2022-11-15 20:00:00,4.498356919331597,1.0952718256334248,0.03507009437620168
2022-11-16 00:00:00,4.498356919331597,1.0997707135487718,0.035502251271193254
2022-11-16 04:00:00,4.498356919331597,1.0903542858031667,0.03459032195779274
2022-11-16 08:00:00,4.498356919331597,1.0827854998677975,0.03386998707469228
2022-11-16 12:00:00,4.498356919331597,1.0648858622674118,0.032190262436042894
2022-11-16 16:00:00,4.498356919331597,1.0729983772377822,0.032925958143439675
2022-11-16 20:00:00,4.498356919331597,1.0798601210072565,0.033557635207275484
2022-11-17 00:00:00,4.498356919331597,1.071008808539984,0.03273244745627692
2022-11-17 04:00:00,4.498356919331597,1.0765640472623053,0.03324178937242792
2022-11-17 08:00:00,4.498356919331597,1.0754739969203846,0.03314081472824317
2022-11-17 12:00:00,4.498356919331597,1.071691224122649,0.032791115415732305
2022-11-17 16:00:00,4.498356919331597,1.077125274132759,0.033289921108208484
2022-11-17 20:00:00,4.498356919331597,1.0817913635868786,0.03372255532506839
2022-11-18 00:00:00,4.498356919331597,1.092317283713796,0.03470692514657525
2022-11-18 04:00:00,4.498356919331597,1.0851963127524258,0.034028147075920924
2022-11-18 08:00:00,4.498356919331597,1.085506089246741,0.03405728775761699
2022-11-18 12:00:00,4.498356919331597,1.0820700328181658,0.03373387336953024
2022-11-18 16:00:00,4.498356919331597,1.0794460055682031,0.033488458746769006
2022-11-18 20:00:00,4.498356919331597,1.082302689222892,0.03375433383147671
2022-11-19 00:00:00,4.498356919331597,1.077652801468266,0.03331927846726644
2022-11-19 04:00:00,4.498356919331597,1.0757481296758138,0.03314261037039424
2022-11-19 08:00:00,4.498356919331597,1.0807350127799036,0.03360353143301703
2022-11-19 12:00:00,4.498356919331597,1.079399344673662,0.0334789407664945
2022-11-19 16:00:00,4.498356919331597,1.0775640161550417,0.03330816563568175
2022-11-19 20:00:00,4.498356919331597,1.0823175947864256,0.033748973741861844
2022-11-20 00:00:00,4.498356919331597,1.080976742136346,0.03362354179536882
2022-11-20 04:00:00,4.498356919331597,1.0837576018374053,0.03388303586792629
2022-11-20 08:00:00,4.498356919331597,1.0709569631016045,0.03268242283227467
2022-11-20 12:00:00,4.498356919331597,1.074531058009864,0.03300963508746031
2022-11-20 16:00:00,4.498356919331597,1.075002203431134,0.03305305590339668
2022-11-20 20:00:00,4.498356919331597,1.0550695765783076,0.031214452519426346
2022-11-21 00:00:00,4.498356919331597,1.0416882689326608,0.030026786223026757
2022-11-21 04:00:00,4.498356919331597,1.0394835416655894,0.02983613165878866
2022-11-21 08:00:00,4.498356919331597,1.0423797574670421,0.0300855205307643
2022-11-21 12:00:00,4.498356919331597,1.0453628143777798,0.030343814552562614
2022-11-21 16:00:00,4.498356919331597,1.0189559884073627,0.02804427657642443
2022-11-21 20:00:00,4.498356919331597,1.0227348727972199,0.028356290285117956
2022-11-22 00:00:00,4.498356919331597,1.027046469066422,0.028714919521258132
2022-11-22 04:00:00,4.498356919331597,1.021382354923505,0.028239835131198564
2022-11-22 08:00:00,4.498356919331597,1.0205696776769124,0.028172426864310002
2022-11-22 12:00:00,4.498356919331597,1.0525466479331846,0.030820562142846775
2022-11-22 16:00:00,4.498356919331597,1.0478209362249293,0.030405428737616338
2022-11-22 20:00:00,4.498356919331597,1.0516160223142799,0.030735803563085834
2022-11-23 00:00:00,4.498356919331597,1.074921194933667,0.03277923916819461
2022-11-23 04:00:00,4.498356919331597,1.0747455685111578,0.03276317222151568
2022-11-23 08:00:00,4.498356919331597,1.0748706456312473,0.03277461099366752
2022-11-23 12:00:00,4.498356919331597,1.0645883990647116,0.031834042099925124
2022-11-23 16:00:00,4.498356919331597,1.0675831211990845,0.032102692718099145
2022-11-23 20:00:00,4.498356919331597,1.0759943955081146,0.032861484841584056
2022-11-24 00:00:00,4.498356919331597,1.0830557442153486,0.03350845773792798
2022-11-24 04:00:00,4.498356919331597,1.0773417288379916,0.03297810320038361
2022-11-24 08:00:00,4.498356919331597,1.0739853847709242,0.03266988383583956
2022-11-24 12:00:00,4.498356919331597,1.0730780895992897,0.032587085983236286
2022-11-24 16:00:00,4.498356919331597,1.0743288608001855,0.03270103572015851
2022-11-24 20:00:00,4.498356919331597,1.0757247992285428,0.03282850683465931
2022-11-25 00:00:00,4.498356919331597,1.0683692276585073,0.03215508432436791
2022-11-25 04:00:00,4.498356919331597,1.0668274739347086,0.03201587621247346
2022-11-25 08:00:00,4.498356919331597,1.0713626536569207,0.0324241833365452
2022-11-25 12:00:00,4.498356919331597,1.0701546549426877,0.03231450514780049
2022-11-25 16:00:00,4.498356919331597,1.070816332350001,0.03237444539443509
2022-11-25 20:00:00,4.498356919331597,1.070746989076169,0.032368155940405506
2022-11-26 00:00:00,4.498356919331597,1.0774642136861616,0.032977331149529096
2022-11-26 04:00:00,4.498356919331597,1.0747397358993396,0.03272717154781521
2022-11-26 08:00:00,4.498356919331597,1.0745168005143095,0.032706805562415446
2022-11-26 12:00:00,4.498356919331597,1.0701455819909713,0.03230764402046872
2022-11-26 16:00:00,4.498356919331597,1.0685623519164693,0.032164251099420504
2022-11-26 20:00:00,4.498356919331597,1.0666272209289693,0.03198950592274291
2022-11-27 00:00:00,4.498356919331597,1.0710762076098763,0.03238979821695736
2022-11-27 04:00:00,4.498356919331597,1.0733936987054222,0.03260004395415424
2022-11-27 08:00:00,4.498356919331597,1.0726114806538776,0.03252877371223038
2022-11-27 12:00:00,4.498356919331597,1.074126015522527,0.03266656627620204
2022-11-27 16:00:00,4.498356919331597,1.0729018151088003,0.03255487428651245
2022-11-27 20:00:00,4.498356919331597,1.0646966264173274,0.031807968420794634
2022-11-28 00:00:00,4.498356919331597,1.048458635116992,0.030352631280572244
2022-11-28 04:00:00,4.498356919331597,1.051299765140167,0.030599381421565562
2022-11-28 08:00:00,4.498356919331597,1.0507314095219362,0.03054975333948467
2022-11-28 12:00:00,4.498356919331597,1.046387409853747,0.03017085122282377
2022-11-28 16:00:00,4.498356919331597,1.0514740954267168,0.030610849732536752
2022-11-28 20:00:00,4.498356919331597,1.050706782938706,0.030543834993788866
2022-11-29 00:00:00,4.498356919331597,1.0555510910872534,0.030966304186386434
2022-11-29 04:00:00,4.498356919331597,1.0669344051513656,0.03196814815851112
2022-11-29 08:00:00,4.498356919331597,1.0691592225258086,0.03216813221875446
2022-11-29 12:00:00,4.498356919331597,1.0624089464488493,0.031558839134669926
2022-11-29 16:00:00,4.498356919331597,1.0645527553258254,0.03174988455002559
2022-11-29 20:00:00,4.498356919331597,1.065587719889468,0.031842486833692486
2022-11-30 00:00:00,4.498356919331597,1.0916867135695094,0.03418220091011467
2022-11-30 04:00:00,4.498356919331597,1.0942096422146326,0.03441918992745143
2022-11-30 08:00:00,4.498356919331597,1.0938946811764796,0.03438946791612827
2022-11-30 12:00:00,4.498356919331597,1.093008124180197,0.03430585413528414
2022-11-30 16:00:00,4.498356919331597,1.105788672808626,0.035509269628681256
2022-11-30 20:00:00,4.498356919331597,1.1123205499764135,0.036138527804051995
2022-12-01 00:00:00,4.498356919331597,1.1115000959140642,0.03605855984352627
2022-12-01 04:00:00,4.498356919331597,1.106265650841714,0.035549122503171084
2022-12-01 08:00:00,4.498356919331597,1.1083563181443514,0.03575066917868692
2022-12-01 12:00:00,4.498356919331597,1.100268429757211,0.03496803073286589
2022-12-01 16:00:00,4.498356919331597,1.0985918778936268,0.03480818142108296
2022-12-01 20:00:00,4.498356919331597,1.1002489877178188,0.03496569481770226
2022-12-02 00:00:00,4.498356919331597,1.0953664435584667,0.03450019595994649
2022-12-02 04:00:00,4.498356919331597,1.0988524012214818,0.034829582230238076
2022-12-02 08:00:00,4.498356919331597,1.1015159606182081,0.035082857358718335
2022-12-02 12:00:00,4.498356919331597,1.0977584624716825,0.034723832770206096
2022-12-02 16:00:00,4.498356919331597,1.100873725250287,0.03501945480581112
2022-12-02 20:00:00,4.498356919331597,1.1077257480000655,0.03567335569065521
2022-12-03 00:00:00,4.498356919331597,1.103069379565642,0.035223492659969616
2022-12-03 04:00:00,4.498356919331597,1.0994155722958747,0.03487346974409933
2022-12-03 08:00:00,4.498356919331597,1.0980494449945855,0.034743469041065955
2022-12-03 12:00:00,4.498356919331597,1.099219855765994,0.03485456821948763
2022-12-03 16:00:00,4.498356919331597,1.0986955687703852,0.034804695220671665
2022-12-03 20:00:00,4.498356919331597,1.0942757451485665,0.03438465908384073
2022-12-04 00:00:00,4.498356919331597,1.0990999631897422,0.03483942314151273
2022-12-04 04:00:00,4.498356919331597,1.1014816130152825,0.035065904741437726
2022-12-04 08:00:00,4.498356919331597,1.0983870884120297,0.03477036016672445
2022-12-04 12:00:00,4.498356919331597,1.1036519926794277,0.035270354985177964
2022-12-04 16:00:00,4.498356919331597,1.107258490986674,0.035616122880475824
2022-12-04 20:00:00,4.498356919331597,1.1085656441018072,0.035742260705611935
2022-12-05 00:00:00,4.498356919331597,1.1144747279410658,0.03631382094538074
2022-12-05 04:00:00,4.498356919331597,1.1220603636439084,0.037055327441034035
2022-12-05 08:00:00,4.498356919331597,1.1218387243948376,0.03703336895676471
2022-12-05 12:00:00,4.498356919331597,1.1071541520419361,0.035579097926290174
2022-12-05 16:00:00,4.498356919331597,1.0969619869245841,0.03459650293681454
2022-12-05 20:00:00,4.498356919331597,1.099534816804147,0.03483993229228502
2022-12-06 00:00:00,4.498356919331597,1.1019670159321069,0.03507113275536569
2022-12-06 04:00:00,4.498356919331597,1.1017913895095974,0.0350543643290241
2022-12-06 08:00:00,4.498356919331597,1.1006721761085887,0.034947538350818694
2022-12-06 12:00:00,4.498356919331597,1.1007609614218128,0.03495599544151175
2022-12-06 16:00:00,4.498356919331597,1.0998316319388672,0.03486745949690245
2022-12-06 20:00:00,4.498356919331597,1.1074807783037244,0.03559495166929714
2022-12-07 00:00:00,4.498356919331597,1.1033376797092542,0.03519546827296088
2022-12-07 04:00:00,4.498356919331597,1.0863582986400977,0.03357058784323199
2022-12-07 08:00:00,4.498356919331597,1.0883193523467873,0.03375238898326507
2022-12-07 12:00:00,4.498356919331597,1.0911831647492531,0.03401883791658971
2022-12-07 16:00:00,4.498356919331597,1.0897736168933212,0.03388700529234561
2022-12-07 20:00:00,4.498356919331597,1.091128727038955,0.03401341858763453
2022-12-08 00:00:00,4.498356919331597,1.0909783752676556,0.033999357979735925
2022-12-08 04:00:00,4.498356919331597,1.0904100196494246,0.033946221107652774
2022-12-08 08:00:00,4.498356919331597,1.0920606487938194,0.03410038134341539
2022-12-08 12:00:00,4.498356919331597,1.0963625240433255,0.03450336881484013
2022-12-08 16:00:00,4.498356919331597,1.1180222520621554,0.03654831353305258
2022-12-08 20:00:00,4.498356919331597,1.1162387689819142,0.03637340655241605
2022-12-09 00:00:00,4.498356919331597,1.1148493112333542,0.03623757724873973
2022-12-09 04:00:00,4.498356919331597,1.115450070250572,0.03629615929496325
2022-12-09 08:00:00,4.498356919331597,1.1173625188587812,0.03648284951403706
2022-12-09 12:00:00,4.498356919331597,1.113477999388227,0.036102350785414974
2022-12-09 16:00:00,4.498356919331597,1.110961551422901,0.035857578044793184
2022-12-09 20:00:00,4.498356919331597,1.1100471275034898,0.035769035753619415
2022-12-10 00:00:00,4.498356919331597,1.1111177358060182,0.03587253035047691
2022-12-10 04:00:00,4.498356919331597,1.1116997008518237,0.03592889672308303
2022-12-10 08:00:00,4.498356919331597,1.1126426397623437,0.036020320930644535
2022-12-10 12:00:00,4.498356919331597,1.1151759374951427,0.0362663573328656
2022-12-10 16:00:00,4.498356919331597,1.1131086006397757,0.036064663300731416
2022-12-10 20:00:00,4.498356919331597,1.1099777842296576,0.03576034841279754
2022-12-11 00:00:00,4.498356919331597,1.1116705377927352,0.03592395562562478
2022-12-11 04:00:00,4.498356919331597,1.113437819173483,0.036095286255721455
2022-12-11 08:00:00,4.498356919331597,1.1125661677407344,0.036010514998345906
2022-12-11 12:00:00,4.498356919331597,1.1116647051809176,0.035922981873651005
2022-12-11 16:00:00,4.498356919331597,1.113214235720473,0.03607319917539415
2022-12-11 20:00:00,4.498356919331597,1.107227383723646,0.03549119555672309
2022-12-12 00:00:00,4.498356919331597,1.0964642707161438,0.034456189321787775
2022-12-12 04:00:00,4.498356919331597,1.096786360502074,0.03448655415976477
2022-12-12 08:00:00,4.498356919331597,1.1009780641950246,0.03488195682422476
2022-12-12 12:00:00,4.498356919331597,1.1024161270420652,0.035018641962028106
2022-12-12 16:00:00,4.498356919331597,1.1045165153643988,0.035218800717429416
2022-12-12 20:00:00,4.498356919331597,1.115313975974827,0.03625166969187162
2022-12-13 00:00:00,4.498356919331597,1.1115901773632477,0.035888559607606695
2022-12-13 04:00:00,4.498356919331597,1.1124197043773134,0.03596890539591071
2022-12-13 08:00:00,4.498356919331597,1.1305306121390941,0.03772569608926381
2022-12-13 12:00:00,4.498356919331597,1.150511196022421,0.03972594648631106
2022-12-13 16:00:00,4.498356919331597,1.1497283299028966,0.03964485184504805
2022-12-13 20:00:00,4.498356919331597,1.1519213919463327,0.03987171488096115
2022-12-14 00:00:00,4.498356919331597,1.1523737433961903,0.039918686909158924
2022-12-14 04:00:00,4.498356919331597,1.1539504927908946,0.04008254459625594
2022-12-14 08:00:00,4.498356919331597,1.1551766374085606,0.04021031523275922
2022-12-14 12:00:00,4.498356919331597,1.1705293678485729,0.041813545710293894
2022-12-14 16:00:00,4.498356919331597,1.1531008756694572,0.03994580857936043
2022-12-14 20:00:00,4.498356919331597,1.1537651453486895,0.04001484362220422
2022-12-15 00:00:00,4.498356919331597,1.1489960130857917,0.03951863497224767
2022-12-15 04:00:00,4.498356919331597,1.146526226015007,0.03926379697647242
2022-12-15 08:00:00,4.498356919331597,1.148397846340493,0.039456082819071064
2022-12-15 12:00:00,4.498356919331597,1.129520922226661,0.037510390870297124
2022-12-15 16:00:00,4.498356919331597,1.1303763719599162,0.03759561705752269
2022-12-15 20:00:00,4.498356919331597,1.1248088199459803,0.03704009707677277
2022-12-16 00:00:00,4.498356919331597,1.1293077078613267,0.03748454392542913
2022-12-16 04:00:00,4.498356919331597,1.13433606731612,0.037985255360082314
2022-12-16 08:00:00,4.498356919331597,1.1034711817130798,0.03488455902747295
2022-12-16 12:00:00,4.498356919331597,1.0999230095240098,0.03454804886512211
2022-12-16 16:00:00,4.498356919331597,1.0929543345378785,0.03389140074922297
2022-12-16 20:00:00,4.498356919331597,1.0778744407173362,0.03248856430333296
2022-12-17 00:00:00,4.498356919331597,1.0807732487907078,0.0327506860559336
2022-12-17 04:00:00,4.498356919331597,1.085224827743534,0.03315537482362933
2022-12-17 08:00:00,4.498356919331597,1.0828062380431487,0.032933699334797464
2022-12-17 12:00:00,4.498356919331597,1.0822903759312765,0.03288662928543762
2022-12-17 16:00:00,4.498356919331597,1.0817310932647621,0.03283564595750142
2022-12-17 20:00:00,4.498356919331597,1.0872325423447649,0.03333663081973458
2022-12-18 00:00:00,4.498356919331597,1.084931901016692,0.03312500461940806
2022-12-18 04:00:00,4.498356919331597,1.085567655704816,0.03318323696641853
2022-12-18 08:00:00,4.498356919331597,1.0830090833208068,0.03294860843838124
2022-12-18 12:00:00,4.498356919331597,1.0812262483085455,0.03278588976787171
2022-12-18 16:00:00,4.498356919331597,1.085567007636836,0.03318076269220784
2022-12-18 20:00:00,4.498356919331597,1.0847497939143853,0.03310582736052579
2022-12-19 00:00:00,4.498356919331597,1.0810726561973474,0.03276915611949652
2022-12-19 04:00:00,4.498356919331597,1.0837141812827624,0.03300936351190808
2022-12-19 08:00:00,4.498356919331597,1.084506768421983,0.033081788873074135
2022-12-19 12:00:00,4.498356919331597,1.0802696999704506,0.032694046330466575
2022-12-19 16:00:00,4.498356919331597,1.0729244974880912,0.032027145119764774
2022-12-19 20:00:00,4.498356919331597,1.0653511750768634,0.03134894671026527
2022-12-20 00:00:00,4.498356919331597,1.0840388633406117,0.0329986544044705
2022-12-20 04:00:00,4.498356919331597,1.0889376091994574,0.03344601480937302
2022-12-20 08:00:00,4.498356919331597,1.089677702832319,0.033514209302048896
2022-12-20 12:00:00,4.498356919331597,1.0964551977644277,0.03413955673214094
2022-12-20 16:00:00,4.498356919331597,1.0952543277979716,0.0340273847936121
2022-12-20 20:00:00,4.498356919331597,1.0949471435755755,0.03399875397571153
2022-12-21 00:00:00,4.498356919331597,1.0911585381660223,0.03364583868481495
2022-12-21 04:00:00,4.498356919331597,1.0898027799524088,0.03352042440112841
2022-12-21 08:00:00,4.498356919331597,1.0938395953982019,0.03389292051545632
2022-12-21 12:00:00,4.498356919331597,1.0927158455213348,0.033788461419032655
2022-12-21 16:00:00,4.498356919331597,1.0859156682099356,0.03315764546718973
2022-12-21 20:00:00,4.498356919331597,1.090352989667207,0.03356411662147383
2022-12-22 00:00:00,4.498356919331597,1.0921760048942124,0.033732469153897125
2022-12-22 04:00:00,4.498356919331597,1.0904955646227497,0.033576765129908134
2022-12-22 08:00:00,4.498356919331597,1.0910094825306826,0.03362423630205367
2022-12-22 12:00:00,4.498356919331597,1.0781608867643813,0.032436279019060384
2022-12-22 16:00:00,4.498356919331597,1.0798192927245327,0.03258595756642018
2022-12-22 20:00:00,4.498356919331597,1.090143015641772,0.03352058171837388
2022-12-23 00:00:00,4.498356919331597,1.0905837018679942,0.0335612334267634
2022-12-23 04:00:00,4.498356919331597,1.0918655803319175,0.0336795776371494
2022-12-23 08:00:00,4.498356919331597,1.091607001208002,0.03365564931894942
2022-12-23 12:00:00,4.498356919331597,1.0908383925840317,0.03358455773850911
2022-12-23 16:00:00,4.498356919331597,1.0916569024424418,0.0336601581898304
2022-12-23 20:00:00,4.498356919331597,1.0873608598047533,0.03326276554443608
2022-12-24 00:00:00,4.498356919331597,1.09138860229883,0.03363239588300986
2022-12-24 04:00:00,4.498356919331597,1.0918817820314108,0.03367798958622255
2022-12-24 08:00:00,4.498356919331597,1.090336139899734,0.03353496827987435
2022-12-24 12:00:00,4.498356919331597,1.091109933067542,0.033606365883938026
2022-12-24 16:00:00,4.498356919331597,1.0915791342848729,0.033649720308560886
2022-12-24 20:00:00,4.498356919331597,1.0910950275040079,0.033604950147798546
2022-12-25 00:00:00,4.498356919331597,1.0908370964480718,0.033581117869057084
2022-12-25 04:00:00,4.498356919331597,1.0901780113126776,0.03352024860904708
2022-12-25 08:00:00,4.498356919331597,1.0901482001856095,0.03351749875614158
2022-12-25 12:00:00,4.498356919331597,1.088306390987192,0.0333476149618836
2022-12-25 16:00:00,4.498356919331597,1.0883699016492063,0.033353453195823154
2022-12-25 20:00:00,4.498356919331597,1.0908351522441329,0.033580098438977884
2022-12-26 00:00:00,4.498356919331597,1.0948583582623512,0.03395164767037401
2022-12-26 04:00:00,4.498356919331597,1.0915830226927514,0.03364694239478626
2022-12-26 08:00:00,4.498356919331597,1.0929044333034388,0.03376913583066797
2022-12-26 12:00:00,4.498356919331597,1.089370518609923,0.03344155756765749
2022-12-26 16:00:00,4.498356919331597,1.0914112846781205,0.03362950022294112
2022-12-26 20:00:00,4.498356919331597,1.096491489571293,0.03409910710895911
2022-12-27 00:00:00,4.498356919331597,1.0937125740741729,0.0338398478130568
2022-12-27 04:00:00,4.498356919331597,1.093238188313004,0.033795814831239196
2022-12-27 08:00:00,4.498356919331597,1.090853946215545,0.0335746990525371
2022-12-27 12:00:00,4.498356919331597,1.0887399484656368,0.03337950288031676
2022-12-27 16:00:00,4.498356919331597,1.0816740632825446,0.03272960736995158
2022-12-27 20:00:00,4.498356919331597,1.082685697398917,0.03282143832500962
2022-12-28 00:00:00,4.498356919331597,1.0790753106837923,0.0324930934918288
2022-12-28 04:00:00,4.498356919331597,1.0788491349588634,0.032472661695540986
2022-12-28 08:00:00,4.498356919331597,1.0809112872703923,0.03265887005092752
2022-12-28 12:00:00,4.498356919331597,1.0744007963459363,0.032068742222010616
2022-12-28 16:00:00,4.498356919331597,1.0755284346306817,0.03216971555038907
2022-12-28 20:00:00,4.498356919331597,1.0723781761811717,0.03188703705960863
2022-12-29 00:00:00,4.498356919331597,1.073092347094844,0.0319507444202123
2022-12-29 04:00:00,4.498356919331597,1.072965325770815,0.031939398446482394
2022-12-29 08:00:00,4.498356919331597,1.0757085975290495,0.03218437872952263
2022-12-29 12:00:00,4.498356919331597,1.076868639212782,0.03228850141008046
2022-12-29 16:00:00,4.498356919331597,1.076596450661292,0.03226401775411193
2022-12-29 20:00:00,4.498356919331597,1.0779619298946017,0.03238678198819235
2022-12-30 00:00:00,4.498356919331597,1.0757332241122801,0.03218590121600701
2022-12-30 04:00:00,4.498356919331597,1.0676874601438227,0.031463714269025486
2022-12-30 08:00:00,4.498356919331597,1.0690704372125854,0.031585979249058975
2022-12-30 12:00:00,4.498356919331597,1.0728933902250646,0.031924829834537136
2022-12-30 16:00:00,4.498356919331597,1.0709563150336254,0.03175191201317626
2022-12-30 20:00:00,4.498356919331597,1.0762776012152608,0.032225211460402296
2022-12-31 00:00:00,4.498356919331597,1.0727119311907378,0.03190492846721765
2022-12-31 04:00:00,4.498356919331597,1.073530441049148,0.03197796158372257
2022-12-31 08:00:00,4.498356919331597,1.0736639430529742,0.03198989172129427
2022-12-31 12:00:00,4.498356919331597,1.0751512590664747,0.032122835772927225
2022-12-31 16:00:00,4.498356919331597,1.073857715378916,0.03200689220380571
2022-12-31 20:00:00,4.498356919331597,1.0720599748031205,0.03184614440268873
2023-01-01 00:00:00,4.498356919331597,1.071453383174085,0.03179208696635376
2023-01-01 04:00:00,4.498356919331597,1.0710094566079638,0.031752570495870484
2023-01-01 08:00:00,4.498356919331597,1.0729841197422278,0.031928200962967106
2023-01-01 12:00:00,4.498356919331597,1.0731182698140338,0.03194017645367478
2023-01-01 16:00:00,4.498356919331597,1.0759924513041754,0.03219681693740521
2023-01-01 20:00:00,4.498356919331597,1.0768783602324783,0.03227634383618561
2023-01-02 00:00:00,4.498356919331597,1.079806979432918,0.03253967474829969
2023-01-02 04:00:00,4.498356919331597,1.0836526148246879,0.032887336118985956
2023-01-02 08:00:00,4.498356919331597,1.0845488928406668,0.032968938458972905
2023-01-02 12:00:00,4.498356919331597,1.0845197297815785,0.03296627889671609
2023-01-02 16:00:00,4.498356919331597,1.084707669495703,0.03298341737615945
2023-01-02 20:00:00,4.498356919331597,1.0805153177347724,0.032600978609087575
2023-01-03 00:00:00,4.498356919331597,1.0817427584883978,0.03271208051323297
2023-01-03 04:00:00,4.498356919331597,1.0842008803355472,0.03293508255085507
2023-01-03 08:00:00,4.498356919331597,1.0836364131251945,0.032883641601560334
2023-01-03 12:00:00,4.498356919331597,1.0807790814025262,0.03262351891326671
2023-01-03 16:00:00,4.498356919331597,1.078603517194543,0.03242650947449946
2023-01-03 20:00:00,4.498356919331597,1.0806650214380922,0.0326124370720444
2023-01-04 00:00:00,4.498356919331597,1.0927735235715321,0.03370867250864073
2023-01-04 04:00:00,4.498356919331597,1.093254390012498,0.03375317222160762
2023-01-04 08:00:00,4.634309207423825,1.0910451262695684,0.033548545575844406
2023-01-04 12:00:00,4.634309207423825,1.09225701339168,0.03366033852382618
2023-01-04 16:00:00,4.634309207423825,1.0914994219233656,0.03359029790616868
2023-01-04 20:00:00,4.634309207423825,1.0920178763071566,0.033638163356720034
2023-01-05 00:00:00,4.634309207423825,1.090550002333048,0.03350251561981179
2023-01-05 04:00:00,4.634309207423825,1.0902862386652943,0.03347820656553655
2023-01-05 08:00:00,4.634309207423825,1.090931714373114,0.033537666278902874
2023-01-05 12:00:00,4.634309207423825,1.09153700986619,0.033593490666385936
2023-01-05 16:00:00,4.634309207423825,1.0928921200118238,0.033718606570705634
2023-01-05 20:00:00,4.634309207423825,1.0908183024766596,0.03352665833641823
2023-01-06 00:00:00,4.634309207423825,1.0909291221011952,0.03353687656895156
2023-01-06 04:00:00,4.634309207423825,1.0883692535812268,0.03330079341877888
2023-01-06 08:00:00,4.634309207423825,1.0847504419823653,0.03296861948862061
2023-01-06 12:00:00,4.634309207423825,1.0913996194544855,0.03357488115076852
2023-01-06 16:00:00,4.716022382063467,1.0978213250657172,0.03416753666989934
2023-01-06 20:00:00,4.716022382063467,1.0985173500759569,0.034232523911951064
2023-01-07 00:00:00,4.716022382063467,1.0986346503802895,0.03424349001678137
2023-01-07 04:00:00,4.716022382063467,1.0983514446731437,0.03421700818735249
2023-01-07 08:00:00,4.716022382063467,1.0964208501615018,0.03403657640880376
2023-01-07 12:00:00,4.716022382063467,1.097854376532684,0.03417008079225176
2023-01-07 16:00:00,4.716022382063467,1.0980896252093293,0.0341920467281511
2023-01-07 20:00:00,4.716022382063467,1.0980585179463018,0.034189140897060634
2023-01-08 00:00:00,4.716022382063467,1.0980876810053901,0.03419186495935748
2023-01-08 04:00:00,4.716022382063467,1.0987195472856355,0.03425088944410556
2023-01-08 08:00:00,4.716022382063467,1.0970118881590236,0.034091188515606656
2023-01-08 12:00:00,4.716022382063467,1.101743432479097,0.03453230671439735
2023-01-08 16:00:00,4.716022382063467,1.0970008710033683,0.0340863637225978
2023-01-08 20:00:00,4.716022382063467,1.1099998185409692,0.03529808615278794
2023-01-09 00:00:00,4.716022382063467,1.1144825047568223,0.03572573553146375
2023-01-09 04:00:00,4.716022382063467,1.1145784188178236,0.0357349593650254
2023-01-09 08:00:00,4.950386516506382,1.1171998537958672,0.03598710009600547
2023-01-09 12:00:00,4.950386516506382,1.1191155427439752,0.03617222388480872
2023-01-09 16:00:00,4.950386516506382,1.1207486740529167,0.03633058284530214
2023-01-09 20:00:00,4.950386516506382,1.1132680253627916,0.03560309683546273
2023-01-10 00:00:00,4.950386516506382,1.1150476200351545,0.035773834914715565
2023-01-10 04:00:00,4.950386516506382,1.1148843069042602,0.035758116293701424
2023-01-10 08:00:00,4.950386516506382,1.1181045566955823,0.0360679692510525
2023-01-10 12:00:00,4.950386516506382,1.1229527532520085,0.03653715060785788
2023-01-10 16:00:00,4.950386516506382,1.129767188058962,0.03720230779313052
2023-01-10 20:00:00,4.950386516506382,1.130273329151138,0.03725230822745958
2023-01-11 00:00:00,4.950386516506382,1.1286842664648185,0.037095188038589896
2023-01-11 04:00:00,4.950386516506382,1.1306615218710017,0.03729014068373242
2023-01-11 08:00:00,4.950386516506382,1.130084741369034,0.037233072607267555
2023-01-11 12:00:00,4.950386516506382,1.1232592894064248,0.03655843501807214
2023-01-11 16:00:00,5.213669543394203,1.1373780984130144,0.03793699889856158
2023-01-11 20:00:00,5.213669543394203,1.16284522581281,0.04048535037147188
2023-01-12 00:00:00,5.213669543394203,1.1810831548986194,0.0423902529312419
2023-01-12 04:00:00,5.213669543394203,1.1754799591457978,0.04178694007168522
2023-01-12 08:00:00,5.213669543394203,1.1795355685630031,0.04221945661019109
2023-01-12 12:00:00,5.213669543394203,1.1721359283703454,0.041424884247039204
2023-01-12 16:00:00,5.213669543394203,1.223899062116023,0.04691302373268732
2023-01-12 20:00:00,5.213669543394203,1.2213890948304948,0.04662439661020874
2023-01-13 00:00:00,5.213669543394203,1.2233170970702176,0.0468451909700176
2023-01-13 04:00:00,5.213669543394203,1.219939366759819,0.04645715481369773
2023-01-13 08:00:00,5.213669543394203,1.2262061841238934,0.04717310475122267
2023-01-13 12:00:00,5.213669543394203,1.2482560490665264,0.0497179310671142
2023-01-13 16:00:00,5.213669543394203,1.254789870438253,0.05049865569682604
2023-01-13 20:00:00,5.213669543394203,1.291600131687417,0.054942910673834694
2023-01-14 00:00:00,8.253669829222268,1.3588190386818855,0.06352111296411676
2023-01-14 04:00:00,8.253669829222268,1.3542909877074505,0.0628860905749691
2023-01-14 08:00:00,8.253669829222268,1.3429089697792977,0.06130052894120073
2023-01-14 12:00:00,8.253669829222268,1.3471220597155797,0.0618774808732741
2023-01-14 16:00:00,8.253669829222268,1.3469237509137795,0.06185015406424021
2023-01-14 20:00:00,8.253669829222268,1.3580212669988267,0.06337893343083369
2023-01-15 00:00:00,8.253669829222268,1.3427378798326466,0.06123910366231249
2023-01-15 04:00:00,8.253669829222268,1.3438136726790129,0.06138629677563854
2023-01-15 08:00:00,8.253669829222268,1.3429413731782844,0.061266755122392366
2023-01-15 12:00:00,8.253669829222268,1.3549986779413248,0.06291696551826013
2023-01-15 16:00:00,8.253669829222268,1.352527594734581,0.06257274439219748
2023-01-15 20:00:00,8.253669829222268,1.3526150839118456,0.062584887075158
2023-01-16 00:00:00,8.253669829222268,1.3658473359221526,0.06442163799047398
2023-01-16 04:00:00,8.253669829222268,1.3680216039941762,0.06472929296833191
2023-01-16 08:00:00,8.068665091654529,1.3491194052291346,0.0620461643729156
2023-01-16 12:00:00,8.068665091654529,1.3605649338193015,0.06362530809915927
2023-01-16 16:00:00,8.068665091654529,1.3809401911022896,0.06648378693395611
2023-01-16 20:00:00,8.068665091654529,1.3729741394953403,0.06533323758832826
2023-01-17 00:00:00,8.068665091654529,1.3690157402750955,0.06476815403150157
2023-01-17 04:00:00,8.068665091654529,1.3696041860006984,0.06485167215829982
2023-01-17 08:00:00,8.068665091654529,1.3751840513062494,0.06564430319546039
2023-01-17 12:00:00,8.068665091654529,1.3723526423027708,0.06523883193308318
2023-01-17 16:00:00,8.068665091654529,1.3827476526977809,0.06672130440086986
2023-01-17 20:00:00,8.068665091654529,1.369679361886348,0.0648295635452028
2023-01-18 00:00:00,8.068665091654529,1.3776979069996562,0.0659681631206115
2023-01-18 04:00:00,8.068665091654529,1.3808993628195658,0.06642804803154491
2023-01-18 08:00:00,8.068665091654529,1.3742067647928031,0.06546220743124977
2023-01-18 12:00:00,8.068665091654529,1.3637119519289131,0.0639624033968437
2023-01-18 16:00:00,8.068665091654529,1.3548859141128504,0.06272049613690889
2023-01-18 20:00:00,7.6954455916605715,1.3400406209009736,0.060658837337784544
2023-01-19 00:00:00,7.6954455916605715,1.3446140366339903,0.06127990376674235
2023-01-19 04:00:00,7.6954455916605715,1.3492094866783182,0.06190820764162882
2023-01-19 08:00:00,7.6954455916605715,1.344334071266743,0.06123708525636735
2023-01-19 12:00:00,7.6954455916605715,1.3529352294938364,0.06241248474429309
2023-01-19 16:00:00,7.6954455916605715,1.3668369357272137,0.06433639065485522
2023-01-19 20:00:00,7.6954455916605715,1.3655822761184393,0.06415922188961543
2023-01-20 00:00:00,7.6954455916605715,1.3666289059057175,0.06430674347201866
2023-01-20 04:00:00,7.6954455916605715,1.3583141937256684,0.0631329967565157
2023-01-20 08:00:00,7.6954455916605715,1.358577957393422,0.06316977511941073
2023-01-20 12:00:00,7.6954455916605715,1.3703248375941677,0.06480835855865509
2023-01-20 16:00:00,7.6954455916605715,1.393130349801176,0.06804406101039005
2023-01-20 20:00:00,7.6954455916605715,1.468989299101522,0.07915949821649249
2023-01-21 00:00:00,7.6954455916605715,1.4612215562963728,0.07790375600698869
2023-01-21 04:00:00,7.6954455916605715,1.4671196229799757,0.07884710688869268
2023-01-21 08:00:00,7.6954455916605715,1.4844418320104142,0.08163993859562005
2023-01-21 12:00:00,7.6954455916605715,1.4904850659214786,0.0826370189151973
2023-01-21 16:00:00,7.6954455916605715,1.5080865922511846,0.08556466515097827
2023-01-21 20:00:00,7.6954455916605715,1.4765289219778035,0.08019318017704961
2023-01-22 00:00:00,7.6954455916605715,1.474892550328963,0.07992655652101657
2023-01-22 04:00:00,7.6954455916605715,1.4837646009715875,0.08136892421821637
2023-01-22 08:00:00,7.6954455916605715,1.476532810385682,0.08017916065377788
2023-01-22 12:00:00,7.6954455916605715,1.4772392044835971,0.08029423717384548
2023-01-22 16:00:00,7.6954455916605715,1.4725497845822073,0.07952956739126636
2023-01-22 20:00:00,7.6954455916605715,1.47162499157512,0.07937972854326912
2023-01-23 00:00:00,7.6954455916605715,1.468588145022064,0.07888830432231089
2023-01-23 04:00:00,7.6954455916605715,1.4708486061353931,0.07925258060662145
2023-01-23 08:00:00,7.6954455916605715,1.4843724887365826,0.08143867085036459
2023-01-23 12:00:00,7.906780297216367,1.481038827048806,0.08088997641084075
2023-01-23 16:00:00,7.906780297216367,1.4771069986157308,0.08024574176271203
2023-01-23 20:00:00,7.906780297216367,1.4851417454285325,0.08155523569606911
2023-01-24 00:00:00,7.906780297216367,1.4956935882746396,0.08329357084082764
2023-01-24 04:00:00,7.906780297216367,1.4940611050336776,0.08302083712141446
2023-01-24 08:00:00,7.906780297216367,1.4852201616540808,0.08154703691770603
2023-01-24 12:00:00,7.906780297216367,1.4861080147863228,0.08169328148269729
2023-01-24 16:00:00,7.906780297216367,1.491757223365706,0.0826249144098564
2023-01-24 20:00:00,7.906780297216367,1.4667651297950588,0.07847215504689749
2023-01-25 00:00:00,7.906780297216367,1.4674598586693388,0.07858365934468307
2023-01-25 04:00:00,7.906780297216367,1.4719211586418608,0.07930037798309206
2023-01-25 08:00:00,7.906780297216367,1.464534479808798,0.07810649659876151
2023-01-25 12:00:00,7.906780297216367,1.4631988117025563,0.07789279519841442
2023-01-25 16:00:00,7.906780297216367,1.47428077415609,0.0796626265259533
2023-01-25 20:00:00,8.1145588379422,1.4945056796677785,0.08294117927359243
2023-01-26 00:00:00,8.1145588379422,1.4993804470113736,0.08375279001083379
2023-01-26 04:00:00,8.1145588379422,1.488400231230659,0.08191278260966581
2023-01-26 08:00:00,8.1145588379422,1.4900988174055543,0.08219322314676435
2023-01-26 12:00:00,8.1145588379422,1.4878357640203066,0.08181873593213
2023-01-26 16:00:00,8.1145588379422,1.4950928292574217,0.08301597272123637
2023-01-26 20:00:00,8.1145588379422,1.4911817389996982,0.08236447545807297
2023-01-27 00:00:00,8.1145588379422,1.475820583675949,0.07981908450890678
2023-01-27 04:00:00,8.1145588379422,1.4952723440878093,0.0829752033325663
2023-01-27 08:00:00,8.1145588379422,1.4884481882611598,0.08183915132265344
2023-01-27 12:00:00,8.1145588379422,1.4862765124610549,0.08148093642643427
2023-01-27 16:00:00,8.1145588379422,1.5069563616945203,0.08488208042603251
2023-01-27 20:00:00,8.1145588379422,1.495362425536993,0.082922931283311
2023-01-28 00:00:00,8.1145588379422,1.4981672637533026,0.08338954473306713
2023-01-28 04:00:00,8.1145588379422,1.4900061436844516,0.08202677549457421
2023-01-28 08:00:00,8.1145588379422,1.4893580757047127,0.08191974453989409
2023-01-28 12:00:00,8.1145588379422,1.4913690306458423,0.0822515725624748
2023-01-28 16:00:00,8.1145588379422,1.493106500899522,0.08253904600005271
2023-01-28 20:00:00,8.1145588379422,1.4920209870334595,0.0823590241217661
2023-01-29 00:00:00,8.1145588379422,1.5030919323313376,0.0841923607680252
2023-01-29 04:00:00,8.1145588379422,1.5037678672342054,0.08430594375115587
2023-01-29 08:00:00,8.1145588379422,1.518563907279622,0.0867944810054523
2023-01-29 12:00:00,8.1145588379422,1.5245857549473552,0.08782702854693399
2023-01-29 16:00:00,8.1145588379422,1.548742488892119,0.09200182977713581
2023-01-29 20:00:00,8.1145588379422,1.5386624395352617,0.09020543755881785
2023-01-30 00:00:00,8.1145588379422,1.536014433770049,0.08973971256435818
2023-01-30 04:00:00,8.1145588379422,1.5322148112048406,0.08907374804731011
2023-01-30 08:00:00,8.1145588379422,1.4955769360382871,0.08268403133583635
2023-01-30 12:00:00,8.1145588379422,1.5021250149055676,0.08377007688495926
2023-01-30 16:00:00,8.1145588379422,1.4766138188831497,0.07950197370242974
2023-01-30 20:00:00,8.1145588379422,1.4792896915714915,0.07993418656143
2023-01-31 00:00:00,8.1145588379422,1.4798638798015398,0.08002726623885269
2023-01-31 04:00:00,8.1145588379422,1.4891461574753388,0.08153315198316256
2023-01-31 08:00:00,8.1145588379422,1.4818353025959052,0.08033230872338017
2023-01-31 12:00:00,8.1145588379422,1.4984498213924689,0.08303439575879731
2023-01-31 16:00:00,8.1145588379422,1.50117689145121,0.08348774550321997
2023-01-31 20:00:00,8.1145588379422,1.4986656280297221,0.08306875479808985
2023-02-01 00:00:00,8.1145588379422,1.4989935504274698,0.08312328351632126
2023-02-01 04:00:00,8.1145588379422,1.4955257386678875,0.08254638463642122
2023-02-01 08:00:00,8.1145588379422,1.4955801763781857,0.0825553987965727
2023-02-01 12:00:00,8.1145588379422,1.4892427196043199,0.08150592392470819
2023-02-01 16:00:00,8.1145588379422,1.5155711293491887,0.08582876801212597
2023-02-01 20:00:00,8.1145588379422,1.5380377020027935,0.08964570186954617
2023-02-02 00:00:00,8.1145588379422,1.545551402159885,0.09095952712235242
2023-02-02 04:00:00,8.1145588379422,1.5411782394326077,0.09018741275628277
2023-02-02 08:00:00,8.1145588379422,1.5437296830688396,0.09063533259019493
2023-02-02 12:00:00,8.1145588379422,1.5449616602983227,0.09085232783326583
2023-02-02 16:00:00,8.1145588379422,1.5425683452491472,0.09043010717424832
2023-02-02 20:00:00,8.1145588379422,1.522242989200599,0.08685550226649347
2023-02-03 00:00:00,8.1145588379422,1.5251748487409376,0.08735735670384179
2023-02-03 04:00:00,8.1145588379422,1.5201231588388735,0.08648932060208707
2023-02-03 08:00:00,8.1145588379422,1.525171608401039,0.08735103428006126
2023-02-03 12:00:00,8.1145588379422,1.5296581830247706,0.08812191199296696
2023-02-03 16:00:00,8.1145588379422,1.5105161991072258,0.08481366658061518
2023-02-03 20:00:00,8.1145588379422,1.5185464094441694,0.08616632651731551
2023-02-04 00:00:00,8.1145588379422,1.5128129520274203,0.08519033205161018
2023-02-04 04:00:00,8.1145588379422,1.5118894551562925,0.08503431870244912
2023-02-04 08:00:00,8.1145588379422,1.514130474230229,0.08541244859052026
2023-02-04 12:00:00,8.1145588379422,1.5178691784053424,0.08604515207992275
2023-02-04 16:00:00,8.1145588379422,1.5181569205883463,0.08609408677122937
2023-02-04 20:00:00,8.1145588379422,1.5117378072490335,0.0850020105306225
2023-02-05 00:00:00,8.1145588379422,1.5128842395051911,0.08519539534823427
2023-02-05 04:00:00,8.1145588379422,1.515014438954593,0.08555527057105052
2023-02-05 08:00:00,8.1145588379422,1.5136489597212832,0.08532393823072199
2023-02-05 12:00:00,8.1145588379422,1.4967881750924186,0.08247262610127093
2023-02-05 16:00:00,8.1145588379422,1.4835442578584763,0.08028341726265156
2023-02-05 20:00:00,8.1145588379422,1.4862084653231826,0.08071594567243161
2023-02-06 00:00:00,8.1145588379422,1.4837827468750202,0.0803207235423331
2023-02-06 04:00:00,8.1145588379422,1.4827594475350125,0.0801545425898394
2023-02-06 08:00:00,8.1145588379422,1.4826648296099707,0.080139198111984
2023-02-06 12:00:00,8.1145588379422,1.4932387067673891,0.08185377719838421
2023-02-06 16:00:00,8.1145588379422,1.4925673083403797,0.08174336652457827
2023-02-06 20:00:00,8.1145588379422,1.4751660350164133,0.07888432226834904
2023-02-07 00:00:00,8.1145588379422,1.4826492759784573,0.08008481843823617
2023-02-07 04:00:00,8.1145588379422,1.4847827157677573,0.08043052960731002
2023-02-07 08:00:00,8.1145588379422,1.4890813506773648,0.08112909946274391
2023-02-07 12:00:00,8.1145588379422,1.4843925788439545,0.08036272930521458
2023-02-07 16:00:00,8.1145588379422,1.49651209813305,0.08233112566171771
2023-02-07 20:00:00,8.1145588379422,1.5061397960400493,0.08392013895576945
2023-02-08 00:00:00,8.1145588379422,1.5071041211939007,0.08408133176361343
2023-02-08 04:00:00,8.1145588379422,1.5056355991518127,0.0838355452503528
2023-02-08 08:00:00,8.1145588379422,1.5008651707529552,0.08303867620822612
2023-02-08 12:00:00,8.1145588379422,1.482279229162026,0.07995375156102433
2023-02-08 16:00:00,8.1145588379422,1.482448374904738,0.07998112259157848
2023-02-08 20:00:00,8.1145588379422,1.4881585018742165,0.08090534168660504
2023-02-09 00:00:00,8.1145588379422,1.459347991766948,0.07620639833858467
2023-02-09 04:00:00,8.1145588379422,1.469585521642882,0.077810193905091
2023-02-09 08:00:00,8.1145588379422,1.470193409407877,0.07790675146673721
2023-02-09 12:00:00,8.1145588379422,1.465342620579532,0.07713560966202791
2023-02-09 16:00:00,8.1145588379422,1.4278693857870952,0.07121783840950047
2023-02-09 20:00:00,8.1145588379422,1.4125516510179887,0.06892583053305636
2023-02-10 00:00:00,8.1145588379422,1.414446601790745,0.06920322440195459
2023-02-10 04:00:00,8.1145588379422,1.4200277632322558,0.07002241623395038
2023-02-10 08:00:00,8.1145588379422,1.40847983990129,0.06831411126614173
2023-02-10 12:00:00,8.1145588379422,1.4033322359382248,0.06756510376189903
2023-02-10 16:00:00,8.1145588379422,1.4109146313011687,0.06866029415874446
2023-02-10 20:00:00,8.1145588379422,1.4014593194767795,0.06727990343171687
2023-02-11 00:00:00,8.1145588379422,1.4049180582846454,0.0677780347932657
2023-02-11 04:00:00,8.1145588379422,1.405829889932138,0.06791000439127515
2023-02-11 08:00:00,8.1145588379422,1.4061416106303921,0.0679551783219311
2023-02-11 12:00:00,8.1145588379422,1.4086263032647108,0.06831541458070582
2023-02-11 16:00:00,8.1145588379422,1.4038856859929216,0.06762568466396322
2023-02-11 20:00:00,8.1145588379422,1.4168418610438598,0.06949799567301698
2023-02-12 00:00:00,8.1145588379422,1.41158149325232,0.06872391136325733
2023-02-12 04:00:00,8.1145588379422,1.412685801089795,0.06888520354717265
2023-02-12 08:00:00,8.1145588379422,1.4185112841596674,0.06973738791835951
2023-02-12 12:00:00,8.1145588379422,1.422204623576199,0.07028210796355266
2023-02-12 16:00:00,8.1145588379422,1.425566800255084,0.0707805612671506
2023-02-12 20:00:00,8.1145588379422,1.4117214759359442,0.06871826613080394
2023-02-13 00:00:00,8.1145588379422,1.4133455342931696,0.06895542865111576
2023-02-13 04:00:00,8.1145588379422,1.417174967985446,0.06951592904256605
2023-02-13 08:00:00,8.1145588379422,1.4000283853775168,0.06699268248482511
2023-02-13 12:00:00,8.1145588379422,1.397430280846744,0.06661971720702715
2023-02-13 16:00:00,8.1145588379422,1.4003329773279942,0.06703485810107208
2023-02-13 20:00:00,8.1145588379422,1.4111012748793343,0.06858131450115255
2023-02-14 00:00:00,8.1145588379422,1.4063347348883553,0.0678863348054572
2023-02-14 04:00:00,8.1145588379422,1.4107454855584578,0.06852507967032981
2023-02-14 08:00:00,8.1145588379422,1.4134239505187185,0.0689153882554182
2023-02-14 12:00:00,8.1145588379422,1.4284357972013881,0.07111122038813532
2023-02-14 16:00:00,8.1145588379422,1.4392714938226208,0.07272950721348884
2023-02-14 20:00:00,8.1145588379422,1.4387005459324707,0.07264295351141091
2023-02-15 00:00:00,8.1145588379422,1.4321971837557919,0.07165784906225227
2023-02-15 04:00:00,8.1145588379422,1.43287117445472,0.07175901541906601
2023-02-15 08:00:00,8.1145588379422,1.4545970054074837,0.07502314187954424
2023-02-15 12:00:00,8.1145588379422,1.4782080661133075,0.07867647531280673
2023-02-15 16:00:00,8.1145588379422,1.5112232412731212,0.08394809641870181
2023-02-15 20:00:00,8.1145588379422,1.5763637942565671,0.09480372371440506
2023-02-16 00:00:00,8.1145588379422,1.6028289463451606,0.09957862715193926
2023-02-16 04:00:00,8.1145588379422,1.5950864781912213,0.09813558293072978
2023-02-16 08:00:00,8.1145588379422,1.5922090563611808,0.097604494229604
2023-02-16 12:00:00,11.801517729350698,1.6248794593557736,0.10361270932138127
2023-02-16 16:00:00,11.801517729350698,1.6119122671491801,0.10113209592742105
2023-02-16 20:00:00,11.801517729350698,1.5241081288462885,0.08460548330964368
2023-02-17 00:00:00,11.801517729350698,1.5449059264520661,0.08806903228935738
2023-02-17 04:00:00,11.801517729350698,1.531840875980532,0.08583467031532686
2023-02-17 08:00:00,11.801517729350698,1.5417420585749813,0.08749906919066515
2023-02-17 12:00:00,11.801517729350698,1.5638204385087229,0.09125813708927169
2023-02-17 16:00:00,11.801517729350698,1.5893536688424523,0.09572818040770302
2023-02-17 20:00:00,11.801517729350698,1.5923010820143044,0.0962607563322106
2023-02-18 00:00:00,11.801517729350698,1.594874559961847,0.09672748640562362
2023-02-18 04:00:00,11.801517729350698,1.588998527589555,0.0956583606153982
2023-02-18 08:00:00,11.801517729350698,1.5890250983767242,0.09566315933213092
2023-02-18 12:00:00,11.801517729350698,1.5986709421871566,0.09740526880719122
2023-02-18 16:00:00,11.801517729350698,1.5947877188525617,0.09669546717867018
2023-02-18 20:00:00,11.801517729350698,1.596317807352725,0.09697378501482921
2023-02-19 00:00:00,11.517996303269765,1.5995412974839456,0.09756125081432586
2023-02-19 04:00:00,11.517996303269765,1.5931208880086734,0.09638644554959214
2023-02-19 08:00:00,11.517996303269765,1.598746766140786,0.09740757031230986
2023-02-19 12:00:00,11.517996303269765,1.6151286285326232,0.10040188582226027
2023-02-19 16:00:00,11.517996303269765,1.5893083040838698,0.09558664840760427
2023-02-19 20:00:00,11.517996303269765,1.5729750467905126,0.09263962802476353
2023-02-20 00:00:00,11.517996303269765,1.5825139593842883,0.09432499738186396
2023-02-20 04:00:00,11.517996303269765,1.5880030951726762,0.09530652942295223
2023-02-20 08:00:00,11.517996303269765,1.6130412015698847,0.09981463466146454
2023-02-20 12:00:00,11.517996303269765,1.6164675369787636,0.10045069730524331
2023-02-20 16:00:00,11.517996303269765,1.6118869924979695,0.09959676326090101
2023-02-20 20:00:00,11.517996303269765,1.609943436626733,0.09923649258145611
2023-02-21 00:00:00,11.517996303269765,1.6154105381038095,0.10024746469916368
2023-02-21 04:00:00,11.517996303269765,1.6201667090071126,0.10113292520004366
2023-02-21 08:00:00,11.517996303269765,1.5924864294565089,0.095949407431635
2023-02-21 12:00:00,11.471998282137669,1.5915311772543739,0.09577674181694484
2023-02-21 16:00:00,11.471998282137669,1.594433873735624,0.09630078586100296
2023-02-21 20:00:00,11.471998282137669,1.5846661931450006,0.09453093764262724
2023-02-22 00:00:00,11.471998282137669,1.5684444035441585,0.09162787644050938
2023-02-22 04:00:00,11.471998282137669,1.5593131257096389,0.09002753996328129
2023-02-22 08:00:00,11.471998282137669,1.5657886209631888,0.09114913555195892
2023-02-22 12:00:00,11.471998282137669,1.5368031325013913,0.08608714535454853
2023-02-22 16:00:00,11.471998282137669,1.5418619511512324,0.08693728532476512
2023-02-22 20:00:00,11.471998282137669,1.5671715980319518,0.09121850905694542
2023-02-23 00:00:00,11.471998282137669,1.5848405234315506,0.09430381196879083
2023-02-23 04:00:00,11.471998282137669,1.5797480052467632,0.09339474155398468
2023-02-23 08:00:00,11.471998282137669,1.5411186171784723,0.08654343038971506
2023-02-23 12:00:00,11.471998282137669,1.5521824337285732,0.08840733747663596
2023-02-23 16:00:00,11.471998282137669,1.553516157630876,0.08863523139535842
2023-02-23 20:00:00,11.471998282137669,1.5514877048542937,0.08828803375532655
2023-02-24 00:00:00,11.471998282137669,1.5523852790062318,0.08844126421298912
2023-02-24 04:00:00,11.471998282137669,1.5443667338929237,0.08707078561487235
2023-02-24 08:00:00,11.471998282137669,1.5478274169047288,0.08765612143308639
2023-02-24 12:00:00,11.471998282137669,1.513323629595455,0.08179409546575095
2023-02-24 16:00:00,11.471998282137669,1.5023686884659504,0.08001777449306927
2023-02-24 20:00:00,11.471998282137669,1.5025644049958315,0.08004904671261062
2023-02-25 00:00:00,11.471998282137669,1.4955879531939433,0.0789340363057605
2023-02-25 04:00:00,11.471998282137669,1.4981491178498711,0.07933955521256426
2023-02-25 08:00:00,11.471998282137669,1.489509723611973,0.0779669701581648
2023-02-25 12:00:00,11.471998282137669,1.4909568594107299,0.07819421700022544
2023-02-25 16:00:00,11.471998282137669,1.4894578781735939,0.0779583718178594
2023-02-25 20:00:00,11.471998282137669,1.5007355571570085,0.07972919629899795
2023-02-26 00:00:00,11.471998282137669,1.5044593557685875,0.08032269620455684
2023-02-26 04:00:00,11.471998282137669,1.5005735401620737,0.07970030813151485
2023-02-26 08:00:00,11.471998282137669,1.506980988277751,0.08072126893514403
2023-02-26 12:00:00,11.471998282137669,1.506578538062333,0.08065659733213554
2023-02-26 16:00:00,11.471998282137669,1.5229163318315486,0.08328059101062088
2023-02-26 20:00:00,11.471998282137669,1.5265144052550583,0.08387087231816148
2023-02-27 00:00:00,11.471998282137669,1.5263050792976027,0.08383636949803049
2023-02-27 04:00:00,11.471998282137669,1.5179897190495744,0.08246613960680108
2023-02-27 08:00:00,11.471998282137669,1.5183500448463088,0.08252486466353474
2023-02-27 12:00:00,11.471998282137669,1.5268092761858396,0.08390418478241346
2023-02-27 16:00:00,11.471998282137669,1.5084657120193325,0.08088003142927258
2023-02-27 20:00:00,11.471998282137669,1.5224471306142175,0.08312897398004425
2023-02-28 00:00:00,11.471998282137669,1.5208548275879994,0.08286814419980465
2023-02-28 04:00:00,11.471998282137669,1.5058948263437089,0.08042272827084204
2023-02-28 08:00:00,11.471998282137669,1.5160053348956137,0.08204259175876724
2023-02-28 12:00:00,11.471998282137669,1.524145716789113,0.08336420589773358
2023-02-28 16:00:00,11.471998282137669,1.507688678511626,0.08066381856799412
2023-02-28 20:00:00,11.471998282137669,1.499731051788413,0.07938658030113907
2023-03-01 00:00:00,11.471998282137669,1.5191452242574486,0.08246958260316253
2023-03-01 04:00:00,11.471998282137669,1.536961909156428,0.08537121677913628
2023-03-01 08:00:00,11.471998282137669,1.5384595942576043,0.08562078548739967
2023-03-01 12:00:00,11.471998282137669,1.5366398193704978,0.0853169545207122
2023-03-01 16:00:00,11.471998282137669,1.5135718396316948,0.0814746296893804
2023-03-01 20:00:00,11.471998282137669,1.5313178851208826,0.08434040542626443
2023-03-02 00:00:00,11.471998282137669,1.5225897055697604,0.08289823941528605
2023-03-02 04:00:00,11.471998282137669,1.5159521933212754,0.08181409032873178
2023-03-02 08:00:00,11.471998282137669,1.5174336767229581,0.08205395188382524
2023-03-02 12:00:00,11.471998282137669,1.5139587362155988,0.0814902384137134
2023-03-02 16:00:00,11.471998282137669,1.5206260595911516,0.08256686307683979
2023-03-02 20:00:00,11.471998282137669,1.5207122526324566,0.08258090339068563
2023-03-03 00:00:00,11.471998282137669,1.4464676406696397,0.07048554389614586
2023-03-03 04:00:00,11.471998282137669,1.4491305519983864,0.07087483035111355
2023-03-03 08:00:00,11.471998282137669,1.4479731025865727,0.07070500293855403
2023-03-03 12:00:00,11.471998282137669,1.4475460257879251,0.07064244003683419
2023-03-03 16:00:00,11.471998282137669,1.4489814963630463,0.07085259945606048
2023-03-03 20:00:00,11.471998282137669,1.4487131962194344,0.07081324126689717
2023-03-04 00:00:00,11.471998282137669,1.448215480010995,0.07074025601755457
2023-03-04 04:00:00,11.471998282137669,1.4490210285098102,0.07085830068941579
2023-03-04 08:00:00,11.471998282137669,1.4483969390453217,0.07076674525013282
2023-03-04 12:00:00,11.471998282137669,1.4463496922973267,0.07046666800229975
2023-03-04 16:00:00,11.471998282137669,1.442001804221259,0.06983117607279112
2023-03-04 20:00:00,11.471998282137669,1.448209647399177,0.07073304940343562
2023-03-05 00:00:00,11.471998282137669,1.4508310823772206,0.0711171555792428
2023-03-05 04:00:00,11.471998282137669,1.4500974694241562,0.07100927437828479
2023-03-05 08:00:00,11.471998282137669,1.4510093010716487,0.07114322779522851
2023-03-05 12:00:00,11.471998282137669,1.4540169845656166,0.07158562946375525
2023-03-05 16:00:00,11.471998282137669,1.4518958580679315,0.0712723411518837
2023-03-05 20:00:00,11.471998282137669,1.453632032185652,0.07152802311418761
2023-03-06 00:00:00,11.471998282137669,1.4508420995328761,0.07111617535040095
2023-03-06 04:00:00,11.471998282137669,1.4512017772616312,0.0711690665046541
2023-03-06 08:00:00,11.471998282137669,1.450348271732315,0.0710434950106074
2023-03-06 12:00:00,11.471998282137669,1.4616149335600743,0.07269914499953849
2023-03-06 16:00:00,11.471998282137669,1.4512413094083954,0.07115122648340087
2023-03-06 20:00:00,11.471998282137669,1.4523203425946605,0.07130993448210791
2023-03-07 00:00:00,11.471998282137669,1.4555956781642605,0.0717923982155384
2023-03-07 04:00:00,11.471998282137669,1.452949616602987,0.0714008737527507
2023-03-07 08:00:00,11.471998282137669,1.448498037650161,0.07074459505627205
2023-03-07 12:00:00,11.471998282137669,1.4465460568951878,0.07045859103456366
2023-03-07 16:00:00,11.053186742882154,1.4338354996085705,0.06860126761217356
2023-03-07 20:00:00,11.053186742882154,1.4385787091522788,0.06928207832024443
2023-03-08 00:00:00,11.053186742882154,1.4356338882523458,0.06885660981247996
2023-03-08 04:00:00,11.053186742882154,1.4238721024880663,0.06716423538534476
2023-03-08 08:00:00,11.053186742882154,1.4304448079385772,0.06809434154142142
2023-03-08 12:00:00,11.053186742882154,1.434874352580092,0.06872692853258319
2023-03-08 16:00:00,11.053186742882154,1.4255713367309415,0.06739015426189031
2023-03-08 20:00:00,11.053186742882154,1.4066600650141834,0.06470821162153813
2023-03-09 00:00:00,11.053186742882154,1.410821957580066,0.06528256920429182
2023-03-09 04:00:00,11.053186742882154,1.405564830128425,0.06455278444690211
2023-03-09 08:00:00,11.053186742882154,1.4043231318792453,0.0643817035880703
2023-03-09 12:00:00,11.053186742882154,1.4029745024134088,0.06419621836629638
2023-03-09 16:00:00,11.053186742882154,1.3515412352694185,0.05713588781177559
2023-03-09 20:00:00,11.053186742882154,1.3196102778397079,0.05308628084348464
2023-03-10 00:00:00,11.053186742882154,1.299510449448109,0.05066050752354112
2023-03-10 04:00:00,11.053186742882154,1.2931276279156614,0.04991401800111373
2023-03-10 08:00:00,11.053186742882154,1.280632877266297,0.04846714641156214
2023-03-10 12:00:00,11.053186742882154,1.2964574011955592,0.05026384286951198
2023-03-10 16:00:00,11.053186742882154,1.2977120608043335,0.0504097728785628
2023-03-10 20:00:00,11.053186742882154,1.3059016958642926,0.05136415479994597
2023-03-11 00:00:00,11.053186742882154,1.3216620610635605,0.05322383039504454
2023-03-11 04:00:00,11.053186742882154,1.2864674332878854,0.048971927534092595
2023-03-11 08:00:00,11.053186742882154,1.3017138805792206,0.05071308605684365
2023-03-11 12:00:00,11.053186742882154,1.3001526848160299,0.050530619564925223
2023-03-11 16:00:00,11.053186742882154,1.3104556695579173,0.051731900480133756
2023-03-11 20:00:00,11.053186742882154,1.3256703615182452,0.053533758296338475
2023-03-12 00:00:00,11.053186742882154,1.3205331266428557,0.052911396588374376
2023-03-12 04:00:00,11.053186742882154,1.3186051244031327,0.05267964180145297
2023-03-12 08:00:00,11.053186742882154,1.3250028514991143,0.05344642929269449
2023-03-12 12:00:00,11.053186742882154,1.3193990076783129,0.052768305221798546
2023-03-12 16:00:00,11.053186742882154,1.3466554507701678,0.05603860397136889
2023-03-12 20:00:00,11.053186742882154,1.4255622637792253,0.06588929215369914
2023-03-13 00:00:00,11.053186742882154,1.44076010597208,0.06799661869381698
2023-03-13 04:00:00,11.053186742882154,1.4554777297919486,0.07008041179194022
2023-03-13 08:00:00,11.053186742882154,1.4326605523613045,0.06678451005973467
2023-03-13 12:00:00,11.053186742882154,1.5541784831061685,0.08377844931818473
2023-03-13 16:00:00,11.053186742882154,1.5735032221939997,0.08690356659111463
2023-03-13 20:00:00,17.738678875512587,1.5627174268072068,0.08511648905403654
2023-03-14 00:00:00,17.738678875512587,1.579613855174957,0.0878773810148197
2023-03-14 04:00:00,17.738678875512587,1.5714119068233825,0.08650850392249637
2023-03-14 08:00:00,17.738678875512587,1.6035171945396431,0.09181083184099131
2023-03-14 12:00:00,17.738678875512587,1.678150647290303,0.104630449997011
2023-03-14 16:00:00,17.738678875512587,1.6236792374572973,0.0944417911921503
2023-03-14 20:00:00,17.738678875512587,1.5988102768028003,0.0901022594636252
2023-03-15 00:00:00,17.738678875512587,1.6018717499390864,0.09061985492357844
2023-03-15 04:00:00,17.738678875512587,1.6118280183118134,0.09230956996265889
2023-03-15 08:00:00,17.738678875512587,1.604259880444424,0.09100928566926035
2023-03-15 12:00:00,17.738678875512587,1.5858878012868083,0.08788255448167277
2023-03-15 16:00:00,17.738678875512587,1.5791284522581326,0.08675883906096413
2023-03-15 20:00:00,17.738678875512587,1.5738758612823496,0.08589309182969353
2023-03-16 00:00:00,17.738678875512587,1.572564819759338,0.08567844451341124
2023-03-16 04:00:00,18.826133598095677,1.5951720231645465,0.08937358635726794
2023-03-16 08:00:00,18.826133598095677,1.608804133118352,0.09166490767903589
2023-03-16 12:00:00,18.826133598095677,1.6129401029650452,0.09237187371614859
2023-03-16 16:00:00,18.826133598095677,1.6171376392698134,0.09309304301329153
2023-03-16 20:00:00,18.826133598095677,1.6200908850534832,0.09360306757166888
2023-03-17 00:00:00,18.826133598095677,1.6708268310512748,0.10239709306497392
2023-03-17 04:00:00,18.826133598095677,1.6887647046624654,0.10569507597873366
2023-03-17 08:00:00,18.826133598095677,1.7445166968234351,0.11616316137479343
2023-03-17 12:00:00,18.826133598095677,1.7122824435792068,0.10972395772333493
2023-03-17 16:00:00,18.826133598095677,1.7390819987453456,0.11487594640793579
2023-03-17 20:00:00,18.826133598095677,1.7753906553781922,0.12207110677962871
2023-03-18 00:00:00,18.826133598095677,1.76971422794366,0.1209002189346547
2023-03-18 04:00:00,18.826133598095677,1.7731068638175924,0.12159553529723027
2023-03-18 08:00:00,18.826133598095677,1.7784987894090192,0.122704832359835
2023-03-18 12:00:00,18.826133598095677,1.7644447872004034,0.11979592852150403
2023-03-18 16:00:00,24.50690143426856,1.7711587714704977,0.1211634544178358
2023-03-18 20:00:00,24.50690143426856,1.743788268414209,0.11554627641063683
2023-03-19 00:00:00,24.50690143426856,1.7626613041201624,0.1192979514962326
2023-03-19 04:00:00,24.50690143426856,1.7481510620538108,0.11635176640068878
2023-03-19 08:00:00,24.50690143426856,1.7602161436326083,0.11876081488156591
2023-03-19 12:00:00,24.50690143426856,1.7852082372032556,0.12381942329528224
2023-03-19 16:00:00,24.50690143426856,1.8311724586662304,0.13338345612096236
2023-03-19 20:00:00,24.50690143426856,1.8128321348396221,0.12937570289139638
2023-03-20 00:00:00,24.50690143426856,1.7672275911054023,0.11961177640212205
2023-03-20 04:00:00,24.50690143426856,1.8264584121816103,0.1316385868067457
2023-03-20 08:00:00,24.50690143426856,1.8268342916098586,0.1317198592349833
2023-03-20 12:00:00,24.50690143426856,1.7947892742157137,0.1247882532326353
2023-03-20 16:00:00,24.50690143426856,1.8006633623840662,0.12601349545866242
2023-03-20 20:00:00,24.50690143426856,1.7962506675100247,0.12508707170214037
2023-03-21 00:00:00,24.50690143426856,1.800805289271629,0.1260385941859032
2023-03-21 04:00:00,26.1156846020323,1.7825271799710758,0.12220073251200204
2023-03-21 08:00:00,26.1156846020323,1.817191040071345,0.1293298508955128
2023-03-21 12:00:00,26.1156846020323,1.8172513103934607,0.1293427192482629
2023-03-21 16:00:00,26.1156846020323,1.8228104375236602,0.1305297305585111
2023-03-21 20:00:00,26.1156846020323,1.8214255162509583,0.13023221185302886
2023-03-22 00:00:00,26.1156846020323,1.824579663108347,0.1309087778472165
2023-03-22 04:00:00,26.1156846020323,1.8213101601505648,0.13020504320900073
2023-03-22 08:00:00,26.1156846020323,1.8225447296519672,0.13046982047559436
2023-03-22 12:00:00,26.1156846020323,1.85315492453897,0.13704366181949296
2023-03-22 16:00:00,26.1156846020323,1.7282242678128017,0.10932721818400867
2023-03-22 20:00:00,26.1156846020323,1.7660481073822771,0.11650541010883743
2023-03-23 00:00:00,26.1156846020323,1.7729053146758933,0.11786251087739165
2023-03-23 04:00:00,26.1156846020323,1.7907369051384066,0.12141883620529
2023-03-23 08:00:00,26.1156846020323,1.7876650629144446,0.12079398812162762
2023-03-23 12:00:00,29.153407930524633,1.8522346680077408,0.13388305095413947
2023-03-23 16:00:00,29.153407930524633,1.838568210451009,0.13091953817948895
2023-03-23 20:00:00,29.153407930524633,1.833734919458117,0.12988704090077016
2023-03-24 00:00:00,29.153407930524633,1.8288465426869471,0.1288482809575343
2023-03-24 04:00:00,29.153407930524633,1.8323856419243008,0.12959630465809233
2023-03-24 08:00:00,29.153407930524633,1.8197748871065633,0.1269206006153368
2023-03-24 12:00:00,29.153407930524633,1.8157594579041016,0.12608042963092161
2023-03-24 16:00:00,29.153407930524633,1.8030288105101124,0.12342850541387802
2023-03-24 20:00:00,29.153407930524633,1.779236290769962,0.1185422687640164
2023-03-25 00:00:00,29.153407930524633,1.78747841933628,0.12018967325677196
2023-03-25 04:00:00,29.153407930524633,1.7812381727593751,0.1189308946516601
2023-03-25 08:00:00,29.153407930524633,1.7794132133284306,0.11856534433759572
2023-03-25 12:00:00,29.153407930524633,1.791741410507002,0.12102969089733316
2023-03-25 16:00:00,29.153407930524633,1.7620760987344581,0.11501813673028173
2023-03-25 20:00:00,29.153407930524633,1.7797858524167807,0.11848610761750267
2023-03-26 00:00:00,29.153407930524633,1.7840831911904287,0.11934437089178128
2023-03-26 04:00:00,29.153407930524633,1.7825070898637039,0.11902807596412014
2023-03-26 08:00:00,29.153407930524633,1.8059029920002545,0.12371490593398814
2023-03-26 12:00:00,29.153407930524633,1.8018810821179954,0.12288833295920026
2023-03-26 16:00:00,29.153407930524633,1.8034403336772469,0.12320735594026497
2023-03-26 20:00:00,29.153407930524633,1.8125197660733876,0.12506822070758322
2023-03-27 00:00:00,29.153407930524633,1.8073760505182008,0.12400343449500559
2023-03-27 04:00:00,29.153407930524633,1.8021999315640271,0.12293803939780673
2023-03-27 08:00:00,29.153407930524633,1.807635925778076,0.12405049722085143
2023-03-27 12:00:00,29.153407930524633,1.74353746610605,0.11085406920122758
2023-03-27 16:00:00,29.153407930524633,1.7477706461497038,0.11166150565032519
2023-03-27 20:00:00,29.153407930524633,1.7578785624296902,0.11359882818168329
2023-03-28 00:00:00,29.153407930524633,1.7479501609800916,0.11167402837839172
2023-03-28 04:00:00,29.153407930524633,1.7473779169539823,0.11156434882853214
2023-03-28 08:00:00,29.153407930524633,1.7535008632265545,0.11273713893967605
2023-03-28 12:00:00,29.153407930524633,1.7496947599815484,0.11200302605838305
2023-03-28 16:00:00,29.153407930524633,1.777390593163666,0.11732169740018566
2023-03-28 20:00:00,29.153407930524633,1.7667026560418135,0.1152052347672701
2023-03-29 00:00:00,29.153407930524633,1.773596803210275,0.116553919856433
2023-03-29 04:00:00,29.153407930524633,1.820216869468745,0.12574499100048792
2023-03-29 08:00:00,29.153407930524633,1.8375313016834267,0.12933335977049465
2023-03-29 12:00:00,29.153407930524633,1.8432861453435072,0.1305485117488532
2023-03-29 16:00:00,29.153407930524633,1.841776146950716,0.13022768031947357
2023-03-29 20:00:00,29.153407930524633,1.8371819930423474,0.12925315471139462
2023-03-30 00:00:00,29.153407930524633,1.8462925327015156,0.13117604421803633
2023-03-30 04:00:00,29.153407930524633,1.8615759198676958,0.13443362269252446
2023-03-30 08:00:00,29.153407930524633,1.8563771185342313,0.1333073290676595
2023-03-30 12:00:00,29.153407930524633,1.8340537689041485,0.12849817781495568
2023-03-30 16:00:00,29.153407930524633,1.8136888807088363,0.12421774001830399
2023-03-30 20:00:00,29.153407930524633,1.8164392812148475,0.12478285656938808
2023-03-31 00:00:00,29.153407930524633,1.825504456115434,0.12665109146899853
2023-03-31 04:00:00,29.153407930524633,1.7976420694625237,0.12085192455592818
2023-03-31 08:00:00,29.153407930524633,1.8099223096105943,0.12332865340164391
2023-03-31 12:00:00,29.153407930524633,1.8466690601977442,0.1308404574874905
2023-03-31 16:00:00,29.153407930524633,1.845004821625775,0.13048671288730515
2023-03-31 20:00:00,29.153407930524633,1.8447488347737782,0.1304323993985794
2023-04-01 00:00:00,29.153407930524633,1.8496573016523197,0.13147355432482466
2023-04-01 04:00:00,29.153407930524633,1.8421325843395726,0.12986898466289976
2023-04-01 08:00:00,29.153407930524633,1.8387535578932142,0.12915432806738392
2023-04-01 12:00:00,29.153407930524633,1.8405175989340634,0.12952604759608774
2023-04-01 16:00:00,29.153407930524633,1.839345243958716,0.12927853487506138
2023-04-01 20:00:00,29.153407930524633,1.8439303249153678,0.130245323274857
2023-04-02 00:00:00,29.153407930524633,1.8454766151150246,0.13057298815060053
2023-04-02 04:00:00,29.153407930524633,1.8415745978090174,0.12974474997848645
2023-04-02 08:00:00,29.153407930524633,1.837786640467444,0.1289441292833547
2023-04-02 12:00:00,29.153407930524633,1.8226788797237732,0.1257641240341843
2023-04-02 16:00:00,29.153407930524633,1.8109514415624197,0.12333655820687103
2023-04-02 20:00:00,29.153407930524633,1.825728687636424,0.12635581310578411
2023-04-03 00:00:00,29.153407930524633,1.7986381499473825,0.12073113249411582
2023-04-03 04:00:00,29.153407930524633,1.811916414784251,0.12340498874145303
2023-04-03 08:00:00,29.153407930524633,1.831033772118566,0.12731109155175577
2023-04-03 12:00:00,29.153407930524633,1.8179265972283487,0.12457708068667608
2023-04-03 16:00:00,29.153407930524633,1.8198448784483756,0.12497144293654587
2023-04-03 20:00:00,29.153407930524633,1.801628983673877,0.12121870552253565
2023-04-04 00:00:00,29.153407930524633,1.805197245970319,0.12193895393182386
2023-04-04 04:00:00,29.153407930524633,1.8159707280654969,0.12412216212110364
2023-04-04 08:00:00,29.153407930524633,1.833353207418051,0.12768645567537726
2023-04-04 12:00:00,29.153407930524633,1.8165371394797885,0.12417291975974701
2023-04-04 16:00:00,29.153407930524633,1.8268550297852097,0.12628881797697564
2023-04-04 20:00:00,29.153407930524633,1.825313924129391,0.12596921230195848
2023-04-05 00:00:00,29.153407930524633,1.8498919022609852,0.1310577647492123
2023-04-05 04:00:00,29.153407930524633,1.8486275216325148,0.1307890351568123
2023-04-05 08:00:00,29.153407930524633,1.8505179359294128,0.13119027141297213
2023-04-05 12:00:00,29.153407930524633,1.816605186617661,0.1239776591488262
2023-04-05 16:00:00,29.153407930524633,1.8301854511330875,0.12675809171223737
2023-04-05 20:00:00,29.153407930524633,1.8256081469921923,0.12580702360425872
2023-04-06 00:00:00,29.153407930524633,1.8229128322644585,0.1252498018519376
2023-04-06 04:00:00,29.153407930524633,1.8088205940450384,0.12234502766845659
2023-04-06 08:00:00,29.153407930524633,1.8110596689150358,0.12279936738211882
2023-04-06 12:00:00,29.153407930524633,1.820448229737512,0.12470914873733938
2023-04-06 16:00:00,29.153407930524633,1.8157419600686489,0.12374194482369076
2023-04-06 20:00:00,29.153407930524633,1.8167821091761296,0.12395460181399584
2023-04-07 00:00:00,29.153407930524633,1.8170957740783231,0.12401880358237198
2023-04-07 04:00:00,29.153407930524633,1.8042069980972777,0.12137978378009233
2023-04-07 08:00:00,29.153407930524633,1.8042795817110087,0.12139443318010565
2023-04-07 12:00:00,29.153407930524633,1.810967643261913,0.12274437935686573
2023-04-07 16:00:00,29.153407930524633,1.8079489426122899,0.12213057180638717
2023-04-07 20:00:00,29.153407930524633,1.8085198905024398,0.1222462778265941
2023-04-08 00:00:00,29.153407930524633,1.816106174273262,0.12378465452633007
2023-04-08 04:00:00,29.153407930524633,1.820177985389961,0.1246172507800905
2023-04-08 08:00:00,29.153407930524633,1.8156330846480526,0.12368376014334326
2023-04-08 12:00:00,29.153407930524633,1.8155430031988689,0.1236653506765048
2023-04-08 16:00:00,29.153407930524633,1.8096734515063744,0.12246594063705003
2023-04-08 20:00:00,29.153407930524633,1.8105969483775022,0.12265342790924914
2023-04-09 00:00:00,29.153407930524633,1.816386139640509,0.12382994179965365
2023-04-09 04:00:00,29.153407930524633,1.808305380001146,0.12217725357328782
2023-04-09 08:00:00,29.153407930524633,1.8100668287700759,0.12253428780314414
2023-04-09 12:00:00,29.153407930524633,1.807585376475656,0.12203033460409983
2023-04-09 16:00:00,29.153407930524633,1.8236892177041857,0.125291852138658
2023-04-09 20:00:00,29.153407930524633,1.8355721921806762,0.12774101924447143
2023-04-10 00:00:00,29.153407930524633,1.83263579616448,0.12712797080930957
2023-04-10 04:00:00,29.153407930524633,1.8330324137680798,0.12721050961691954
2023-04-10 08:00:00,29.153407930524633,1.8343953007294704,0.12749425835525038
2023-04-10 12:00:00,29.153407930524633,1.8430651541624166,0.12930197646220795
2023-04-10 16:00:00,29.153407930524633,1.890612605699893,0.13930918556002858
2023-04-10 20:00:00,29.153407930524633,1.9207011058632062,0.14596037011233232
2023-04-11 00:00:00,29.153407930524633,1.9517182874414853,0.15303166187530398
2023-04-11 04:00:00,29.153407930524633,1.951131137851842,0.15289354899592375
2023-04-11 08:00:00,29.153407930524633,1.9477780341246733,0.15210528635321482
2023-04-11 12:00:00,29.153407930524633,1.9567907155189008,0.15421673302772565
2023-04-11 16:00:00,29.153407930524633,1.9526301190889777,0.1532330300944775
2023-04-11 20:00:00,29.153407930524633,1.9571925176663387,0.15430713545371566
2023-04-12 00:00:00,29.153407930524633,1.9391516012463699,0.1500400404562681
2023-04-12 04:00:00,29.153407930524633,1.943361450842753,0.1510172399748877
2023-04-12 08:00:00,29.153407930524633,1.9452602900233877,0.15145991231269382
2023-04-12 12:00:00,29.153407930524633,1.9418721906253134,0.15066850988644132
2023-04-12 16:00:00,29.153407930524633,1.9311512020364943,0.1481730077885405
2023-04-12 20:00:00,29.153407930524633,1.936950114319197,0.1495078213555836
2023-04-13 00:00:00,29.153407930524633,1.9488810458261883,0.15227056815504866
2023-04-13 04:00:00,29.153407930524633,1.9486496855574216,0.15221633802184112
2023-04-13 08:00:00,29.153407930524633,1.954561361668599,0.15360168762451828
2023-04-13 12:00:00,29.153407930524633,1.9728116040460235,0.15790434306993614
2023-04-13 16:00:00,29.153407930524633,1.9659226414214002,0.1562501601026773
2023-04-13 20:00:00,29.153407930524633,1.9684313125709691,0.15684832240139582
2023-04-14 00:00:00,29.153407930524633,1.9889776598006084,0.1617598375869113
2023-04-14 04:00:00,29.153407930524633,1.9917539830258093,0.16243721713180115
2023-04-14 08:00:00,29.153407930524633,1.9961718624436884,0.16351811574334646
2023-04-14 12:00:00,29.153407930524633,1.9596208283864198,0.15453578862518122
2023-04-14 16:00:00,29.153407930524633,1.9652071743717683,0.15585740712893498
2023-04-14 20:00:00,29.153407930524633,1.9744641773943574,0.1580598810070593
2023-04-15 00:00:00,29.153407930524633,1.9685803682063088,0.1566468482600811
2023-04-15 04:00:00,29.153407930524633,1.9722847247784958,0.15753115421665223
2023-04-15 08:00:00,29.153407930524633,1.9691739984757495,0.1567857705018662
2023-04-15 12:00:00,29.153407930524633,1.9652836463933776,0.15585652019301027
2023-04-15 16:00:00,29.153407930524633,1.9657029463762687,0.15595627775681592
2023-04-15 20:00:00,29.153407930524633,1.963327777230526,0.15539094939980896
2023-04-16 00:00:00,29.153407930524633,1.9603648104271603,0.15468742210810335
2023-04-16 04:00:00,29.153407930524633,1.9665603403134633,0.15615404282319936
2023-04-16 08:00:00,29.153407930524633,1.958879438617599,0.15432434480516813
2023-04-16 12:00:00,29.153407930524633,1.9657833068057564,0.15595604543015992
2023-04-16 16:00:00,29.153407930524633,1.9642331281982213,0.15558709368786267
2023-04-16 20:00:00,29.153407930524633,1.9639473302191564,0.15551917943220808
2023-04-17 00:00:00,29.153407930524633,1.9430892622912628,0.1505641133383654
2023-04-17 04:00:00,29.153407930524633,1.933724679984037,0.14838721381156397
2023-04-17 08:00:00,29.153407930524633,1.916389509594004,0.14439649425088644
2023-04-17 12:00:00,29.153407930524633,1.9026180650245543,0.1412835336967136
2023-04-17 16:00:00,29.153407930524633,1.9096774695278491,0.1428561734698051
2023-04-17 20:00:00,29.153407930524633,1.9072815622067547,0.14231848557641782
2023-04-18 00:00:00,29.153407930524633,1.9083651318688781,0.14256104859865695
2023-04-18 04:00:00,29.153407930524633,1.9296625898870343,0.1473340156218715
2023-04-18 08:00:00,29.153407930524633,1.9688687584572926,0.15631444922131596
2023-04-18 12:00:00,29.153407930524633,1.956184123889865,0.15329323464193276
2023-04-18 16:00:00,29.153407930524633,1.9585599411035872,0.15385176597008596
2023-04-18 20:00:00,29.153407930524633,1.9688311705144674,0.1562722894634707
2023-04-19 00:00:00,29.153407930524633,1.957893079152436,0.15366771787027722
2023-04-19 04:00:00,29.153407930524633,1.9492433158268623,0.1516310549832502
2023-04-19 08:00:00,29.153407930524633,1.899529373033119,0.14002935672631212
2023-04-19 12:00:00,29.153407930524633,1.8962754237068504,0.13930973358579202
2023-04-19 16:00:00,29.153407930524633,1.894112820858462,0.13883310721143563
2023-04-19 20:00:00,29.153407930524633,1.8662478419336326,0.13270583501743521
2023-04-20 00:00:00,29.153407930524633,1.8704875026570842,0.13361026105965904
2023-04-20 04:00:00,29.153407930524633,1.8709502231946176,0.13370941843718173
2023-04-20 08:00:00,29.153407930524633,1.8539364945225347,0.1300617065878929
2023-04-20 12:00:00,29.153407930524633,1.8474272997340382,0.12869176163259455
2023-04-20 16:00:00,29.153407930524633,1.8213548768411665,0.12324314771539735
2023-04-20 20:00:00,29.153407930524633,1.830380519594989,0.1250753254594704
2023-04-21 00:00:00,29.153407930524633,1.8354198962054378,0.12610839207526492
2023-04-21 04:00:00,29.153407930524633,1.8246373411585435,0.12388584232154685
2023-04-21 08:00:00,29.153407930524633,1.8188812013625033,0.12271338320695882
2023-04-21 12:00:00,29.153407930524633,1.8172279799461897,0.12237877246981876
2023-04-21 16:00:00,29.153407930524633,1.767923616115641,0.1124177644021906
2023-04-21 20:00:00,29.153407930524633,1.766817364074227,0.1122067331445715
2023-04-22 00:00:00,29.153407930524633,1.7706617033300378,0.11293917005248015
2023-04-22 04:00:00,29.153407930524633,1.7677842814999973,0.11238857312123493
2023-04-22 08:00:00,29.153407930524633,1.7683604139339855,0.11249845762953566
2023-04-22 12:00:00,29.153407930524633,1.7814695330281418,0.11500036108884291
2023-04-22 16:00:00,29.153407930524633,1.7901329057812903,0.11667811809179175
2023-04-22 20:00:00,29.153407930524633,1.8027209782197366,0.11913953187471986
2023-04-23 00:00:00,29.153407930524633,1.7859353694765219,0.11581151340919939
2023-04-23 04:00:00,29.153407930524633,1.7963731523581952,0.11784207193806294
2023-04-23 08:00:00,29.153407930524633,1.7914478357121804,0.11687276967852601
2023-04-23 12:00:00,29.153407930524633,1.7805324267294396,0.11473642936000433
2023-04-23 16:00:00,29.153407930524633,1.7799686075870669,0.114627432869579
2023-04-23 20:00:00,29.153407930524633,1.7880584401781463,0.1161903538193768
2023-04-24 00:00:00,29.153407930524633,1.8010120229571656,0.11871557558926403
2023-04-24 04:00:00,29.153407930524633,1.7790742737750274,0.1143774271125855
2023-04-24 08:00:00,29.153407930524633,1.7854817218907049,0.11561323964829291
2023-04-24 12:00:00,29.153407930524633,1.7670902006936973,0.11204058473688668
2023-04-24 16:00:00,29.153407930524633,1.7746233428901812,0.11347347875033686
2023-04-24 20:00:00,29.153407930524633,1.782895282583567,0.11506025902703401
2023-04-25 00:00:00,29.153407930524633,1.7721885514903024,0.11298736232083148
2023-04-25 04:00:00,29.153407930524633,1.7670571492267304,0.11200589180019094
2023-04-25 08:00:00,29.153407930524633,1.7751204110306407,0.11353917468732438
2023-04-25 12:00:00,29.153407930524633,1.772141890595761,0.11296764373675207
2023-04-25 16:00:00,29.153407930524633,1.789406421576003,0.11626929818452728
2023-04-25 20:00:00,29.153407930524633,1.8340835800312165,0.12497818923772609
2023-04-26 00:00:00,29.153407930524633,1.8346221245223793,0.12508828179195144
2023-04-26 04:00:00,29.153407930524633,1.8389693645304674,0.12597749288759963
2023-04-26 08:00:00,29.153407930524633,1.876307153115139,0.13365090129763876
2023-04-26 12:00:00,29.153407930524633,1.932540659785055,0.14566757805082894
2023-04-26 16:00:00,29.153407930524633,1.8070883083351972,0.11729921213218161
2023-04-26 20:00:00,29.153407930524633,1.8415039583992263,0.12400103509054035
2023-04-27 00:00:00,29.153407930524633,1.8719955568459372,0.1301606576398896
2023-04-27 04:00:00,29.153407930524633,1.8725166035016472,0.13026934343530228
2023-04-27 08:00:00,29.153407930524633,1.8751335020038322,0.13081550945980477
2023-04-27 12:00:00,29.153407930524633,1.8891006631031628,0.13373869539770775
2023-04-27 16:00:00,29.153407930524633,1.9230756269409697,0.14095445805440282
2023-04-27 20:00:00,29.153407930524633,1.9100358511206452,0.13808715344897482
2023-04-28 00:00:00,29.153407930524633,1.90664969592651,0.13735274126772662
2023-04-28 04:00:00,29.153407930524633,1.911076648296106,0.13830947817339642
2023-04-28 08:00:00,29.153407930524633,1.8946500692136665,0.13474297823773154
2023-04-28 12:00:00,29.153407930524633,1.8889166117969174,0.1335197289309306
2023-04-28 16:00:00,29.153407930524633,1.9006881185808928,0.13601596680361758
2023-04-28 20:00:00,29.153407930524633,1.8995974201709926,0.13578181097774042
2023-04-29 00:00:00,29.153407930524633,1.9018034435740234,0.1362548657148265
2023-04-29 04:00:00,29.153407930524633,1.9017904822144287,0.13625207986177154
2023-04-29 08:00:00,29.153407930524633,1.9009201269176395,0.13606501237902524
2023-04-29 12:00:00,29.153407930524633,1.8969733929210302,0.13521750847420394
2023-04-29 16:00:00,29.153407930524633,1.8949941933109078,0.13479427253259416
2023-04-29 20:00:00,29.153407930524633,1.894331867835615,0.13465293540195222
2023-04-30 00:00:00,29.153407930524633,1.890989133196122,0.13394011041211804
2023-04-30 04:00:00,29.153407930524633,1.8966636164267148,0.13514589350800402
2023-04-30 08:00:00,29.153407930524633,1.8921647285113679,0.13418419494135347
2023-04-30 12:00:00,29.153407930524633,1.9218572591390608,0.14050119513379924
2023-04-30 16:00:00,29.153407930524633,1.9028008201948412,0.13632171858746633
2023-04-30 20:00:00,29.153407930524633,1.8945107345980223,0.13453994715274545
2023-05-01 00:00:00,29.153407930524633,1.8509508453398789,0.12525964312742108
2023-05-01 04:00:00,29.153407930524633,1.8553596518060418,0.12615471636930617
2023-05-01 08:00:00,29.153407930524633,1.8485400324552503,0.12476362142319974
2023-05-01 12:00:00,29.153407930524633,1.825648975274916,0.12012865900656648
2023-05-01 16:00:00,29.153407930524633,1.8044390064340246,0.11594177782250367
2023-05-01 20:00:00,29.153407930524633,1.8190140552983503,0.11875127773547547
2023-05-02 00:00:00,29.153407930524633,1.8174262887479902,0.11844031371727282
2023-05-02 04:00:00,29.153407930524633,1.8183147899482124,0.11861402259593934
2023-05-02 08:00:00,29.153407930524633,1.820087903940778,0.11896101892079243
2023-05-02 12:00:00,29.153407930524633,1.8496300827971714,0.12475365293086584
2023-05-02 16:00:00,29.153407930524633,1.859056879630452,0.12666110569884373
2023-05-02 20:00:00,29.153407930524633,1.8580018249594374,0.12644545701267226
2023-05-03 00:00:00,29.153407930524633,1.8483482043332482,0.12447453891855452
2023-05-03 04:00:00,29.153407930524633,1.8569610277839768,0.1262145961631305
2023-05-03 08:00:00,29.153407930524633,1.8498283915989715,0.1247602154052156
2023-05-03 12:00:00,29.153407930524633,1.834778308905497,0.12171509257020306
2023-05-03 16:00:00,29.153407930524633,1.8355216428782573,0.12186302591375628
2023-05-03 20:00:00,29.153407930524633,1.8810924870775305,0.13093957533355974
2023-05-04 00:00:00,29.153407930524633,1.885674327694284,0.13189637719533714
2023-05-04 04:00:00,29.153407930524633,1.883168248816634,0.1313705026261076
2023-05-04 08:00:00,29.153407930524633,1.8894201606171743,0.1326789095559619
2023-05-04 12:00:00,29.153407930524633,1.870725343605649,0.12874054583918984
2023-05-04 16:00:00,29.153407930524633,1.8726002042710335,0.12912762123685695
2023-05-04 20:00:00,29.153407930524633,1.8689088090584414,0.12836398613456446
2023-05-05 00:00:00,29.153407930524633,1.8922437928048965,0.13317220071768687
2023-05-05 04:00:00,29.153407930524633,1.8834339566883274,0.131312146635755
2023-05-05 08:00:00,29.153407930524633,1.889076684587913,0.1324923717942929
2023-05-05 12:00:00,29.153407930524633,1.902497524380324,0.135316225759685
2023-05-05 16:00:00,29.153407930524633,1.9157965273925437,0.1381539233717748
2023-05-05 20:00:00,29.153407930524633,1.9121641063661077,0.13736808853655363
2023-05-06 00:00:00,29.153407930524633,1.9023134730740778,0.13524510757216524
2023-05-06 04:00:00,29.153407930524633,1.9029446912863432,0.13537973707917503
2023-05-06 08:00:00,29.153407930524633,1.8966454705232823,0.1340353151609577
2023-05-06 12:00:00,29.153407930524633,1.8519585910483727,0.1245612936839865
2023-05-06 16:00:00,29.153407930524633,1.8692108087369996,0.12804240589340682
2023-05-06 20:00:00,29.153407930524633,1.8695594693100992,0.1281140564612473
2023-05-07 00:00:00,29.153407930524633,1.8663424598586758,0.12745270686965374
2023-05-07 04:00:00,29.153407930524633,1.873591100212054,0.12893773791947397
2023-05-07 08:00:00,29.153407930524633,1.8690319419745915,0.12799647456181476
2023-05-07 12:00:00,29.153407930524633,1.875681767514691,0.12936266987362624
2023-05-07 16:00:00,29.153407930524633,1.8734174179934837,0.1288941645471946
2023-05-07 20:00:00,29.153407930524633,1.8424637470772192,0.12250517587745022
2023-05-08 00:00:00,29.153407930524633,1.827532908892017,0.1195269273868991
2023-05-08 04:00:00,29.153407930524633,1.813001280582334,0.11667567222208029
2023-05-08 08:00:00,29.153407930524633,1.810318927214195,0.11615780378086622
2023-05-08 12:00:00,29.153407930524633,1.80730476304043,0.115577598792569
2023-05-08 16:00:00,29.153407930524633,1.7718645175004337,0.10877836067197508
2023-05-08 20:00:00,29.153407930524633,1.7931256837117246,0.11269415917168409
2023-05-09 00:00:00,29.153407930524633,1.790569055531655,0.11221212313982402
2023-05-09 04:00:00,29.153407930524633,1.7929863490960807,0.11266658700249128
2023-05-09 08:00:00,29.153407930524633,1.7937426444284361,0.11280915788247377
2023-05-09 12:00:00,29.153407930524633,1.775731539135535,0.10941098207347054
2023-05-09 16:00:00,29.153407930524633,1.796205950819423,0.11319554990989238
2023-05-09 20:00:00,29.153407930524633,1.7904997122578228,0.11211674130511735
2023-05-10 00:00:00,29.153407930524633,1.7941949958782935,0.11281091034891394
2023-05-10 04:00:00,29.153407930524633,1.784925679564089,0.1110624716104497
2023-05-10 08:00:00,29.153407930524633,1.7936635801349077,0.11269355268882568
2023-05-10 12:00:00,29.153407930524633,1.824518744718252,0.118509322414329
2023-05-10 16:00:00,29.153407930524633,1.7946466992601713,0.11268841888574313
2023-05-10 20:00:00,29.153407930524633,1.7885866155816337,0.11154685506429926
2023-05-11 00:00:00,29.153407930524633,1.7787457033093002,0.10970564233457271
2023-05-11 04:00:00,29.153407930524633,1.7789511408588774,0.1097436539372893
2023-05-11 08:00:00,29.153407930524633,1.7760698306209588,0.10921040908355469
2023-05-11 12:00:00,29.153407930524633,1.7614111809872468,0.10650633107573701
2023-05-11 16:00:00,29.153407930524633,1.7396121183527729,0.10255199342791979
2023-05-11 20:00:00,29.153407930524633,1.747749907974353,0.10399118761204683
2023-05-12 00:00:00,29.153407930524633,1.7228446555129908,0.09954559713697139
2023-05-12 04:00:00,29.153407930524633,1.7051653610257163,0.09648107953046886
2023-05-12 08:00:00,29.153407930524633,1.707530161083783,0.09688249243919474
2023-05-12 12:00:00,29.153407930524633,1.7057693603828328,0.09658277750972878
2023-05-12 16:00:00,29.153407930524633,1.7147632478056476,0.09811051270314965
2023-05-12 20:00:00,29.153407930524633,1.7364987997781074,0.10184132420257888
2023-05-13 00:00:00,29.153407930524633,1.737358137919241,0.10199251831957225
2023-05-13 04:00:00,29.153407930524633,1.7349998185409716,0.10157717920127227
2023-05-13 08:00:00,29.153407930524633,1.7383736604434916,0.10216975334427805
2023-05-13 12:00:00,29.153407930524633,1.7378752961670725,0.1020818819797562
2023-05-13 16:00:00,29.153407930524633,1.7392809556151259,0.10232958507248625
2023-05-13 20:00:00,29.153407930524633,1.7352201616540825,0.10161284170835601
2023-05-14 00:00:00,29.153407930524633,1.7410365717722383,0.1026346520360155
2023-05-14 04:00:00,29.153407930524633,1.7404001690161346,0.10252210360971628
2023-05-14 08:00:00,29.153407930524633,1.7372097303518803,0.10195828416901485
2023-05-14 12:00:00,29.153407930524633,1.7550989988645904,0.1051080923195113
2023-05-14 16:00:00,29.153407930524633,1.7419399785359941,0.10274391880378281
2023-05-14 20:00:00,29.153407930524633,1.7444447612776846,0.10318713360648164
2023-05-15 00:00:00,29.153407930524633,1.7648705678630923,0.10681180630452378
2023-05-15 04:00:00,29.153407930524633,1.7761910193331698,0.10886718287159815
2023-05-15 08:00:00,29.153407930524633,1.7715664062297536,0.10801682061614262
2023-05-15 12:00:00,29.153407930524633,1.7754988827308087,0.10873613930602849
2023-05-15 16:00:00,29.153407930524633,1.7768883404793687,0.10899142125429119
2023-05-15 20:00:00,29.153407930524633,1.760291319518258,0.10593731898698036
2023-05-16 00:00:00,29.153407930524633,1.7582084290313775,0.10556126333390133
2023-05-16 04:00:00,29.153407930524633,1.7661524463270157,0.10699211843815523
2023-05-16 08:00:00,29.153407930524633,1.753609090579171,0.10471251872425234
2023-05-16 12:00:00,29.153407930524633,1.7522474997537398,0.10446860643119568
2023-05-16 16:00:00,29.153407930524633,1.7454447301704217,0.10325186760005169
2023-05-16 20:00:00,29.153407930524633,1.751976607338209,0.10441104813126623
2023-05-17 00:00:00,29.153407930524633,1.753674545445125,0.10471461981709106
2023-05-17 04:00:00,29.153407930524633,1.739747564560538,0.10221981510150015
2023-05-17 08:00:00,29.153407930524633,1.7262988578449983,0.09984925685186576
2023-05-17 12:00:00,29.153407930524633,1.7366232288302172,0.10164074405407122
2023-05-17 16:00:00,29.153407930524633,1.7747399951265348,0.10833341594105705
2023-05-17 20:00:00,29.153407930524633,1.7760698306209588,0.1085769428049575
2023-05-18 00:00:00,29.153407930524633,1.7734827432458413,0.10810247153172832
2023-05-18 04:00:00,29.153407930524633,1.7751625354493246,0.10840964625256704
2023-05-18 08:00:00,29.153407930524633,1.7756395134824126,0.10849703377704105
2023-05-18 12:00:00,29.153407930524633,1.7554068311549669,0.104788196480034
2023-05-18 16:00:00,29.153407930524633,1.7325455851017006,0.10069412204550782
2023-05-18 20:00:00,29.153407930524633,1.7382012743608812,0.10168023404639115
2023-05-19 00:00:00,29.153407930524633,1.7390729257936302,0.10183320204209355
2023-05-19 04:00:00,29.153407930524633,1.7401519589798955,0.10202275373283176
2023-05-19 08:00:00,29.153407930524633,1.7404442376387577,0.10207416143917702
2023-05-19 12:00:00,29.153407930524633,1.7422432743505125,0.10239069297712473
2023-05-19 16:00:00,29.153407930524633,1.7390554279581771,0.10182864896291405
2023-05-19 20:00:00,29.153407930524633,1.7420235793053809,0.1023500403517292
2023-05-20 00:00:00,29.153407930524633,1.7410722155111245,0.10218235239867036
2023-05-20 04:00:00,29.153407930524633,1.7403852634526011,0.10206140214163968
2023-05-20 08:00:00,29.153407930524633,1.7420106179457864,0.1023473491018362
2023-05-20 12:00:00,29.153407930524633,1.7462619438928728,0.10309667623515513
2023-05-20 16:00:00,29.153407930524633,1.7538683177710672,0.10444388282312367
2023-05-20 20:00:00,29.153407930524633,1.7564217056112381,0.10490005003535724
2023-05-21 00:00:00,29.153407930524633,1.7612037992337306,0.10575686339402385
2023-05-21 04:00:00,29.153407930524633,1.753347271115357,0.10434155568574903
2023-05-21 08:00:00,29.153407930524633,1.738762501231335,0.10173774022245616
2023-05-21 12:00:00,29.153407930524633,1.743236114495472,0.10252301475615502
2023-05-21 16:00:00,29.153407930524633,1.7434402559090894,0.10255903258469806
2023-05-21 20:00:00,29.153407930524633,1.7334379747098008,0.10079386005304009
2023-05-22 00:00:00,29.153407930524633,1.7267641706544505,0.09962967913317362
2023-05-22 04:00:00,29.153407930524633,1.7396173028966102,0.10185445330252176
2023-05-22 08:00:00,29.153407930524633,1.738557711749737,0.10166833637299492
2023-05-22 12:00:00,29.153407930524633,1.7418239743676207,0.10224135529138907
2023-05-22 16:00:00,29.153407930524633,1.7408680740975058,0.10207302736518385
2023-05-22 20:00:00,29.153407930524633,1.7400152166361695,0.10192300954771993
2023-05-23 00:00:00,29.153407930524633,1.7735462539078553,0.10781534462498538
2023-05-23 04:00:00,29.153407930524633,1.7695107345980219,0.10707937694863334
2023-05-23 08:00:00,29.153407930524633,1.7716467666592408,0.10746715359974746
2023-05-23 12:00:00,29.153407930524633,1.770524960986313,0.10726300918761567
2023-05-23 16:00:00,29.153407930524633,1.7615278332235993,0.1056278009542285
2023-05-23 20:00:00,29.153407930524633,1.7640157661978164,0.10607535826901782
2023-05-24 00:00:00,29.153407930524633,1.7359148905283621,0.10100599804317012
2023-05-24 04:00:00,29.153407930524633,1.7289591769018255,0.09979182193214493
2023-05-24 08:00:00,29.153407930524633,1.7330789450490252,0.10050517452283554
2023-05-24 12:00:00,29.153407930524633,1.7053707985752924,0.09568459995235394
2023-05-24 16:00:00,29.153407930524633,1.7013294466536415,0.09500434588289368
2023-05-24 20:00:00,29.153407930524633,1.7062988319222785,0.09583683578862395
2023-05-25 00:00:00,29.153407930524633,1.6968830522446536,0.09425028158035001
2023-05-25 04:00:00,29.153407930524633,1.6934839356909237,0.09368388834796484
2023-05-25 08:00:00,29.153407930524633,1.7041997397359046,0.09546228996468716
2023-05-25 12:00:00,29.153407930524633,1.699630860478746,0.0946945002515023
2023-05-25 16:00:00,29.153407930524633,1.7153503973952904,0.09732193023134733
2023-05-25 20:00:00,29.153407930524633,1.715681560132937,0.09737829666860248
2023-05-26 00:00:00,29.153407930524633,1.7131767773912463,0.0969517988570415
2023-05-26 04:00:00,29.153407930524633,1.7174663393491378,0.09768006126454319
2023-05-26 08:00:00,29.153407930524633,1.7150010887542115,0.09725943148515062
2023-05-26 12:00:00,29.153407930524633,1.7335954552288773,0.10042294699078722
2023-05-26 16:00:00,29.153407930524633,1.7346971707944334,0.10061440605957699
2023-05-26 20:00:00,29.153407930524633,1.7307251621466142,0.09992326302142789
2023-05-27 00:00:00,29.153407930524633,1.7337114593972507,0.10044050383844834
2023-05-27 04:00:00,29.153407930524633,1.7318191008964132,0.10011160924603474
2023-05-27 08:00:00,29.153407930524633,1.7302779952405944,0.0998443482478006
2023-05-27 12:00:00,29.153407930524633,1.7296966782627687,0.09974371491326817
2023-05-27 16:00:00,29.153407930524633,1.7322597871226357,0.10018712329108907
2023-05-27 20:00:00,29.153407930524633,1.7403392506260396,0.10158897689092225
2023-05-28 00:00:00,29.153407930524633,1.7619173220794226,0.10536771290708666
2023-05-28 04:00:00,29.153407930524633,1.7644538601521202,0.10582278967840723
2023-05-28 08:00:00,29.153407930524633,1.7597482385512366,0.10497613335677318
2023-05-28 12:00:00,29.153407930524633,1.767422011499324,0.10634944857545109
2023-05-28 16:00:00,29.153407930524633,1.7838712729610546,0.10931880712346045
2023-05-28 20:00:00,29.153407930524633,1.8188027851369557,0.11574080286940266
2023-05-29 00:00:00,29.153407930524633,1.8116733892918493,0.11437975041363968
2023-05-29 04:00:00,29.153407930524633,1.8086196929713199,0.11380136632126574
2023-05-29 08:00:00,29.153407930524633,1.809008533759163,0.11387476585314625
2023-05-29 12:00:00,29.153407930524633,1.7906448794852843,0.11040686043707736
2023-05-29 16:00:00,29.153407930524633,1.7911263939942301,0.11049592751977479
2023-05-29 20:00:00,29.153407930524633,1.7975072713227385,0.11167685081111965
2023-05-30 00:00:00,29.153407930524633,1.8035232863786537,0.11279815300543428
2023-05-30 04:00:00,29.153407930524633,1.7973011857051815,0.11163070237851593
2023-05-30 08:00:00,29.153407930524633,1.8159772087452943,0.11511061590584243
2023-05-30 12:00:00,29.153407930524633,1.7934037048750322,0.11081796852930273
2023-05-30 16:00:00,29.153407930524633,1.804882284932166,0.1129458211484449
2023-05-30 20:00:00,29.153407930524633,1.7947853858078355,0.11105029160809034
2023-05-31 00:00:00,29.153407930524633,1.7923810536030045,0.1106039956978709
2023-05-31 04:00:00,29.153407930524633,1.7606646066745875,0.10473253367939428
2023-05-31 08:00:00,29.153407930524633,1.7560814699218747,0.10391465469922208
2023-05-31 12:00:00,29.153407930524633,1.7440507359460036,0.10177892878622705
2023-05-31 16:00:00,29.153407930524633,1.750468553149357,0.10290251747543247
2023-05-31 20:00:00,29.153407930524633,1.7634156552485787,0.10518583081623667
2023-06-01 00:00:00,29.153407930524633,1.7355221613326408,0.10019438085969995
2023-06-01 04:00:00,29.153407930524633,1.7369952198505871,0.10044950670504624
2023-06-01 08:00:00,29.153407930524633,1.7428466256396489,0.10146465772847774
2023-06-01 12:00:00,29.153407930524633,1.7429451319725693,0.10148186218790663
2023-06-01 16:00:00,29.153407930524633,1.740884275797,0.10112188610163443
2023-06-01 20:00:00,29.153407930524633,1.737984171587669,0.10061651533411815
2023-06-02 00:00:00,29.153407930524633,1.7497835452947734,0.10266580649270678
2023-06-02 04:00:00,29.153407930524633,1.7530012028141766,0.10323217952519156
2023-06-02 08:00:00,29.153407930524633,1.7582570341298582,0.10416070870314686
2023-06-02 12:00:00,29.153407930524633,1.7559998133564279,0.10375954941147994
2023-06-02 16:00:00,29.153407930524633,1.7652736661464903,0.10540348601013942
2023-06-02 20:00:00,29.153407930524633,1.765505026415257,0.10544492918009078
2023-06-03 00:00:00,29.153407930524633,1.759063878764633,0.10429083500132043
2023-06-03 04:00:00,29.153407930524633,1.7610871469973777,0.10465069970431136
2023-06-03 08:00:00,29.153407930524633,1.7581948196038035,0.10413507941937392
2023-06-03 12:00:00,29.153407930524633,1.76956646844428,0.10615565337726858
2023-06-03 16:00:00,29.153407930524633,1.7560283283475366,0.10371920897162903
2023-06-03 20:00:00,29.153407930524633,1.7542694718505256,0.1034075502102873
2023-06-04 00:00:00,29.153407930524633,1.7537613865544104,0.10331770109084662
2023-06-04 04:00:00,29.153407930524633,1.7595337280499437,0.10433788272639087
2023-06-04 08:00:00,29.153407930524633,1.7626509350324873,0.10489242073505804
2023-06-04 12:00:00,29.153407930524633,1.7613839621320981,0.10466623439512042
2023-06-04 16:00:00,29.153407930524633,1.7635945220109874,0.10506030686892937
2023-06-04 20:00:00,29.153407930524633,1.7572499364893444,0.10392643381555894
2023-06-05 00:00:00,29.153407930524633,1.7396464659556994,0.1008031457550217
2023-06-05 04:00:00,29.153407930524633,1.7387657415712343,0.10065004604729148
2023-06-05 08:00:00,29.153407930524633,1.7350976768059125,0.10001305819083565
2023-06-05 12:00:00,29.153407930524633,1.6854647425096363,0.09143035714931268
2023-06-05 16:00:00,29.153407930524633,1.6609975840025777,0.08744859297891842
2023-06-05 20:00:00,29.153407930524633,1.6673622596315925,0.08845385981473768
2023-06-06 00:00:00,29.153407930524633,1.667532701510264,0.08848098572925711
2023-06-06 04:00:00,29.153407930524633,1.666981843727486,0.08839329850206326
2023-06-06 08:00:00,29.153407930524633,1.6646688891077979,0.08802535864316959
2023-06-06 12:00:00,29.153407930524633,1.6892611247349465,0.09192656754137393
2023-06-06 16:00:00,29.153407930524633,1.7549765140164209,0.1026549092101121
2023-06-06 20:00:00,29.153407930524633,1.7646942933726044,0.10436019315476708
2023-06-07 00:00:00,29.153407930524633,1.7438867747471305,0.10066865858532754
2023-06-07 04:00:00,29.153407930524633,1.7365545336243657,0.09939886247996982
2023-06-07 08:00:00,29.153407930524633,1.7430527112572067,0.10051471249053485
2023-06-07 12:00:00,29.153407930524633,1.707628019348724,0.0943863217093771
2023-06-07 16:00:00,29.153407930524633,1.7162408427994527,0.09581450053257873
2023-06-07 20:00:00,29.153407930524633,1.70696828614535,0.0942614923026434
2023-06-08 00:00:00,29.153407930524633,1.7072813029795635,0.09431334815869234
2023-06-08 04:00:00,29.153407930524633,1.713795682311898,0.09539294691890136
2023-06-08 08:00:00,29.153407930524633,1.7129732840456096,0.09525561842349446
2023-06-08 12:00:00,29.153407930524633,1.7317465172826834,0.09838746401348969
2023-06-08 16:00:00,29.153407930524633,1.7199659375469916,0.09637955808747323
2023-06-08 20:00:00,29.153407930524633,1.71729006485865,0.09592972459675563
2023-06-09 00:00:00,29.153407930524633,1.7163237955008595,0.09576779396789574
2023-06-09 04:00:00,29.153407930524633,1.7169543656451454,0.09587334802212244
2023-06-09 08:00:00,29.153407930524633,1.7245212073765757,0.09714092705379894
2023-06-09 12:00:00,29.153407930524633,1.715913568469685,0.09568634240807275
2023-06-09 16:00:00,29.153407930524633,1.711362835115959,0.09492504002450203
2023-06-09 20:00:00,29.153407930524633,1.7159420834607932,0.09568703857354625
2023-06-10 00:00:00,29.153407930524633,1.705913879542315,0.09400941353406558
2023-06-10 04:00:00,29.153407930524633,1.6623650074398268,0.08680974658336933
2023-06-10 08:00:00,29.153407930524633,1.6675696413851093,0.08762511436089192
2023-06-10 12:00:00,29.153407930524633,1.6609204639129889,0.08657693936068658
2023-06-10 16:00:00,29.153407930524633,1.668775047827423,0.08780522063610897
2023-06-10 20:00:00,29.153407930524633,1.6746860758706206,0.0887382747146588
2023-06-11 00:00:00,29.153407930524633,1.6673175429409903,0.0875669431282056
2023-06-11 04:00:00,29.153407930524633,1.6682131728889895,0.08770805765744281
2023-06-11 08:00:00,29.153407930524633,1.6717600489420998,0.08826749984581363
2023-06-11 12:00:00,29.153407930524633,1.6688631850726674,0.08780864404654336
2023-06-11 16:00:00,29.153407930524633,1.6869786293103062,0.09066812217938723
2023-06-11 20:00:00,29.153407930524633,1.6801518812117375,0.08956739377666531
2023-06-12 00:00:00,29.153407930524633,1.6714509205157644,0.08817587248337107
2023-06-12 04:00:00,29.153407930524633,1.672208511984079,0.0882957706291401
2023-06-12 08:00:00,29.153407930524633,1.684252855387525,0.09020366293128029
2023-06-12 12:00:00,29.153407930524633,1.6736115791602135,0.08849391592227877
2023-06-12 16:00:00,29.153407930524633,1.6735856564410239,0.08848980385178223
2023-06-12 20:00:00,29.153407930524633,1.6788324148049891,0.08932206113726647
2023-06-13 00:00:00,29.153407930524633,1.689114661371525,0.09096325792679459
2023-06-13 04:00:00,29.153407930524633,1.6897672658271221,0.09106869131526056
2023-06-13 08:00:00,29.153407930524633,1.697407339240263,0.09230395874177216
2023-06-13 12:00:00,29.153407930524633,1.6693933046800937,0.08773380124842146
2023-06-13 16:00:00,29.153407930524633,1.6786801188297507,0.08919798737739335
2023-06-13 20:00:00,29.153407930524633,1.6807157003541102,0.08952247404953323
2023-06-14 00:00:00,29.153407930524633,1.6840091818271428,0.09004875093795653
2023-06-14 04:00:00,29.153407930524633,1.6783483080241244,0.08914064196679382
2023-06-14 08:00:00,29.153407930524633,1.6834025901981071,0.0899459729380519
2023-06-14 12:00:00,29.153407930524633,1.6841180572477388,0.09006065741149683
2023-06-14 16:00:00,29.153407930524633,1.6768493267869882,0.08889453967819733
2023-06-14 20:00:00,29.153407930524633,1.6285041035664531,0.08120578739406005
2023-06-15 00:00:00,29.153407930524633,1.6244050735946052,0.08059258975638732
2023-06-15 04:00:00,29.153407930524633,1.6191200792198353,0.07980596690516441
2023-06-15 08:00:00,29.153407930524633,1.6211401071126814,0.08010466670124439
2023-06-15 12:00:00,29.153407930524633,1.6175744370881584,0.0795761001554637
2023-06-15 16:00:00,29.153407930524633,1.6496887977561354,0.0843156698266015
2023-06-15 20:00:00,29.153407930524633,1.6589561698664002,0.08573663726253031
2023-06-16 00:00:00,29.153407930524633,1.6565745200408601,0.08536737859695301
2023-06-16 04:00:00,29.153407930524633,1.654971847926966,0.08511960963372481
2023-06-16 08:00:00,29.153407930524633,1.6509214230535985,0.08449463721893062
2023-06-16 12:00:00,29.153407930524633,1.6746083077130516,0.08813154209798647
2023-06-16 16:00:00,29.153407930524633,1.7097608110700442,0.09368157606447373
2023-06-16 20:00:00,29.153407930524633,1.7073350926218818,0.09328284462933754
2023-06-17 00:00:00,29.153407930524633,1.7019664974777255,0.09240288059262154
2023-06-17 04:00:00,29.153407930524633,1.723444118394249,0.09590105880688882
2023-06-17 08:00:00,29.153407930524633,1.7178830470601103,0.09497272125880264
2023-06-17 12:00:00,29.153407930524633,1.7116006760645224,0.09393076347751578
2023-06-17 16:00:00,29.153407930524633,1.7157794183978783,0.09461873783374897
2023-06-17 20:00:00,29.153407930524633,1.7184812138054095,0.09506571919150006
2023-06-18 00:00:00,29.153407930524633,1.720520035669668,0.09540407971346329
2023-06-18 04:00:00,29.153407930524633,1.7228874279996538,0.09579790056160314
2023-06-18 08:00:00,29.153407930524633,1.7173801463078333,0.09487923457918844
2023-06-18 12:00:00,29.153407930524633,1.7214040003940316,0.09554614608956827
2023-06-18 16:00:00,29.153407930524633,1.7271011660039155,0.09649480581883661
2023-06-18 20:00:00,29.153407930524633,1.7070091144280735,0.09312711899166809
2023-06-19 00:00:00,29.153407930524633,1.7111172173516378,0.09379948058580224
2023-06-19 04:00:00,29.153407930524633,1.7127147049216938,0.09406219228572678
2023-06-19 08:00:00,29.153407930524633,1.7139926949777389,0.09427275370505514
2023-06-19 12:00:00,29.153407930524633,1.7137509656212964,0.09423286702616211
2023-06-19 16:00:00,29.153407930524633,1.7291931294425127,0.0967801905273337
2023-06-19 20:00:00,29.153407930524633,1.7396963671901395,0.09854373908601369
2023-06-20 00:00:00,29.153407930524633,1.7430773378404372,0.09911827639477151
2023-06-20 04:00:00,29.153407930524633,1.738924518226271,0.09840983911537139
2023-06-20 08:00:00,29.153407930524633,1.7438206718131977,0.09924109374728332
2023-06-20 12:00:00,29.153407930524633,1.7544450982730355,0.10105500681647908
2023-06-20 16:00:00,29.153407930524633,1.813473722139565,0.11125504897180993
2023-06-20 20:00:00,29.153407930524633,1.8345501889766302,0.11513411816616902
2023-06-21 00:00:00,29.153407930524633,1.8606776976477797,0.1200533092934662
2023-06-21 04:00:00,29.153407930524633,1.8711200170053108,0.1220745647701492
2023-06-21 08:00:00,29.153407930524633,1.8748606653843634,0.12280670063318459
2023-06-21 12:00:00,29.153407930524633,1.934585314261132,0.13454291209217492
2023-06-21 16:00:00,29.153407930524633,1.9514642447934292,0.1380645047302604
2023-06-21 20:00:00,29.153407930524633,1.943807969680795,0.13643947905890919
2023-06-22 00:00:00,29.153407930524633,1.9633873994846636,0.1405624283075672
2023-06-22 04:00:00,29.153407930524633,1.9507332241122837,0.13784462291821045
2023-06-22 08:00:00,29.153407930524633,1.939537849762296,0.13547132737483156
2023-06-22 12:00:00,29.153407930524633,1.9345250439390165,0.13442093571760994
2023-06-22 16:00:00,29.153407930524633,1.958014915932629,0.13931753385133946
2023-06-22 20:00:00,29.153407930524633,1.936745972905581,0.13477752243563235
2023-06-23 00:00:00,29.153407930524633,1.9447198013282871,0.13644221081630864
2023-06-23 04:00:00,29.153407930524633,1.9397964288862115,0.13540593429943965
2023-06-23 08:00:00,29.153407930524633,1.9533332728469954,0.1382407199140747
2023-06-23 12:00:00,29.153407930524633,2.024434755108079,0.15333663861575736
2023-06-23 16:00:00,29.153407930524633,2.001290303347667,0.14807755220668709
2023-06-23 20:00:00,29.153407930524633,1.9888234196214318,0.14531023910462745
2023-06-24 00:00:00,29.153407930524633,1.9915135498053276,0.14589988943213447
2023-06-24 04:00:00,29.153407930524633,1.9809869816104304,0.14358633479543295
2023-06-24 08:00:00,29.153407930524633,1.9885564156137796,0.1452322829441683
2023-06-24 12:00:00,29.153407930524633,1.970043057636581,0.14117596768519994
2023-06-24 16:00:00,29.153407930524633,1.9848922392563364,0.14436830540042309
2023-06-24 20:00:00,29.153407930524633,1.978384988671779,0.1429484186361012
2023-06-25 00:00:00,29.153407930524633,1.9927092352279459,0.14605341853007894
2023-06-25 04:00:00,29.153407930524633,1.9911098034539505,0.14570173278360685
2023-06-25 08:00:00,29.153407930524633,1.990607550769653,0.14559147404307365
2023-06-25 12:00:00,29.153407930524633,1.9821262851188115,0.14373053470214808
2023-06-25 16:00:00,29.153407930524633,1.9720566048496297,0.1415399772080542
2023-06-25 20:00:00,29.153407930524633,1.9741874523670109,0.14199878773352637
2023-06-26 00:00:00,29.153407930524633,1.9634100818639546,0.13967321290846985
2023-06-26 04:00:00,29.153407930524633,1.9704046795692756,0.14116595954891228
2023-06-26 08:00:00,29.153407930524633,1.9651294062142015,0.14003214825708982
2023-06-26 12:00:00,29.153407930524633,1.971398167782215,0.14137225565129677
2023-06-26 16:00:00,29.153407930524633,1.960014853718103,0.13892330625234145
2023-06-26 20:00:00,29.153407930524633,1.9615715130054359,0.1392543082156599
2023-06-27 00:00:00,29.153407930524633,1.9682842011395705,0.1406839334975149
2023-06-27 04:00:00,29.153407930524633,1.970853790679235,0.1412349209469464
2023-06-27 08:00:00,29.153407930524633,1.991454575619172,0.14566378864813842
2023-06-27 12:00:00,29.153407930524633,1.976525681637909,0.14238789280156453
2023-06-27 16:00:00,29.153407930524633,1.9862006885074297,0.14447884034723482
2023-06-27 20:00:00,29.153407930524633,1.9890787584054495,0.14510690407268342
2023-06-28 00:00:00,29.153407930524633,1.9735452169990901,0.14170730399163597
2023-06-28 04:00:00,29.153407930524633,1.9562664285232942,0.13798527546643713
2023-06-28 08:00:00,29.153407930524633,1.9643413555508398,0.1396939706840538
2023-06-28 12:00:00,29.153407930524633,1.9708434215915593,0.14108115232686458
2023-06-28 16:00:00,29.153407930524633,1.9506846190138039,0.13675200004712212
2023-06-28 20:00:00,29.153407930524633,1.949220633447574,0.1364441036005044
2023-06-29 00:00:00,29.153407930524633,1.9556099356598189,0.13778584388073206
2023-06-29 04:00:00,29.153407930524633,1.9662570444989476,0.14003632468910612
2023-06-29 08:00:00,29.153407930524633,1.987685412249011,0.1446146933294638
2023-06-29 12:00:00,29.153407930524633,1.9752334340863096,0.1418968502659982
2023-06-29 16:00:00,29.153407930524633,1.982115267963156,0.14337998213435385
2023-06-29 20:00:00,29.153407930524633,1.973192668018112,0.1414436837140904
2023-06-30 00:00:00,29.153407930524633,1.992488244046855,0.14559315790958086
2023-06-30 04:00:00,29.153407930524633,1.9937869722782515,0.14587785611802495
2023-06-30 08:00:00,29.153407930524633,2.0031787734406263,0.14793934388633226
2023-06-30 12:00:00,29.153407930524633,1.9485926555752067,0.13584541412422427
2023-06-30 16:00:00,29.153407930524633,1.9683353985099694,0.1399744881237297
2023-06-30 20:00:00,29.153407930524633,1.9747927478600866,0.1413520950660267
2023-07-01 00:00:00,29.153407930524633,1.9699976928779992,0.14032243096318453
2023-07-01 04:00:00,29.153407930524633,1.9740072894686433,0.14117923857694206
2023-07-01 08:00:00,29.153407930524633,1.9780991906927141,0.1420571859415162
2023-07-01 12:00:00,29.153407930524633,1.9813110156003,0.14274915752249956
2023-07-01 16:00:00,29.153407930524633,1.983704330649475,0.14326645698371332
2023-07-01 20:00:00,29.153407930524633,1.9821742421493118,0.14293494030317333
2023-07-02 00:00:00,29.153407930524633,1.9772106894924923,0.14186117228479034
2023-07-02 04:00:00,29.153407930524633,1.9774504746449955,0.14191278469465343
2023-07-02 08:00:00,29.153407930524633,1.9795067943447069,0.14235550332434893
2023-07-02 12:00:00,29.153407930524633,1.9764783726753872,0.14170213983161525
2023-07-02 16:00:00,29.153407930524633,1.9803492827183675,0.14253470583957545
2023-07-02 20:00:00,29.153407930524633,1.9841916777702389,0.14336436955579546
2023-07-03 00:00:00,29.153407930524633,1.9932400029033523,0.14532568323749948
2023-07-03 04:00:00,29.153407930524633,1.9874423867566087,0.1440575832699386
2023-07-03 08:00:00,29.153407930524633,1.9847224454456451,0.14346612737490821
2023-07-03 12:00:00,29.153407930524633,2.0134590758032234,0.14969782956681885
2023-07-03 16:00:00,29.153407930524633,2.0255909083839336,0.1524037832578953
2023-07-03 20:00:00,29.153407930524633,2.019133559033816,0.1509462463978573
2023-07-04 00:00:00,29.153407930524633,2.0216927794858046,0.15152021247237066
2023-07-04 04:00:00,29.153407930524633,2.00326950295779,0.14737789351725422
2023-07-04 08:00:00,29.153407930524633,2.0134169513845404,0.14961749668323066
2023-07-04 12:00:00,29.153407930524633,2.0067016709784866,0.1481204543892506
2023-07-04 16:00:00,29.153407930524633,1.9893639083165344,0.14428120316313917
2023-07-04 20:00:00,29.153407930524633,1.9938789979313745,0.1452635913918013
2023-07-05 00:00:00,29.153407930524633,2.000502252684305,0.14671119845287933
2023-07-05 04:00:00,29.153407930524633,1.9943806025476922,0.14536436473622655
2023-07-05 08:00:00,29.153407930524633,1.970405327637255,0.14012190910522004
2023-07-05 12:00:00,29.153407930524633,1.9672822880428937,0.1394556407024171
2023-07-05 16:00:00,29.153407930524633,1.9721972356012327,0.14050086511926804
2023-07-05 20:00:00,29.153407930524633,1.9769190589016097,0.1415100242135019
2023-07-06 00:00:00,29.153407930524633,1.9760143560018941,0.14131574535013372
2023-07-06 04:00:00,29.153407930524633,1.9962561112810562,0.1456585458856381
2023-07-06 08:00:00,29.153407930524633,1.999066134041204,0.14627365307579618
2023-07-06 12:00:00,29.153407930524633,1.9705809540597643,0.1400207864045215
2023-07-06 16:00:00,29.153407930524633,1.9642862697725614,0.13867896894366585
2023-07-06 20:00:00,29.153407930524633,1.9374270923522865,0.13299018046822128
2023-07-07 00:00:00,29.153407930524633,1.9529787796620788,0.13619270877508552
2023-07-07 04:00:00,29.153407930524633,1.944683509521422,0.13445727469524477
2023-07-07 08:00:00,29.153407930524633,1.9518965061359148,0.1359534151146327
2023-07-07 12:00:00,29.153407930524633,1.9695323800685471,0.13963853461067458
2023-07-07 16:00:00,29.153407930524633,1.9601593728775848,0.13764491470025336
2023-07-07 20:00:00,29.153407930524633,1.9665428424780123,0.13898968106078546
2023-07-08 00:00:00,29.153407930524633,1.9620147915035773,0.13802959158726455
2023-07-08 04:00:00,29.153407930524633,1.9567349816726451,0.1369152727792037
2023-07-08 08:00:00,29.153407930524633,1.9572761184357268,0.13702886489293725
2023-07-08 12:00:00,29.153407930524633,1.9576837531949827,0.1371144803988318
2023-07-08 16:00:00,29.153407930524633,1.95146230058949,0.1358072448865548
2023-07-08 20:00:00,29.153407930524633,1.962649898123721,0.13814296533203496
2023-07-09 00:00:00,29.153407930524633,1.9628676489649135,0.1381889451274146
2023-07-09 04:00:00,29.153407930524633,1.9613777406794939,0.13787426952347262
2023-07-09 08:00:00,29.153407930524633,1.9614872641680694,0.13789736625390323
2023-07-09 12:00:00,29.153407930524633,1.9668519709043475,0.1390288223839094
2023-07-09 16:00:00,29.153407930524633,1.9599144031812432,0.13755765645222776
2023-07-09 20:00:00,29.153407930524633,1.9546190397187977,0.13644268257361178
2023-07-10 00:00:00,29.153407930524633,1.9543248168559961,0.13638106766677924
2023-07-10 04:00:00,29.153407930524633,1.9514687812692872,0.13578314886753434
2023-07-10 08:00:00,29.153407930524633,1.959757570730147,0.13751335015606866
2023-07-10 12:00:00,29.153407930524633,1.9644761536906252,0.13850663855139242
2023-07-10 16:00:00,29.153407930524633,1.9984731518397432,0.1456975783736334
2023-07-10 20:00:00,29.153407930524633,1.9708764730585255,0.1396618166234037
2023-07-11 00:00:00,29.153407930524633,1.9750519750519828,0.14054947985602007
2023-07-11 04:00:00,29.153407930524633,1.9789002027156721,0.1413710274456497
2023-07-11 08:00:00,29.153407930524633,1.9704059757052357,0.1395505653553825
2023-07-11 12:00:00,29.153407930524633,1.982857953867937,0.14219623423858188
2023-07-11 16:00:00,29.153407930524633,1.9819208475692347,0.14199462677623675
2023-07-11 20:00:00,29.153407930524633,1.9845202482359667,0.14255332859518258
2023-07-12 00:00:00,29.153407930524633,1.9823310746004092,0.14208156623009868
2023-07-12 04:00:00,29.153407930524633,1.9921609697170872,0.1441952094735767
2023-07-12 08:00:00,29.153407930524633,1.9945102161436403,0.14470533403539357
2023-07-12 12:00:00,29.153407930524633,1.9782035296374525,0.14115609498092926
2023-07-12 16:00:00,29.153407930524633,1.962833949429967,0.13786597357873595
2023-07-12 20:00:00,29.153407930524633,1.96883052244649,0.13912953952220103
2023-07-13 00:00:00,29.153407930524633,1.9635170130806112,0.1380030848534625
2023-07-13 04:00:00,29.153407930524633,1.967924523410815,0.13893241220541241
2023-07-13 08:00:00,29.153407930524633,1.9794581892462266,0.1413751888419487
2023-07-13 12:00:00,29.153407930524633,2.003662880221491,0.1465613697515724
2023-07-13 16:00:00,29.153407930524633,2.048284304830447,0.15635310244599476
2023-07-13 20:00:00,29.153407930524633,2.038447929033971,0.15410056181629303
2023-07-14 00:00:00,29.153407930524633,2.038821864258281,0.15418536696730265
2023-07-14 04:00:00,29.153407930524633,2.0154097604222367,0.1488737643922288
2023-07-14 08:00:00,29.153407930524633,2.022593593977641,0.1504657250423591
2023-07-14 12:00:00,29.153407930524633,2.024595475967054,0.15091249985547503
2023-07-14 16:00:00,29.153407930524633,1.9516677381390664,0.13460449064316157
2023-07-14 20:00:00,29.153407930524633,1.964424308252245,0.13724391269572178
2023-07-15 00:00:00,29.153407930524633,1.963186498410944,0.13698447506035993
2023-07-15 04:00:00,29.153407930524633,1.9661086369315863,0.1375961657147545
2023-07-15 08:00:00,29.153407930524633,1.9644230121162858,0.1372422653650043
2023-07-15 12:00:00,29.153407930524633,1.9638669697896698,0.1371257234978918
2023-07-15 16:00:00,29.153407930524633,1.9653614145509477,0.1374387693746293
2023-07-15 20:00:00,29.153407930524633,1.9629668033658128,0.1369364000719977
2023-07-16 00:00:00,33.23249196590568,1.9563876172355044,0.1355595096489759
2023-07-16 04:00:00,33.23249196590568,1.9613919981750476,0.1365997811477596
2023-07-16 08:00:00,33.23249196590568,1.964035467464402,0.13715208888644614
2023-07-16 12:00:00,33.23249196590568,1.9688272821065906,0.13815595169639014
2023-07-16 16:00:00,33.23249196590568,1.9605955226279483,0.13642304209800613
2023-07-16 20:00:00,33.23249196590568,1.9592384682783754,0.13613976059421143
2023-07-17 00:00:00,33.23249196590568,1.9644664326709282,0.1372295725272467
2023-07-17 04:00:00,33.23249196590568,1.9624146494470753,0.13679958503031844
2023-07-17 08:00:00,33.23249196590568,1.9546831984487913,0.13518271070376545
2023-07-17 12:00:00,33.23249196590568,1.9555341117061886,0.13535925403436758
2023-07-17 16:00:00,33.23249196590568,1.9367116253026546,0.13145065785585633
2023-07-17 20:00:00,33.23249196590568,1.9531472773368104,0.13479727473565448
2023-07-18 00:00:00,33.23249196590568,1.948997049994563,0.1339379857177298
2023-07-18 04:00:00,33.23249196590568,1.9421385465649872,0.13252400594634214
2023-07-18 08:00:00,33.23249196590568,1.9366869987194242,0.13140802846824726
2023-07-18 12:00:00,33.23249196590568,1.9385009409947132,0.13177726713971336
2023-07-18 16:00:00,33.23249196590568,1.925798160523853,0.12918670193524143
2023-07-18 20:00:00,33.23249196590568,1.935074605585834,0.1310535538740471
2023-07-19 00:00:00,33.23249196590568,1.9480346690446508,0.1336867273493358
2023-07-19 04:00:00,33.23249196590568,1.944248007839037,0.13290713186440412
2023-07-19 08:00:00,33.23249196590568,1.9450224490748247,0.13306595228705248
2023-07-19 12:00:00,33.23249196590568,1.9413822512326318,0.13231883536927846
2023-07-19 16:00:00,33.23249196590568,1.947075528434637,0.13348294585034243
2023-07-19 20:00:00,33.23249196590568,1.9383201300283657,0.13168225087837784
2023-07-20 00:00:00,33.23249196590568,1.9408346337897522,0.13219472894123013
2023-07-20 04:00:00,33.23249196590568,1.957344813641578,0.13556836837287198
2023-07-20 08:00:00,33.23249196590568,1.9626673959591732,0.13667431628041135
2023-07-20 12:00:00,33.23249196590568,1.9319023128250126,0.13024714979566449
2023-07-20 16:00:00,33.23249196590568,1.9283910805107878,0.1295369772395851
2023-07-20 20:00:00,33.23249196590568,1.9312425796216384,0.13011161364890167
2023-07-21 00:00:00,33.23249196590568,1.9375690192398485,0.131390287715117
2023-07-21 04:00:00,33.23249196590568,1.9290916419968853,0.12966568587028646
2023-07-21 08:00:00,33.23249196590568,1.9298498815331795,0.1298185831936491
2023-07-21 12:00:00,33.23249196590568,1.9355198282879142,0.13096281383281932
2023-07-21 16:00:00,33.23249196590568,1.9361672481996737,0.13109423268805845
2023-07-21 20:00:00,33.23249196590568,1.9378347271115417,0.13143293824463387
2023-07-22 00:00:00,33.23249196590568,1.9379442506001172,0.13145522341742322
2023-07-22 04:00:00,33.23249196590568,1.940624659764317,0.1320006784047185
2023-07-22 08:00:00,33.23249196590568,1.9368768826374876,0.13123591054387215
2023-07-22 12:00:00,33.23249196590568,1.9377388130505402,0.13141111459054605
2023-07-22 16:00:00,33.23249196590568,1.9335756243486981,0.13056411302788667
2023-07-22 20:00:00,33.23249196590568,1.930853738833795,0.1300127295233447
2023-07-23 00:00:00,33.23249196590568,1.934205546425004,0.1306898046093634
2023-07-23 04:00:00,33.23249196590568,1.9387601681866085,0.13161304045034292
2023-07-23 08:00:00,33.23249196590568,1.9369831657861647,0.13125114418388198
2023-07-23 12:00:00,33.23249196590568,1.9375703153758077,0.13137050101177128
2023-07-23 16:00:00,33.23249196590568,1.950238748243742,0.1339473236845088
2023-07-23 20:00:00,33.23249196590568,1.9496315085467268,0.13382220341553133
2023-07-24 00:00:00,33.23249196590568,1.925799456659812,0.12891472574894777
2023-07-24 04:00:00,33.23249196590568,1.9330571699649068,0.13037223906954074
2023-07-24 08:00:00,33.23249196590568,1.896894328627502,0.12305538780999996
2023-07-24 12:00:00,33.23249196590568,1.8854747227565243,0.12083294872963124
2023-07-24 16:00:00,33.23249196590568,1.8870436953354723,0.12113459729734005
2023-07-24 20:00:00,33.23249196590568,1.890835541084924,0.12186482475684537
2023-07-25 00:00:00,33.23249196590568,1.8865906958176348,0.12104408073118361
2023-07-25 04:00:00,33.23249196590568,1.8886295176818932,0.12143651453075799
2023-07-25 08:00:00,33.23249196590568,1.8877112053546035,0.1212593755303887
2023-07-25 12:00:00,33.23249196590568,1.891160223142773,0.12192403081558327
2023-07-25 16:00:00,33.23249196590568,1.8922826768836811,0.1221411262517406
2023-07-25 20:00:00,33.23249196590568,1.8942320653667355,0.12251860765195277
2023-07-26 00:00:00,33.23249196590568,1.8951328798585723,0.12269340123608184
2023-07-26 04:00:00,33.23249196590568,1.8934349417516567,0.12236362098113522
2023-07-26 08:00:00,33.23249196590568,1.8907636055391734,0.12184571403126913
2023-07-26 12:00:00,33.23249196590568,1.9003945437860716,0.12370764200160853
2023-07-26 16:00:00,33.23249196590568,1.9054449375521763,0.12469391978170524
2023-07-26 20:00:00,33.23249196590568,1.9022065418574214,0.12405814976543503
2023-07-27 00:00:00,33.23249196590568,1.9056944437243757,0.12474057195670016
2023-07-27 04:00:00,33.23249196590568,1.9061085591634288,0.12482189191367496
2023-07-27 08:00:00,33.23249196590568,1.912256132019231,0.12602961694725098
2023-07-27 12:00:00,33.23249196590568,1.8983213743188874,0.12327445437385767
2023-07-27 16:00:00,33.23249196590568,1.8900144389545956,0.12165613051404328
2023-07-27 20:00:00,33.23249196590568,1.8938347996951554,0.12239385552071787
2023-07-28 00:00:00,33.23249196590568,1.8958483469082037,0.12278424723817545
2023-07-28 04:00:00,33.23249196590568,1.8885219383972565,0.12136076699708488
2023-07-28 08:00:00,33.23249196590568,1.8927855776359583,0.12218274081325382
2023-07-28 12:00:00,33.23249196590568,1.9045415307884201,0.12445934508477516
2023-07-28 16:00:00,33.23249196590568,1.8998760894022804,0.12354470326143303
2023-07-28 20:00:00,33.23249196590568,1.8997555487580489,0.1235211877939682
2023-07-29 00:00:00,33.23249196590568,1.9034981413410406,0.12425121247780016
2023-07-29 04:00:00,33.23249196590568,1.8985157947128086,0.12327554153371449
2023-07-29 08:00:00,33.23249196590568,1.8967109253892362,0.1229239570319464
2023-07-29 12:00:00,33.23249196590568,1.8983427605622185,0.12324122989730789
2023-07-29 16:00:00,33.23249196590568,1.9013031350936653,0.12381779626739398
2023-07-29 20:00:00,33.23249196590568,1.9022674602475167,0.12400619434011247
2023-07-30 00:00:00,33.23249196590568,1.8998060980604685,0.12352483591273004
2023-07-30 04:00:00,33.23249196590568,1.898470429954227,0.12326430166585223
2023-07-30 08:00:00,33.23249196590568,1.8997464758063325,0.12351285581508464
2023-07-30 12:00:00,33.23249196590568,1.9020386922506687,0.12395994420733883
2023-07-30 16:00:00,33.23249196590568,1.8925062603366907,0.12209619706113528
2023-07-30 20:00:00,33.23249196590568,1.8976136840850122,0.12308472274718321
2023-07-31 00:00:00,33.23249196590568,1.9067449619195322,0.12486156617429728
2023-07-31 04:00:00,33.23249196590568,1.903609609033556,0.124245618452388
2023-07-31 08:00:00,33.23249196590568,1.9057080531519501,0.12465650493778987
2023-07-31 12:00:00,33.23249196590568,1.8954679310040972,0.12264701901211075
2023-07-31 16:00:00,33.23249196590568,1.889602915787461,0.12150852446781103
2023-07-31 20:00:00,33.23249196590568,1.8944485200719678,0.12244329582402474
2023-08-01 00:00:00,33.23249196590568,1.8687040195768438,0.11745148719491541
2023-08-01 04:00:00,33.23249196590568,1.875333755009572,0.11870156041912627
2023-08-01 08:00:00,33.23249196590568,1.8704661164137537,0.11777725087368694
2023-08-01 12:00:00,33.23249196590568,1.8764160285357356,0.11890119151049029
2023-08-01 16:00:00,33.23249196590568,1.8971807746745468,0.1228485353080875
2023-08-01 20:00:00,33.23249196590568,1.9251500925441143,0.12828184421524544
2023-08-02 00:00:00,33.23249196590568,1.9204172520880816,0.12733572966901693
2023-08-02 04:00:00,33.23249196590568,1.9168075134409364,0.1266176846128466
2023-08-02 08:00:00,33.23249196590568,1.9158503170348624,0.1264279973461696
2023-08-02 12:00:00,33.23249196590568,1.9002260461113396,0.12333483511116963
2023-08-02 16:00:00,33.23249196590568,1.8892192595434558,0.12119163713338402
2023-08-02 20:00:00,33.23249196590568,1.8914518537336558,0.12162129358050842
2023-08-03 00:00:00,33.23249196590568,1.8912010514254969,0.1215729134415833
2023-08-03 04:00:00,33.23249196590568,1.8822596575090407,0.11984856270505041
2023-08-03 08:00:00,33.23249196590568,1.8888595818147007,0.12110926779242759
2023-08-03 12:00:00,33.23249196590568,1.8961866383936277,0.12251864909195488
2023-08-03 16:00:00,33.23249196590568,1.8976285896485463,0.1227981562610784
2023-08-03 20:00:00,33.23249196590568,1.8919463296021966,0.12169503567010388
2023-08-04 00:00:00,33.23249196590568,1.8898498296877415,0.12129047826610138
2023-08-04 04:00:00,33.23249196590568,1.8931958046671329,0.12193471184351294
2023-08-04 08:00:00,33.23249196590568,1.890252927971139,0.12136608789922934
2023-08-04 12:00:00,33.23249196590568,1.8971723497908104,0.12269889867447216
2023-08-04 16:00:00,33.23249196590568,1.8814748471855771,0.11965320867933679
2023-08-04 20:00:00,33.23249196590568,1.8867844681435773,0.12066621162026811
2023-08-05 00:00:00,33.23249196590568,1.8855233278550054,0.12042424913301053
2023-08-05 04:00:00,33.23249196590568,1.8828195882435352,0.1199062033346599
2023-08-05 08:00:00,33.23249196590568,1.8825078675452807,0.11984664811386989
2023-08-05 12:00:00,33.23249196590568,1.8820859752904708,0.11976607096440474
2023-08-05 16:00:00,33.23249196590568,1.8837618790860753,0.12008600812277431
2023-08-05 20:00:00,33.23249196590568,1.8840716555803907,0.1201452509968747
2023-08-06 00:00:00,33.23249196590568,1.8835441282448835,0.12004433142100107
2023-08-06 04:00:00,33.23249196590568,1.885403435278754,0.12039983029109447
2023-08-06 08:00:00,33.23249196590568,1.8844527195524772,0.12021769524780827
2023-08-06 12:00:00,33.23249196590568,1.880235093140337,0.11941051130295847
2023-08-06 16:00:00,33.23249196590568,1.8851001394642362,0.12033742358829257
2023-08-06 20:00:00,33.23249196590568,1.885127358319385,0.12034263622421529
2023-08-07 00:00:00,33.23249196590568,1.8899392630689458,0.1212641824002862
2023-08-07 04:00:00,33.23249196590568,1.8854948128638973,0.120408674557999
2023-08-07 08:00:00,33.23249196590568,1.8853230748492664,0.12037577272251503
2023-08-07 12:00:00,33.23249196590568,1.8702230909213522,0.11748342139397858
2023-08-07 16:00:00,33.23249196590568,1.8894363623166688,0.12110423145238851
2023-08-07 20:00:00,33.23249196590568,1.893075264022902,0.12180394233430016
2023-08-08 00:00:00,33.23249196590568,1.8920396513912794,0.12160404267316131
2023-08-08 04:00:00,33.23249196590568,1.8915561926783941,0.12151082496404643
2023-08-08 08:00:00,33.23249196590568,1.907823347037818,0.12464576013596784
2023-08-08 12:00:00,33.23249196590568,1.9140940528097707,0.125874831300362
2023-08-08 16:00:00,33.23249196590568,1.936701904282959,0.1303350502003797
2023-08-08 20:00:00,33.23249196590568,1.9293255945375718,0.12884583025563884
2023-08-09 00:00:00,33.23249196590568,1.925799456659813,0.12813937381758295
2023-08-09 04:00:00,33.23249196590568,1.932409101985169,0.12945875701226373
2023-08-09 08:00:00,33.23249196590568,1.9369663160186923,0.1303746675152923
2023-08-09 12:00:00,33.23249196590568,1.9287604792592394,0.12871769511930756
2023-08-09 16:00:00,33.23249196590568,1.9063710266952232,0.1242351498369663
2023-08-09 20:00:00,33.23249196590568,1.9171140495953534,0.12633546668139506
2023-08-10 00:00:00,33.23249196590568,1.9171555259460564,0.1263436664034566
2023-08-10 04:00:00,33.23249196590568,1.912578221805161,0.12543871104707924
2023-08-10 08:00:00,33.23249196590568,1.9120604154893497,0.12533682822301448
2023-08-10 12:00:00,33.23249196590568,1.9095971090983626,0.12485241412058332
2023-08-10 16:00:00,33.23249196590568,1.9082050590778836,0.12457937096691703
2023-08-10 20:00:00,33.23249196590568,1.9089328394191303,0.12472191290707688
2023-08-11 00:00:00,33.23249196590568,1.906097542007773,0.12416617248053695
2023-08-11 04:00:00,33.23249196590568,1.906439721901075,0.12423304287942483
2023-08-11 08:00:00,33.23249196590568,1.9082983808669658,0.12459640111680591
2023-08-11 12:00:00,33.23249196590568,1.9050535044924137,0.1239608088178367
2023-08-11 16:00:00,33.23249196590568,1.905109886406651,0.12397181504050979
2023-08-11 20:00:00,33.23249196590568,1.9070067813833464,0.12434212677141848
2023-08-12 00:00:00,33.23249196590568,1.9054540105038924,0.12403839187845708
2023-08-12 04:00:00,33.23249196590568,1.906712558520545,0.1242841731010322
2023-08-12 08:00:00,33.23249196590568,1.9072543433516065,0.12439011766948785
2023-08-12 12:00:00,33.23249196590568,1.9078350122614525,0.12450373042534477
2023-08-12 16:00:00,33.23249196590568,1.906367138287344,0.12421635371132668
2023-08-12 20:00:00,33.23249196590568,1.9072750815269581,0.12439383484232704
2023-08-13 00:00:00,33.23249196590568,1.9065226746024815,0.12424661730102309
2023-08-13 04:00:00,33.23249196590568,1.9050839636874612,0.12396533824751915
2023-08-13 08:00:00,33.23249196590568,1.9042427714497603,0.12380112709105767
2023-08-13 12:00:00,33.23249196590568,1.90364784504436,0.12368509268521029
2023-08-13 16:00:00,33.23249196590568,1.908100720133145,0.1245530383026297
2023-08-13 20:00:00,33.23249196590568,1.8990880387389175,0.12278810497537912
2023-08-14 00:00:00,33.23249196590568,1.9053140278202683,0.12399575420274843
2023-08-14 04:00:00,33.23249196590568,1.906746258055491,0.12427537813709524
2023-08-14 08:00:00,33.23249196590568,1.9059672803438452,0.12412306460937833
2023-08-14 12:00:00,33.23249196590568,1.9182805719588827,0.1265287147584381
2023-08-14 16:00:00,33.23249196590568,1.9027625841840368,0.12345804134784827
2023-08-14 20:00:00,33.23249196590568,1.907324334693418,0.12434598940981936
2023-08-15 00:00:00,33.23249196590568,1.9054501220960134,0.1239794274954933
2023-08-15 04:00:00,33.23249196590568,1.9058927525261748,0.12406582765893051
2023-08-15 08:00:00,33.23249196590568,1.903116429300974,0.12352364577855966
2023-08-15 12:00:00,33.23249196590568,1.9009557706565245,0.1231029267480219
2023-08-15 16:00:00,33.23249196590568,1.8911744806383268,0.12120266355326775
2023-08-15 20:00:00,33.23249196590568,1.8923585008373098,0.12143031002896867
2023-08-16 00:00:00,33.23249196590568,1.894206142647545,0.12178599271447474
2023-08-16 04:00:00,33.23249196590568,1.8922075009980304,0.1214004910229433
2023-08-16 08:00:00,33.23249196590568,1.8900688766648923,0.12098886062191229
2023-08-16 12:00:00,33.23249196590568,1.8863023055666504,0.1202655327825081
2023-08-16 16:00:00,33.23249196590568,1.8866360605762158,0.12032937073243655
2023-08-16 20:00:00,33.23249196590568,1.8619323572565523,0.11560257502869911
2023-08-17 00:00:00,33.23249196590568,1.8571884996448642,0.114718973398366
2023-08-17 04:00:00,33.23249196590568,1.8548995235404269,0.1142948016103897
2023-08-17 08:00:00,33.23249196590568,1.849917176912195,0.11337379810771847
2023-08-17 12:00:00,33.23249196590568,1.810314390738336,0.10609252356167757
2023-08-17 16:00:00,33.23249196590568,1.807721470751401,0.1056366534218585
2023-08-17 20:00:00,33.23249196590568,1.7253779532457887,0.09120108838429525
2023-08-18 00:00:00,33.23249196590568,1.7107698529144963,0.0888845965450413
2023-08-18 04:00:00,33.23249196590568,1.7128430223816808,0.08920773673484461
2023-08-18 08:00:00,33.23249196590568,1.716991305519989,0.08985588536014459
2023-08-18 12:00:00,33.23249196590568,1.68510636091684,0.08484994866536187
2023-08-18 16:00:00,33.23249196590568,1.689189837257174,0.08546679297719223
2023-08-18 20:00:00,33.23249196590568,1.6884763144114818,0.08535848808216107
2023-08-19 00:00:00,33.23249196590568,1.682871174454721,0.0845084087506696
2023-08-19 04:00:00,33.23249196590568,1.6796619418190546,0.08402493655006205
2023-08-19 08:00:00,33.23249196590568,1.6785012520673426,0.08385074635086703
2023-08-19 12:00:00,33.23249196590568,1.6989756637512305,0.08691918856741185
2023-08-19 16:00:00,33.23249196590568,1.6931177772823716,0.08602012435574025
2023-08-19 20:00:00,33.23249196590568,1.6914580751862605,0.08576715710924994
2023-08-20 00:00:00,33.23249196590568,1.6917970147396642,0.08581871596670039
2023-08-20 04:00:00,33.23249196590568,1.6907082605337027,0.0856530303309919
2023-08-20 08:00:00,33.23249196590568,1.6964281085228774,0.08652235058820314
2023-08-20 12:00:00,33.23249196590568,1.6919000575484424,0.08582952261879549
2023-08-20 16:00:00,33.23249196590568,1.6938714803428077,0.08612955147079285
2023-08-20 20:00:00,33.23249196590568,1.69728939086795,0.08665093063783257
2023-08-21 00:00:00,33.23249196590568,1.6908521316252043,0.08566501537704901
2023-08-21 04:00:00,33.23249196590568,1.6864893379856025,0.08500190810013271
2023-08-21 08:00:00,33.23249196590568,1.6870246421368666,0.08508284879731919
2023-08-21 12:00:00,33.23249196590568,1.68106176865529,0.08418065996706967
2023-08-21 16:00:00,33.23249196590568,1.6913109637548593,0.08572037258864065
2023-08-21 20:00:00,33.23249196590568,1.6932020261197367,0.08600790558637947
2023-08-22 00:00:00,33.23249196590568,1.6886052799394495,0.0853074165034824
2023-08-22 04:00:00,33.23249196590568,1.691890984596725,0.08580539251783376
2023-08-22 08:00:00,33.23249196590568,1.688193756772315,0.0852428703087974
2023-08-22 12:00:00,33.23249196590568,1.6808686443973275,0.0841332578576077
2023-08-22 16:00:00,33.23249196590568,1.6707186036986583,0.08260912449796758
2023-08-22 20:00:00,33.23249196590568,1.688605928007429,0.08526245498250429
2023-08-23 00:00:00,33.23249196590568,1.6853863262840867,0.08477475478713307
2023-08-23 04:00:00,33.23249196590568,1.6886791596891395,0.08527164230802041
2023-08-23 08:00:00,33.23249196590568,1.6810552879754923,0.08411671588276383
2023-08-23 12:00:00,33.23249196590568,1.6943089262291307,0.08610627422394757
2023-08-23 16:00:00,33.23249196590568,1.7259346436403844,0.09092801479401565
2023-08-23 20:00:00,33.23249196590568,1.7130199449401495,0.08888684611106079
2023-08-24 00:00:00,33.23249196590568,1.7136220000933267,0.08898056618228746
2023-08-24 04:00:00,33.23249196590568,1.715914216537663,0.08933763918383325
2023-08-24 08:00:00,33.23249196590568,1.7137522617572545,0.08899995807907447
2023-08-24 12:00:00,33.23249196590568,1.6847395544403077,0.08447982446480097
2023-08-24 16:00:00,33.23249196590568,1.6875327274329817,0.08490000827926476
2023-08-24 20:00:00,33.23249196590568,1.6966452112960893,0.08627535930418861
2023-08-25 00:00:00,33.23249196590568,1.6918462679061235,0.08554327242622524
2023-08-25 04:00:00,33.23249196590568,1.6837130147604016,0.08430956974988747
2023-08-25 08:00:00,33.23249196590568,1.6912241226455744,0.08543789435495806
2023-08-25 12:00:00,33.23249196590568,1.680570533126648,0.08382328826526617
2023-08-25 16:00:00,33.23249196590568,1.6831854874248942,0.08421457336212178
2023-08-25 20:00:00,33.23249196590568,1.6888658032673045,0.0850671805978743
2023-08-26 00:00:00,33.23249196590568,1.6906246597643158,0.08533295831032642
2023-08-26 04:00:00,33.23249196590568,1.688269580725945,0.08497634598912646
2023-08-26 08:00:00,33.23249196590568,1.687949435143954,0.0849280039434258
2023-08-26 12:00:00,33.23249196590568,1.6884763144114816,0.08500753263707973
2023-08-26 16:00:00,33.23249196590568,1.6871937878795786,0.08481382352474906
2023-08-26 20:00:00,33.23249196590568,1.6861024414016983,0.08464924029504972
2023-08-27 00:00:00,33.23249196590568,1.6863999046043985,0.08469404190408489
2023-08-27 04:00:00,33.23249196590568,1.687802971780533,0.08490543558932881
2023-08-27 08:00:00,33.23249196590568,1.6888936701904331,0.08507003932294732
2023-08-27 12:00:00,33.23249196590568,1.6928928976934015,0.08567436589532514
2023-08-27 16:00:00,33.23249196590568,1.6931093523986342,0.08570722908408529
2023-08-27 20:00:00,33.23249196590568,1.6915721351506938,0.08547378173356196
2023-08-28 00:00:00,33.23249196590568,1.6858179395585928,0.08460151708482859
2023-08-28 04:00:00,33.23249196590568,1.6807072754703725,0.08383209247788509
2023-08-28 08:00:00,33.23249196590568,1.685040906050886,0.08448056468638836
2023-08-28 12:00:00,33.23249196590568,1.691727671465831,0.08548630000619827
2023-08-28 16:00:00,33.23249196590568,1.6847343698964696,0.08442614448694574
2023-08-28 20:00:00,33.23249196590568,1.6927535630777577,0.08563172841926694
2023-08-29 00:00:00,33.23249196590568,1.690368024844339,0.08526969504371792
2023-08-29 04:00:00,33.23249196590568,1.6852489358723821,0.08449500607221906
2023-08-29 08:00:00,33.23249196590568,1.6833922211104304,0.08421573019478744
2023-08-29 12:00:00,33.23249196590568,1.777225335828832,0.0982984095134233
2023-08-29 16:00:00,33.23249196590568,1.8036593806543981,0.10268461397097099
2023-08-29 20:00:00,33.23249196590568,1.7962072469553816,0.1014118357285526
2023-08-30 00:00:00,33.23249196590568,1.775131428186296,0.09784208484182487
2023-08-30 04:00:00,33.23249196590568,1.7780555109108773,0.0983255955478158
2023-08-30 08:00:00,33.23249196590568,1.7717212944769103,0.0972747583843357
2023-08-30 12:00:00,33.23249196590568,1.7628505399702459,0.09581363607800143
2023-08-30 16:00:00,33.23249196590568,1.7613373012375555,0.0955668955257895
2023-08-30 20:00:00,33.23249196590568,1.7692249366189567,0.09685080092978608
2023-08-31 00:00:00,33.23249196590568,1.7638641182905572,0.09597041618390391
2023-08-31 04:00:00,33.23249196590568,1.7667000637698942,0.09643332066464802
2023-08-31 08:00:00,33.23249196590568,1.7694822196069129,0.09688890313414385
2023-08-31 12:00:00,33.23249196590568,1.7447292631207891,0.09282282079091382
2023-08-31 16:00:00,33.23249196590568,1.6955266459630598,0.08496981033580173
2023-08-31 20:00:00,33.23249196590568,1.6811388887448784,0.08280672135416196
2023-09-01 00:00:00,33.23249196590568,1.6902267460247555,0.08414962467497505
2023-09-01 04:00:00,33.23249196590568,1.6843883015952885,0.08327760633439292
2023-09-01 08:00:00,33.23249196590568,1.6880544221566713,0.08382137479549437
2023-09-01 12:00:00,33.23249196590568,1.6727282625038282,0.08153828530103023
2023-09-01 16:00:00,33.23249196590568,1.6620131065268269,0.07997133244081493
2023-09-01 20:00:00,33.23249196590568,1.6723426620558834,0.08146241873117455
2023-09-02 00:00:00,33.23249196590568,1.6718909586740058,0.08139640920297492
2023-09-02 04:00:00,33.23249196590568,1.6717218129312938,0.08137170450076221
2023-09-02 08:00:00,33.23249196590568,1.672892871770682,0.08154270972381054
2023-09-02 12:00:00,33.23249196590568,1.6781564799021202,0.08231241030154232
2023-09-02 16:00:00,33.23249196590568,1.6741792867104632,0.0817271746067293
2023-09-02 20:00:00,33.23249196590568,1.67652010825328,0.08206998507954706
2023-09-03 00:00:00,33.23249196590568,1.6761571901846264,0.08201668775194651
2023-09-03 04:00:00,33.23249196590568,1.6821395057055952,0.08289485664981024
2023-09-03 08:00:00,33.23249196590568,1.6813073864196106,0.08277183758624279
2023-09-03 12:00:00,33.23249196590568,1.676778687377196,0.08210298533832522
2023-09-03 16:00:00,33.23249196590568,1.6856999911862802,0.08341347255053158
2023-09-03 20:00:00,33.23249196590568,1.6831109596072238,0.0830291334943272
2023-09-04 00:00:00,33.23249196590568,1.6841705507540967,0.08318594478644245
2023-09-04 04:00:00,33.23249196590568,1.682705917119887,0.0829689175989527
2023-09-04 08:00:00,33.23249196590568,1.67800936847072,0.08227420162884576
2023-09-04 12:00:00,33.23249196590568,1.672937588461284,0.08152818079197682
2023-09-04 16:00:00,33.23249196590568,1.678054085161322,0.08227621587265052
2023-09-04 20:00:00,33.23249196590568,1.6737016606093962,0.0816360082205189
2023-09-05 00:00:00,33.23249196590568,1.665045416604025,0.0803693645466565
2023-09-05 04:00:00,33.23249196590568,1.6678392376646791,0.08077392580557963
2023-09-05 08:00:00,33.23249196590568,1.670957740783182,0.08122701576862269
2023-09-05 12:00:00,33.23249196590568,1.6693822875244368,0.08099726244171179
2023-09-05 16:00:00,33.23249196590568,1.6644932626852873,0.08028562623182746
2023-09-05 20:00:00,33.23249196590568,1.6715034140221219,0.08130001493980517
2023-09-06 00:00:00,33.23249196590568,1.6709045992088434,0.08121263793622147
2023-09-06 04:00:00,33.23249196590568,1.667409568594112,0.08070302058998054
2023-09-06 08:00:00,33.23249196590568,1.6676921262332782,0.08074404816125215
2023-09-06 12:00:00,33.23249196590568,1.6582776426916126,0.07937659519938232
2023-09-06 16:00:00,33.23249196590568,1.6648568288219212,0.08032137075583119
2023-09-06 20:00:00,33.23249196590568,1.6694198754672622,0.08098180621496182
2023-09-07 00:00:00,33.23249196590568,1.6744702692333668,0.08171677411959657
2023-09-07 04:00:00,33.23249196590568,1.6696104074533054,0.08100526749932872
2023-09-07 08:00:00,33.23249196590568,1.6660920463913034,0.08049316160136401
2023-09-07 12:00:00,33.23249196590568,1.6706771273479555,0.08115771251233893
2023-09-07 16:00:00,33.23249196590568,1.6772005796320064,0.08210839614185157
2023-09-07 20:00:00,33.23249196590568,1.7015024808042318,0.085677540141707
2023-09-08 00:00:00,33.23249196590568,1.7013599058486892,0.08565600246260073
2023-09-08 04:00:00,33.23249196590568,1.70158154509776,0.08568947815225161
2023-09-08 08:00:00,33.23249196590568,1.674575904314064,0.08160956918887169
2023-09-08 12:00:00,33.23249196590568,1.6749083631876702,0.081658175809888
2023-09-08 16:00:00,33.23249196590568,1.6782122137483786,0.08214140178666167
2023-09-08 20:00:00,33.23249196590568,1.6791765389022302,0.08228300072021713
2023-09-09 00:00:00,33.23249196590568,1.6768758975741576,0.08194479267418549
2023-09-09 04:00:00,33.23249196590568,1.6775984933715664,0.08205072710181648
2023-09-09 08:00:00,33.23249196590568,1.6761001602024101,0.08183087832431259
2023-09-09 12:00:00,33.23249196590568,1.6781130593474791,0.08212570075007863
2023-09-09 16:00:00,33.23249196590568,1.6764501169114694,0.08188155096749346
2023-09-09 20:00:00,33.23249196590568,1.6786004064682427,0.08219662573559126
2023-09-10 00:00:00,33.23249196590568,1.6759938770537333,0.0818137211647458
2023-09-10 04:00:00,33.23249196590568,1.6754015429202522,0.08172697670768697
2023-09-10 08:00:00,33.23249196590568,1.671712739979579,0.0811871514103684
2023-09-10 12:00:00,33.23249196590568,1.6703958658447495,0.0809952884355595
2023-09-10 16:00:00,33.23249196590568,1.672015387726117,0.08123087386400413
2023-09-10 20:00:00,33.23249196590568,1.6747119985898102,0.0816238990571996
2023-09-11 00:00:00,33.23249196590568,1.668152254498894,0.08066475165161188
2023-09-11 04:00:00,33.23249196590568,1.6729000005184607,0.08135349409560717
2023-09-11 08:00:00,33.23249196590568,1.659136332764768,0.07934550354688295
2023-09-11 12:00:00,33.23249196590568,1.6276855937080437,0.07483326182551886
2023-09-11 16:00:00,33.23249196590568,1.6215088577931531,0.0739813307810969
2023-09-11 20:00:00,33.23249196590568,1.6307023501537279,0.07523968986330413
2023-09-12 00:00:00,33.23249196590568,1.6718838299262302,0.08093996085249398
2023-09-12 04:00:00,33.23249196590568,1.673487150108104,0.08117282273637369
2023-09-12 08:00:00,33.23249196590568,1.6913919722523278,0.08377825347531694
2023-09-12 12:00:00,33.23249196590568,1.6983250034995736,0.08480847696942027
2023-09-12 16:00:00,33.23249196590568,1.6892753822305009,0.08345275660600578
2023-09-12 20:00:00,33.23249196590568,1.6746141403248698,0.08127989409022658
2023-09-13 00:00:00,33.23249196590568,1.6771506783975676,0.08164923806196335
2023-09-13 04:00:00,33.23249196590568,1.6771940989522098,0.08165557963028235
2023-09-13 08:00:00,33.23249196590568,1.697835064106891,0.08467034692803319
2023-09-13 12:00:00,33.23249196590568,1.7006152757399706,0.08508629101203061
2023-09-13 16:00:00,33.23249196590568,1.6940503471052164,0.0841009086573175
2023-09-13 20:00:00,33.23249196590568,1.699363856471095,0.0848922740968273
2023-09-14 00:00:00,33.23249196590568,1.702194617406594,0.08531650884618465
2023-09-14 04:00:00,33.23249196590568,1.7072994488829967,0.0860840939308062
2023-09-14 08:00:00,33.23249196590568,1.7138903002369403,0.0870810499142596
2023-09-14 12:00:00,33.23249196590568,1.7299507209108274,0.08952909159024101
2023-09-14 16:00:00,33.23249196590568,1.7289248292989008,0.08936981454903578
2023-09-14 20:00:00,33.23249196590568,1.71885320482578,0.08780797820522783
2023-09-15 00:00:00,33.23249196590568,1.72485820272604,0.08872827795497039
2023-09-15 04:00:00,33.23249196590568,1.721637304866738,0.08823122019090657
2023-09-15 08:00:00,33.23249196590568,1.7125300055474686,0.08683101563682631
2023-09-15 12:00:00,33.23249196590568,1.7057933388980835,0.08580630084886118
2023-09-15 16:00:00,33.23249196590568,1.710729672699754,0.08655123612375824
2023-09-15 20:00:00,33.23249196590568,1.7238608261052217,0.08854427612962958
2023-09-16 00:00:00,33.23249196590568,1.7249256017959325,0.0887083493390442
2023-09-16 04:00:00,33.23249196590568,1.7170237089189773,0.08748922915257559
2023-09-16 08:00:00,33.23249196590568,1.7189413420710242,0.08778236240181124
2023-09-16 12:00:00,33.23249196590568,1.7178415707094072,0.08761387405518457
2023-09-16 16:00:00,33.23249196590568,1.7195058092813766,0.08786851404840948
2023-09-16 20:00:00,33.23249196590568,1.7212471679429349,0.08813546970018549
2023-09-17 00:00:00,33.23249196590568,1.7192757451485696,0.08783263299457739
2023-09-17 04:00:00,33.23249196590568,1.71711638264008,0.08750168696353099
2023-09-17 08:00:00,33.23249196590568,1.7217008155287523,0.08820253452794563
2023-09-17 12:00:00,33.23249196590568,1.7206191900705683,0.0880362998849206
2023-09-17 16:00:00,33.23249196590568,1.7177139013173994,0.08759034843894878
2023-09-17 20:00:00,33.23249196590568,1.7191629813200953,0.08781202462539872
2023-09-18 00:00:00,33.23249196590568,1.7276623928743697,0.08911443261954757
2023-09-18 04:00:00,33.23249196590568,1.731032994436991,0.08963600890738903
2023-09-18 08:00:00,33.23249196590568,1.762549188359669,0.09453190490982016
2023-09-18 12:00:00,33.23249196590568,1.767243792804897,0.09528727089438913
2023-09-18 16:00:00,33.23249196590568,1.7377806782420318,0.09052144324201707
2023-09-18 20:00:00,33.23249196590568,1.7343925788439571,0.08999198233040527
2023-09-19 00:00:00,33.23249196590568,1.7380159269186766,0.0905559935235362
2023-09-19 04:00:00,33.23249196590568,1.7398817146323446,0.09084763341733412
2023-09-19 08:00:00,33.23249196590568,1.765179048221449,0.09481032157425509
2023-09-19 12:00:00,33.23249196590568,1.7771475676712651,0.09673886108238282
2023-09-19 16:00:00,33.23249196590568,1.76180131791105,0.09423274608547061
2023-09-19 20:00:00,33.23249196590568,1.7634098226367618,0.09449084638745299
2023-09-20 00:00:00,33.23249196590568,1.7575266615166931,0.09354511352399787
2023-09-20 04:00:00,33.23249196590568,1.756628439296775,0.09340168873044254
2023-09-20 08:00:00,33.23249196590568,1.7561397960400522,0.09332374378031477
2023-09-20 12:00:00,33.23249196590568,1.761489597212796,0.09417663170252898
2023-09-20 16:00:00,33.23249196590568,1.7452866015833663,0.09157779111734757
2023-09-20 20:00:00,33.23249196590568,1.757884395041509,0.0935608661552284
2023-09-21 00:00:00,33.23249196590568,1.7520517832238598,0.09262956905432843
2023-09-21 04:00:00,33.23249196590568,1.7491426060628124,0.09216815148212402
2023-09-21 08:00:00,33.23249196590568,1.7323362591442457,0.08951140424502206
2023-09-21 12:00:00,33.23249196590568,1.722825213473599,0.08803707087124853
2023-09-21 16:00:00,33.23249196590568,1.723857585765323,0.08819533480638465
2023-09-21 20:00:00,33.23249196590568,1.7217921931138955,0.08787832834731844
2023-09-22 00:00:00,33.23249196590568,1.725660510884956,0.08847063205376442
2023-09-22 04:00:00,33.23249196590568,1.7287083745936676,0.08893940286996364
2023-09-22 08:00:00,33.23249196590568,1.7264699477916496,0.08859391195998922
2023-09-22 12:00:00,33.23249196590568,1.7258704849103912,0.08850162753570472
2023-09-22 16:00:00,33.23249196590568,1.7199788989065856,0.08759527629788787
2023-09-22 20:00:00,33.23249196590568,1.7225737630974598,0.08799173089259181
2023-09-23 00:00:00,33.23249196590568,1.719466925202592,0.08751562464420591
2023-09-23 04:00:00,33.23249196590568,1.722908814242985,0.08804116962255529
2023-09-23 08:00:00,33.23249196590568,1.7222542655834485,0.08794082670988795
2023-09-23 12:00:00,33.23249196590568,1.7226651406826028,0.08800376636394983
2023-09-23 16:00:00,33.23249196590568,1.7245147266967775,0.08828722923485396
2023-09-23 20:00:00,33.23249196590568,1.722302870681929,0.08794751864382039
2023-09-24 00:00:00,33.23249196590568,1.7219768924881205,0.0878975814804466
2023-09-24 04:00:00,33.23249196590568,1.721491489571296,0.08782324992126271
2023-09-24 08:00:00,33.23249196590568,1.723647611739887,0.08815323875458553
2023-09-24 12:00:00,33.23249196590568,1.7224389649576741,0.08796779575399191
2023-09-24 16:00:00,33.23249196590568,1.7140860167668204,0.08668799927583673
2023-09-24 20:00:00,33.23249196590568,1.701073459801645,0.08471371236536714
2023-09-25 00:00:00,33.23249196590568,1.69518057766188,0.08383331313325647
2023-09-25 04:00:00,33.23249196590568,1.6972388415655304,0.08413868074651144
2023-09-25 08:00:00,33.23249196590568,1.689863827956103,0.08304185706962852
2023-09-25 12:00:00,33.23249196590568,1.700771460123087,0.08464989793610649
2023-09-25 16:00:00,33.23249196590568,1.7064815870925656,0.08550250219805756
2023-09-25 20:00:00,33.23249196590568,1.7047305074113113,0.0852392909883477
2023-09-26 00:00:00,33.23249196590568,1.7079099289199098,0.08571621968875134
2023-09-26 04:00:00,33.23249196590568,1.7026048444377677,0.08491746833909514
2023-09-26 08:00:00,33.23249196590568,1.7027227928100803,0.08493511637505173
2023-09-26 12:00:00,33.23249196590568,1.6931851763522643,0.08350785193622612
2023-09-26 16:00:00,33.23249196590568,1.701029391179023,0.08466848139269255
2023-09-26 20:00:00,33.23249196590568,1.6993424702277629,0.08441658268492173
2023-09-27 00:00:00,33.23249196590568,1.7029956294295507,0.08496100599197458
2023-09-27 04:00:00,33.23249196590568,1.7009412539337787,0.08465353284444009
2023-09-27 08:00:00,33.23249196590568,1.734664119327467,0.08968855628210029
2023-09-27 12:00:00,33.23249196590568,1.7047052327601013,0.08504160027354231
2023-09-27 16:00:00,33.23249196590568,1.702332007818298,0.08468642535594097
2023-09-27 20:00:00,33.23249196590568,1.7091490348971705,0.08570381148076203
2023-09-28 00:00:00,33.23249196590568,1.7095482447726897,0.08576386559052224
2023-09-28 04:00:00,33.23249196590568,1.7147872263208983,0.08655234636731049
2023-09-28 08:00:00,33.23249196590568,1.715885053478576,0.08671858188903164
2023-09-28 12:00:00,33.23249196590568,1.751079681254251,0.09205465298184448
2023-09-28 16:00:00,33.23249196590568,1.7562642250921616,0.09287231089137978
2023-09-28 20:00:00,33.23249196590568,1.7511697627034348,0.09206411616527223
2023-09-29 00:00:00,33.23249196590568,1.747061011711891,0.09141608899514389
2023-09-29 04:00:00,33.23249196590568,1.7614474727941125,0.09367443143046994
2023-09-29 08:00:00,35.82747791996483,1.7478898906579767,0.09151143965616537
2023-09-29 12:00:00,35.82747791996483,1.742562123796544,0.09067462787829317
2023-09-29 16:00:00,35.82747791996483,1.7450215417796526,0.09105855704908741
2023-09-29 20:00:00,35.82747791996483,1.7437539208112833,0.09086011639921357
2023-09-30 00:00:00,35.82747791996483,1.7442944095063855,0.09094460458042422
2023-09-30 04:00:00,35.82747791996483,1.7453604813330559,0.09111135420744097
2023-09-30 08:00:00,35.82747791996483,1.7456372063604046,0.09115469102912535
2023-09-30 12:00:00,35.82747791996483,1.7495431120742904,0.09176657354498985
2023-09-30 16:00:00,35.82747791996483,1.751125046012833,0.09201549908922946
2023-09-30 20:00:00,35.82747791996483,1.7473571787786315,0.09142153433808892
2023-10-01 00:00:00,35.82747791996483,1.7526842975720844,0.09225767713639044
2023-10-01 04:00:00,35.82747791996483,1.7567794391360543,0.09290435648776003
2023-10-01 08:00:00,35.82747791996483,1.761948429342451,0.09372441681767768
2023-10-01 12:00:00,35.82747791996483,1.759710650608413,0.09336731015668479
2023-10-01 16:00:00,35.82747791996483,1.7564599416220432,0.092849878576576
2023-10-01 20:00:00,35.82747791996483,1.8141088287597085,0.10199217447066379
2023-10-02 00:00:00,35.82747791996483,1.8227909954842694,0.10345655144074925
2023-10-02 04:00:00,35.82747791996483,1.8348042316246878,0.10550206513783804
2023-10-02 08:00:00,35.82747791996483,1.8274246815394022,0.10422908283209688
2023-10-02 12:00:00,35.82747791996483,1.8162954101233477,0.10232477383812894
2023-10-02 16:00:00,35.82747791996483,1.8123214572715893,0.10165313117824035
2023-10-02 20:00:00,35.82747791996483,1.7818311549608379,0.09652252696668095
2023-10-03 00:00:00,35.82747791996483,1.788768074615962,0.09764985434438439
2023-10-03 04:00:00,38.09608463923978,1.7848206925513728,0.09700338492928452
2023-10-03 08:00:00,38.09608463923978,1.7860747040921674,0.09720784809699397
2023-10-03 12:00:00,38.09608463923978,1.7721418905957627,0.09493295083516191
2023-10-03 16:00:00,38.09608463923978,1.767605414737591,0.09420389910082715
2023-10-03 20:00:00,38.09608463923978,1.7774210523587148,0.09577326180196127
2023-10-04 00:00:00,38.09608463923978,1.7776783353466712,0.09581485154952846
2023-10-04 04:00:00,38.09608463923978,1.7791915740793611,0.09605953711774753
2023-10-04 08:00:00,38.09608463923978,1.786880900658962,0.09730499010225685
2023-10-04 12:00:00,38.09608463923978,1.7759797491717757,0.09552411633975925
2023-10-04 16:00:00,38.09608463923978,1.7898406271224292,0.09776070960927187
2023-10-04 20:00:00,38.09608463923978,1.8002401739932976,0.09946477264087068
2023-10-05 00:00:00,38.09608463923978,1.7920200797382906,0.0981022714291343
2023-10-05 04:00:00,38.09608463923978,1.7891847823269333,0.0976366252245361
2023-10-05 08:00:00,38.09608463923978,1.7968125424484591,0.09888537621489411
2023-10-05 12:00:00,38.09608463923978,1.785751318170277,0.09705915344823611
2023-10-05 16:00:00,38.09608463923978,1.7803256930439038,0.09617447273765511
2023-10-05 20:00:00,38.09608463923978,1.7763796071152742,0.09553496154869752
2023-10-06 00:00:00,38.09608463923978,1.7860235067217674,0.09709092893493991
2023-10-06 04:00:00,38.09608463923978,1.7911639819370555,0.09792926086944304
2023-10-06 08:00:00,38.09608463923978,1.7990367117549226,0.09922055070085443
2023-10-06 12:00:00,38.09608463923978,1.810774519003952,0.10116264286327578
2023-10-06 16:00:00,38.09608463923978,1.8115029474131785,0.10128472831716417
2023-10-06 20:00:00,38.09608463923978,1.810124506820274,0.10105351426175281
2023-10-07 00:00:00,38.09608463923978,1.8081362342584353,0.10072051739508374
2023-10-07 04:00:00,38.09608463923978,1.807513440929906,0.10061644105654603
2023-10-07 08:00:00,38.09608463923978,1.8108393258019255,0.10117185385449608
2023-10-07 12:00:00,38.09608463923978,1.8106889740306262,0.10114665332916631
2023-10-07 16:00:00,38.09608463923978,1.8058725328052074,0.10033950160201469
2023-10-07 20:00:00,38.09608463923978,1.8117822647124455,0.10132458699990708
2023-10-08 00:00:00,38.09608463923978,1.8187943602532197,0.10250104903705853
2023-10-08 04:00:00,38.09608463923978,1.8084732296078996,0.10075605783599736
2023-10-08 08:00:00,38.09608463923978,1.8023826867343142,0.09973808464185177
2023-10-08 12:00:00,38.09608463923978,1.8076391661179758,0.1006107148377771
2023-10-08 16:00:00,38.09608463923978,1.807784981413417,0.1006350624753758
2023-10-08 20:00:00,38.09608463923978,1.809214619376721,0.10087381604491
2023-10-09 00:00:00,38.09608463923978,1.8095179151912388,0.10092454734987492
2023-10-09 04:00:00,37.57589343849208,1.8024889698829918,0.0997484443929055
2023-10-09 08:00:00,37.57589343849208,1.7801727490006858,0.09604355350880263
2023-10-09 12:00:00,37.57589343849208,1.778513046904575,0.0957749216799546
2023-10-09 16:00:00,37.57589343849208,1.789747305333347,0.09758985391734362
2023-10-09 20:00:00,37.57589343849208,1.7880273329151202,0.09730849823679066
2023-10-10 00:00:00,37.57589343849208,1.790762179789618,0.09775500792492463
2023-10-10 04:00:00,37.57589343849208,1.7920019338348583,0.09795803683834235
2023-10-10 08:00:00,37.57589343849208,1.7827617805797422,0.09644272495859524
2023-10-10 12:00:00,37.57589343849208,1.7762253669360966,0.09538191658231616
2023-10-10 16:00:00,37.57589343849208,1.7755312861297965,0.09527010178876533
2023-10-10 20:00:00,37.57589343849208,1.775065973320344,0.09519519959064617
2023-10-11 00:00:00,37.57589343849208,1.7508236944022544,0.09129492442089082
2023-10-11 04:00:00,37.57589343849208,1.7512060545103005,0.09135473776008181
2023-10-11 08:00:00,37.57589343849208,1.7625025274651276,0.0931226387819133
2023-10-11 12:00:00,37.57589343849208,1.7354910540696142,0.08884114759404763
2023-10-11 16:00:00,37.57589343849208,1.734437295534559,0.08867931941754083
2023-10-11 20:00:00,37.57589343849208,1.7417163950829853,0.08979582953108983
2023-10-12 00:00:00,37.57589343849208,1.7398726416806285,0.0895106602003949
2023-10-12 04:00:00,37.57589343849208,1.7375130261663994,0.0891464770916352
2023-10-12 08:00:00,37.57589343849208,1.7392744749353295,0.08941760073208464
2023-10-12 12:00:00,37.57589343849208,1.7287213359532627,0.08778996280333784
2023-10-12 16:00:00,37.57589343849208,1.7311775135964727,0.08816416032051644
2023-10-12 20:00:00,37.57589343849208,1.7342059352657921,0.08862684814682259
2023-10-13 00:00:00,37.57589343849208,1.7356355732290958,0.08884603371890845
2023-10-13 04:00:00,37.57589343849208,1.7416826955480387,0.08977467825997117
2023-10-13 08:00:00,37.57589343849208,1.7381779439136111,0.0892327231417982
2023-10-13 12:00:00,37.57589343849208,1.7307841363327714,0.08809399694785174
2023-10-13 16:00:00,37.57589343849208,1.7354333760194174,0.08880391235237993
2023-10-13 20:00:00,37.57589343849208,1.7408402071743783,0.08963393170078716
2023-10-14 00:00:00,37.57589343849208,1.7452976187390217,0.09032245323556268
2023-10-14 04:00:00,37.57589343849208,1.7412808934006005,0.08969883383223978
2023-10-14 08:00:00,37.57589343849208,1.741510957533408,0.08973438780488888
2023-10-14 12:00:00,37.57589343849208,1.7460610428191543,0.09043774103240133
2023-10-14 16:00:00,37.57589343849208,1.7409886147417386,0.08964955735676627
2023-10-14 20:00:00,37.57589343849208,1.740223246457667,0.08953132293414984
2023-10-15 00:00:00,37.57589343849208,1.742036540664976,0.08981119500731001
2023-10-15 04:00:00,37.57589343849208,1.7421700426688023,0.08983184320995034
2023-10-15 08:00:00,37.57589343849208,1.7402225983896873,0.08953059389755788
2023-10-15 12:00:00,37.57589343849208,1.7432296338156752,0.08999470981205437
2023-10-15 16:00:00,37.57589343849208,1.752618842706131,0.09144887129440331
2023-10-15 20:00:00,37.57589343849208,1.7597735132024475,0.09256882936873494
2023-10-16 00:00:00,37.57589343849208,1.7650727650727713,0.09340509415818492
2023-10-16 04:00:00,37.57589343849208,1.8048084051824769,0.09971335172012702
2023-10-16 08:00:00,40.96575927514527,1.7983627210559945,0.09864500435449772
2023-10-16 12:00:00,40.96575927514527,1.8187483474266586,0.10199962271689765
2023-10-16 16:00:00,40.96575927514527,1.8449750104987082,0.10641217887221828
2023-10-16 20:00:00,40.96575927514527,1.8470442915580143,0.1067702271465311
2023-10-17 00:00:00,40.96575927514527,1.8320875306536226,0.1041764559525693
2023-10-17 04:00:00,40.96575927514527,1.8424980946801466,0.10595235745280546
2023-10-17 08:00:00,40.96575927514527,1.8419796402963555,0.10586291671305162
2023-10-17 12:00:00,40.96575927514527,1.8445129380291545,0.10629970050972841
2023-10-17 16:00:00,40.96575927514527,1.8480611102182243,0.10691314642265011
2023-10-17 20:00:00,40.96575927514527,1.8402480026544932,0.10555714595000588
2023-10-18 00:00:00,40.96575927514527,1.8479282562823778,0.10687877051141649
2023-10-18 04:00:00,40.96575927514527,1.8466405452066368,0.10665533817401718
2023-10-18 08:00:00,40.96575927514527,1.8366661309304768,0.10492707893514205
2023-10-18 12:00:00,40.96575927514527,1.8306267854272908,0.10389201185627941
2023-10-18 16:00:00,43.12156419894205,1.8305081889869985,0.10387182004621898
2023-10-18 20:00:00,43.12156419894205,1.835328518620296,0.10469240596095951
2023-10-19 00:00:00,43.12156419894205,1.831440110741863,0.10402698812646188
2023-10-19 04:00:00,43.12156419894205,1.8360297281743732,0.10480906788220669
2023-10-19 08:00:00,43.12156419894205,1.8437981190475021,0.10613943491362758
2023-10-19 12:00:00,43.12156419894205,1.8586647985027105,0.1087068650570638
2023-10-19 16:00:00,43.12156419894205,1.8632440468475449,0.1095103381722038
2023-10-19 20:00:00,43.12156419894205,1.8608436030505924,0.10908708699518423
2023-10-20 00:00:00,43.12156419894205,1.8946513653496269,0.1150327617971633
2023-10-20 04:00:00,43.12156419894205,1.8949838242232329,0.11509331699446392
2023-10-20 08:00:00,43.12156419894205,1.933834203472615,0.12217214103055375
2023-10-20 12:00:00,43.12156419894205,1.9151043907901837,0.11862231036915871
2023-10-20 16:00:00,43.12156419894205,1.9157803256930512,0.11874791338101993
2023-10-20 20:00:00,43.12156419894205,1.92275548135898,0.12004495955546145
2023-10-21 00:00:00,43.12156419894205,1.9185683141418877,0.11926069708823518
2023-10-21 04:00:00,43.12156419894205,1.9244897112727612,0.12036494228663477
2023-10-21 08:00:00,43.12156419894205,1.9315659655435296,0.12169267025304197
2023-10-21 12:00:00,43.12156419894205,1.9401444413913322,0.12331405567488529
2023-10-21 16:00:00,43.12156419894205,1.9536035171945476,0.12588040051115942
2023-10-21 20:00:00,43.12156419894205,1.9383583660391719,0.12293343755311605
2023-10-22 00:00:00,48.282727197694236,1.9382015335880751,0.12290359794346853
2023-10-22 04:00:00,48.282727197694236,1.932296338156695,0.1217802321543614
2023-10-22 08:00:00,48.282727197694236,1.9383499411554355,0.1229247913464471
2023-10-22 12:00:00,48.282727197694236,1.9329016336497713,0.12188824157423339
2023-10-22 16:00:00,48.282727197694236,1.9340130702350236,0.1220985022237759
2023-10-22 20:00:00,48.282727197694236,1.9437152959596933,0.12393607082264045
2023-10-23 00:00:00,48.282727197694236,1.9919464592157945,0.1331620838260754
2023-10-23 04:00:00,48.282727197694236,1.977775156702846,0.13032001922475547
2023-10-23 08:00:00,48.282727197694236,1.9867845977571752,0.13210097576184004
2023-10-23 12:00:00,48.282727197694236,2.0014497280706847,0.13502622195049496
2023-10-23 16:00:00,48.282727197694236,2.0319795625282,0.14120523531129428
2023-10-23 20:00:00,48.282727197694236,2.1431601609282502,0.16438354307871567
2023-10-24 00:00:00,48.282727197694236,2.20742322986713,0.17917075938742508
2023-10-24 04:00:00,48.282727197694236,2.2034298349759798,0.17819835918953783
2023-10-24 08:00:00,48.282727197694236,2.238615389799939,0.1867350614306664
2023-10-24 12:00:00,48.282727197694236,2.181973600302787,0.17256066404714976
2023-10-24 16:00:00,48.282727197694236,2.1902429477242547,0.1745225999047884
2023-10-24 20:00:00,48.282727197694236,2.198423509832498,0.1764781267598754
2023-10-25 00:00:00,68.4095873623906,2.2033915989651756,0.1776745646524694
2023-10-25 04:00:00,68.4095873623906,2.194198106604601,0.17545056177404134
2023-10-25 08:00:00,68.4095873623906,2.2163406452683367,0.18076218906415997
2023-10-25 12:00:00,68.4095873623906,2.2578558800504047,0.19091999319242917
2023-10-25 16:00:00,68.4095873623906,2.2512935436875696,0.1892552971972743
2023-10-25 20:00:00,68.4095873623906,2.2355785432468833,0.1852920462646761
2023-10-26 00:00:00,68.4095873623906,2.2548417158766396,0.19008183012384655
2023-10-26 04:00:00,68.4095873623906,2.2453831637123516,0.18768977897491157
2023-10-26 08:00:00,68.4095873623906,2.210084196991939,0.1788379419670443
2023-10-26 12:00:00,68.4095873623906,2.2063104971459198,0.17792184920236775
2023-10-26 16:00:00,68.4095873623906,2.20628392635875,0.17791542101794752
2023-10-26 20:00:00,68.4095873623906,2.213259730092659,0.17960301395659345
2023-10-27 00:00:00,68.4095873623906,2.2110187110187223,0.17905744701583984
2023-10-27 04:00:00,68.4095873623906,2.199672336829455,0.17630081797634994
2023-10-27 08:00:00,68.4095873623906,2.2064776986846923,0.17793714013435744
2023-10-27 12:00:00,69.20161333480692,2.203397431576994,0.17719193352702955
2023-10-27 16:00:00,69.20161333480692,2.183894473794734,0.17248679034757874
2023-10-27 20:00:00,69.20161333480692,2.19643329306672,0.17545778649724417
2023-10-28 00:00:00,69.20161333480692,2.207319538990373,0.17806666601895527
2023-10-28 04:00:00,69.20161333480692,2.206346788952785,0.1778312478753606
2023-10-28 08:00:00,69.20161333480692,2.214826758467667,0.17988170100674558
2023-10-28 12:00:00,69.20161333480692,2.21593754698494,0.18015234591454513
2023-10-28 16:00:00,69.20161333480692,2.210694028960873,0.17887347583876234
2023-10-28 20:00:00,69.20161333480692,2.2086804817478245,0.17838471052247015
2023-10-29 00:00:00,69.20161333480692,2.201543309086961,0.17665540315151512
2023-10-29 04:00:00,69.20161333480692,2.208395979904719,0.1783050113890352
2023-10-29 08:00:00,69.20161333480692,2.2198797445056906,0.1810865951221122
2023-10-29 12:00:00,69.20161333480692,2.2325935421322067,0.1841979776133787
2023-10-29 16:00:00,69.20161333480692,2.239850607369322,0.18599418912459942
2023-10-29 20:00:00,72.34673334717719,2.2375123780984243,0.18541169886056508
2023-10-30 00:00:00,72.34673334717719,2.220956185420037,0.18129590691070582
2023-10-30 04:00:00,72.34673334717719,2.215968654247967,0.18007451543118666
2023-10-30 08:00:00,72.34673334717719,2.2428667157470263,0.18663190339043806
2023-10-30 12:00:00,72.34673334717719,2.2459651287581575,0.1874053725141677
2023-10-30 16:00:00,72.34673334717719,2.2314347965844337,0.1837681001288076
2023-10-30 20:00:00,72.34673334717719,2.2341968623140804,0.1844505035389521
2023-10-31 00:00:00,72.34673334717719,2.2169971381318123,0.18019058646584624
2023-10-31 04:00:00,72.34673334717719,2.212841726245727,0.179177369860535
2023-10-31 08:00:00,72.34673334717719,2.235074346358646,0.1845780033758381
2023-10-31 12:00:00,72.34673334717719,2.2210708934524503,0.1811086833749117
2023-10-31 16:00:00,72.34673334717719,2.238446244057228,0.18535910178409257
2023-10-31 20:00:00,72.34673334717719,2.2448925762516896,0.18696050679688597
2023-11-01 00:00:00,72.34673334717719,2.230546295384212,0.18337611977096527
2023-11-01 04:00:00,71.80536555962695,2.2326771429015935,0.18390165903061148
2023-11-01 08:00:00,71.80536555962695,2.230913749928724,0.18346591636947762
2023-11-01 12:00:00,71.80536555962695,2.2223508277124355,0.1813533232162074
2023-11-01 16:00:00,71.80536555962695,2.2395719381380346,0.1855692717958073
2023-11-01 20:00:00,71.80536555962695,2.295549457955954,0.19948403927344807
2023-11-02 00:00:00,71.80536555962695,2.3052866793515294,0.20202254296182284
2023-11-02 04:00:00,71.80536555962695,2.286374111498812,0.19705036520306513
2023-11-02 08:00:00,71.80536555962695,2.2924471565369444,0.19862057508688089
2023-11-02 12:00:00,71.80536555962695,2.2449081298832043,0.18626404754017814
2023-11-02 16:00:00,71.80536555962695,2.2682385771538014,0.1920713545052567
2023-11-02 20:00:00,71.80536555962695,2.264452564016167,0.19110957119174923
2023-11-03 00:00:00,71.80536555962695,2.2476241827862897,0.1868488530316975
2023-11-03 04:00:00,71.80536555962695,2.2335643479658565,0.18334239848720632
2023-11-03 08:00:00,71.80536555962695,2.2197883669205485,0.17994998929783879
2023-11-03 12:00:00,71.80536555962695,2.2529247307925733,0.18800871473265893
2023-11-03 16:00:00,71.80536555962695,2.2378247468646593,0.1842283906073533
2023-11-03 20:00:00,71.80536555962695,2.249883347763659,0.1872065549694799
2023-11-04 00:00:00,71.80536555962695,2.249372670195625,0.18707907877613836
2023-11-04 04:00:00,71.80536555962695,2.2532021038879013,0.18803455441191608
2023-11-04 08:00:00,71.80536555962695,2.2495975497845944,0.18713213106937687
2023-11-04 12:00:00,71.80536555962695,2.249438125061579,0.18709234596892735
2023-11-04 16:00:00,67.81888693448914,2.250787402595395,0.18742901604180334
2023-11-04 20:00:00,67.81888693448914,2.2722604870360605,0.1927933775316388
2023-11-05 00:00:00,67.81888693448914,2.2861900601925664,0.19633900463522833
2023-11-05 04:00:00,67.81888693448914,2.2787664414846582,0.19442637374777788
2023-11-05 08:00:00,67.81888693448914,2.273810017575616,0.193157714296969
2023-11-05 12:00:00,67.81888693448914,2.2606503491790395,0.1898040152868393
2023-11-05 16:00:00,67.81888693448914,2.2674738569377095,0.1915227187184515
2023-11-05 20:00:00,67.81888693448914,2.269007833845751,0.19191142189178317
2023-11-06 00:00:00,67.81888693448914,2.2668368061136257,0.1913605489338008
2023-11-06 04:00:00,67.81888693448914,2.26206313737487,0.19015160632115297
2023-11-06 08:00:00,67.81888693448914,2.28330226927485,0.19550776324832192
2023-11-06 12:00:00,67.81888693448914,2.273484039381807,0.19298570536144882
2023-11-06 16:00:00,67.81888693448914,2.2717815647990336,0.19255215942157167
2023-11-06 20:00:00,67.81888693448914,2.271224874404438,0.19241060716240696
2023-11-07 00:00:00,67.81888693448914,2.2629892265179175,0.1903175171807687
2023-11-07 04:00:00,67.81888693448914,2.264201113640029,0.19062327649965657
2023-11-07 08:00:00,67.81888693448914,2.244118783083883,0.18555107735537552
2023-11-07 12:00:00,67.81888693448914,2.2501717380146435,0.18705251166052764
2023-11-07 16:00:00,67.81888693448914,2.2976589192300048,0.1988950697656914
2023-11-07 20:00:00,67.81888693448914,2.294103618293158,0.19797178412661684
2023-11-08 00:00:00,67.81888693448914,2.2857150263634187,0.19580008033250984
2023-11-08 04:00:00,67.81888693448914,2.282910188147109,0.19507927190923033
2023-11-08 08:00:00,67.81888693448914,2.2896753697876027,0.19681356708511588
2023-11-08 12:00:00,67.81888693448914,2.282863527252568,0.19505699096244922
2023-11-08 16:00:00,67.81888693448914,2.3085471093575967,0.2016405149218159
2023-11-08 20:00:00,67.81888693448914,2.3087240319160656,0.2016868749319448
2023-11-09 00:00:00,67.81888693448914,2.3614540830875135,0.21550614361293738
2023-11-09 04:00:00,67.81888693448914,2.367589342651701,0.21718585376044153
2023-11-09 08:00:00,67.81888693448914,2.385260212255239,0.2220488544916858
2023-11-09 12:00:00,67.81888693448914,2.4032965921993497,0.22708598731919388
2023-11-09 16:00:00,67.81888693448914,2.3578138852453208,0.21419308997793826
2023-11-09 20:00:00,67.81888693448914,2.3784801250512118,0.2198252975791607
2023-11-10 00:00:00,67.81888693448914,2.380565607810011,0.2204035347440049
2023-11-10 04:00:00,67.81888693448914,2.361558422032252,0.21512422097435674
2023-11-10 08:00:00,67.81888693448914,2.402458640301547,0.22630153614569806
2023-11-10 12:00:00,67.81888693448914,2.4031747554191587,0.2265039012750545
2023-11-10 16:00:00,67.81888693448914,2.412495269103762,0.22913933097906114
2023-11-10 20:00:00,67.81888693448914,2.4173991995064457,0.2305366601419774
2023-11-11 00:00:00,67.81888693448914,2.4004418527486004,0.22568521886506146
2023-11-11 04:00:00,67.81888693448914,2.398266288540617,0.22507159098167223
2023-11-11 08:00:00,67.81888693448914,2.3971075429928437,0.22474535443501378
2023-11-11 12:00:00,67.81888693448914,2.4011417661667176,0.22588006312140455
2023-11-11 16:00:00,67.81888693448914,2.407494128504118,0.22767280025916134
2023-11-11 20:00:00,67.81888693448914,2.4062764087701884,0.22732732694090224
2023-11-12 00:00:00,67.81888693448914,2.3971237446923372,0.22473329744584183
2023-11-12 04:00:00,67.81888693448914,2.406143554834342,0.22727015230788614
2023-11-12 08:00:00,67.81888693448914,2.4014483023211346,0.22593969459061067
2023-11-12 12:00:00,67.81888693448914,2.4077092870733914,0.22770688439194106
2023-11-12 16:00:00,67.81888693448914,2.4046568868888216,0.22684085059831316
2023-11-12 20:00:00,67.81888693448914,2.402007584987649,0.22609109303410874
2023-11-13 00:00:00,67.81888693448914,2.3922787884758105,0.2233438982487775
2023-11-13 04:00:00,67.81888693448914,2.3952780470860415,0.22418393342330495
2023-11-13 08:00:00,67.81888693448914,2.385539529554506,0.22144952957997568
2023-11-13 12:00:00,67.81888693448914,2.387606218341894,0.22202508146761174
2023-11-13 16:00:00,67.81888693448914,2.387805175211674,0.22208058486035978
2023-11-13 20:00:00,67.81888693448914,2.3630457380457526,0.2151722445019798
2023-11-14 00:00:00,67.81888693448914,2.362082709027861,0.2149091724268641
2023-11-14 04:00:00,67.81888693448914,2.3773635039221226,0.21908004625638633
2023-11-14 08:00:00,67.81888693448914,2.349841352958575,0.2114713392628342
2023-11-14 12:00:00,67.81888693448914,2.3425771589736826,0.20951014027118808
2023-11-14 16:00:00,67.81888693448914,2.287290479622165,0.19467632371787633
2023-11-14 20:00:00,67.81888693448914,2.3039587880610477,0.1989323528996355
2023-11-15 00:00:00,67.81888693448914,2.2929934778438668,0.1960919961540003
2023-11-15 04:00:00,67.81888693448914,2.305623674700996,0.19933232004170018
2023-11-15 08:00:00,67.81888693448914,2.3486592769635317,0.21049422803758613
2023-11-15 12:00:00,67.81888693448914,2.3591242787003535,0.21330794710311046
2023-11-15 16:00:00,67.81888693448914,2.430254275952546,0.23260230199780935
2023-11-15 20:00:00,67.81888693448914,2.4534687190547695,0.23926794142320404
2023-11-16 00:00:00,67.81888693448914,2.4273373219757417,0.23162275866168897
2023-11-16 04:00:00,67.81888693448914,2.4261882974476645,0.23129383005104182
2023-11-16 08:00:00,67.81888693448914,2.4138899113961614,0.22777653403206724
2023-11-16 12:00:00,67.81888693448914,2.3593562870371,0.2123390280968492
2023-11-16 16:00:00,67.81888693448914,2.3279256380877476,0.20385287428401416
2023-11-16 20:00:00,67.81888693448914,2.3436412865964136,0.2079814599234942
2023-11-17 00:00:00,67.81888693448914,2.3644105692110826,0.2135108373215632
2023-11-17 04:00:00,67.81888693448914,2.348582804941922,0.2092230043461366
2023-11-17 08:00:00,67.81888693448914,2.3572066455483065,0.21152776341642354
2023-11-17 12:00:00,67.81888693448914,2.3359480716089345,0.205804745529158
2023-11-17 16:00:00,67.81888693448914,2.3539384387264835,0.21055977793540467
2023-11-17 20:00:00,67.81888693448914,2.372830916471829,0.21562957396736254
2023-11-18 00:00:00,67.81888693448914,2.357140542614373,0.2113520142725876
2023-11-18 04:00:00,67.81888693448914,2.360079530902489,0.21214258371474046
2023-11-18 08:00:00,67.81888693448914,2.359148905283584,0.21189162777785708
2023-11-18 12:00:00,67.81888693448914,2.3760868100020374,0.21645556207708858
2023-11-18 16:00:00,67.81888693448914,2.377055023563767,0.21672016757445414
2023-11-18 20:00:00,67.81888693448914,2.369861468988666,0.21475262159316527
2023-11-19 00:00:00,67.81888693448914,2.3668161975518736,0.2139247503866769
2023-11-19 04:00:00,67.81888693448914,2.3726740840207325,0.21551314609979613
2023-11-19 08:00:00,67.81888693448914,2.3624423867566167,0.21272507004394742
2023-11-19 12:00:00,67.81888693448914,2.3698724861443217,0.214732189990927
2023-11-19 16:00:00,67.81888693448914,2.3945444341329782,0.22143870452357076
2023-11-19 20:00:00,67.81888693448914,2.421172899352466,0.22882621350975005
2023-11-20 00:00:00,67.81888693448914,2.4052615343139188,0.22431484125560497
2023-11-20 04:00:00,67.81888693448914,2.41369484293426,0.22667431392513868
2023-11-20 08:00:00,67.81888693448914,2.407410527734733,0.22490380075462063
2023-11-20 12:00:00,67.81888693448914,2.4277669910463087,0.2306089921824449
2023-11-20 16:00:00,67.81888693448914,2.434741498644258,0.2325964780170374
2023-11-20 20:00:00,67.81888693448914,2.426935519828304,0.23035930846814165
2023-11-21 00:00:00,67.81888693448914,2.4279776131397237,0.2306560479891755
2023-11-21 04:00:00,67.81888693448914,2.4159915958544547,0.2272400600947381
2023-11-21 08:00:00,67.81888693448914,2.4091907704750755,0.22532107167124066
2023-11-21 12:00:00,67.81888693448914,2.3962339473561576,0.221685686744832
2023-11-21 16:00:00,67.81888693448914,2.396555389074108,0.22177490052306623
2023-11-21 20:00:00,67.81888693448914,2.3163018908031527,0.19949515892792788
2023-11-22 00:00:00,67.81888693448914,2.357671310289779,0.21018417871590425
2023-11-22 04:00:00,67.81888693448914,2.361547404876597,0.2112208292707969
2023-11-22 08:00:00,67.81888693448914,2.3631105448437273,0.2116402589880769
2023-11-22 12:00:00,67.81888693448914,2.3642258698368575,0.21193992461851094
2023-11-22 16:00:00,67.81888693448914,2.416644200310051,0.22603697492684313
2023-11-22 20:00:00,67.81888693448914,2.4243147329182393,0.22818932816106371
2023-11-23 00:00:00,67.81888693448914,2.4172734743183772,0.2262010466304185
2023-11-23 04:00:00,67.81888693448914,2.4217788429135214,0.22746584240446485
2023-11-23 08:00:00,67.81888693448914,2.4218300402839206,0.22748026856028936
2023-11-23 12:00:00,67.81888693448914,2.3946980262441753,0.2198348131761214
2023-11-23 16:00:00,67.81888693448914,2.416089454119394,0.22572605353166805
2023-11-23 20:00:00,67.81888693448914,2.4169228695413385,0.22595964203621682
2023-11-24 00:00:00,67.81888693448914,2.4183077908140405,0.22634807352359088
2023-11-24 04:00:00,67.81888693448914,2.4317448323059447,0.23012110249918535
2023-11-24 08:00:00,67.81888693448914,2.4459375210622247,0.234150354015175
2023-11-24 12:00:00,67.81888693448914,2.4769877541074705,0.24306769920145838
2023-11-24 16:00:00,67.81888693448914,2.4475006610293546,0.23438696205358406
2023-11-24 20:00:00,67.81888693448914,2.444095711863807,0.23340872858026931
2023-11-25 00:00:00,67.81888693448914,2.449567349816742,0.23497633665508427
2023-11-25 04:00:00,67.81888693448914,2.449852499727827,0.23505839622553376
2023-11-25 08:00:00,67.81888693448914,2.440138608779522,0.23226231161104538
2023-11-25 12:00:00,67.81888693448914,2.443500137390427,0.2332222034830558
2023-11-25 16:00:00,67.81888693448914,2.4509561594973217,0.235357144928378
2023-11-25 20:00:00,67.81888693448914,2.448444248007854,0.234633513482524
2023-11-26 00:00:00,67.81888693448914,2.4451851141377476,0.2336965486754121
2023-11-26 04:00:00,67.81888693448914,2.449034637937396,0.23480029385301054
2023-11-26 08:00:00,67.81888693448914,2.4418754309652213,0.23274113485854625
2023-11-26 12:00:00,67.81888693448914,2.4261792244959475,0.2282530030804373
2023-11-26 16:00:00,67.81888693448914,2.4224826447395174,0.2272096892699662
2023-11-26 20:00:00,67.81888693448914,2.426848030651038,0.22843800516150073
2023-11-27 00:00:00,67.81888693448914,2.417893027307007,0.2259092150506801
2023-11-27 04:00:00,67.81888693448914,2.416204162151808,0.22543583157519717
2023-11-27 08:00:00,67.81888693448914,2.4001813294207457,0.22095096145019022
2023-11-27 12:00:00,67.81888693448914,2.381715928474048,0.21585141162527666
2023-11-27 16:00:00,67.81888693448914,2.389880288882798,0.21807118355295815
2023-11-27 20:00:00,67.81888693448914,2.4135801349018458,0.2245588559632938
2023-11-28 00:00:00,67.81888693448914,2.406247893779081,0.22251228665196401
2023-11-28 04:00:00,67.81888693448914,2.4046633675686198,0.22207271030831977
2023-11-28 08:00:00,67.81888693448914,2.414145250180178,0.22469969011610444
2023-11-28 12:00:00,67.81888693448914,2.431109725685801,0.22943666158310033
2023-11-28 16:00:00,67.81888693448914,2.4700631477439616,0.2404653819487441
2023-11-28 20:00:00,67.81888693448914,2.450919867690457,0.23487447692995278
2023-11-29 00:00:00,67.81888693448914,2.45880167046004,0.23714044367228698
2023-11-29 04:00:00,67.81888693448914,2.468924492303561,0.24006934659116966
2023-11-29 08:00:00,67.81888693448914,2.469440354415433,0.24021982832584524
2023-11-29 12:00:00,67.81888693448914,2.451689772450387,0.23503965653748482
2023-11-29 16:00:00,67.81888693448914,2.454505627822352,0.23584951146316452
2023-11-29 20:00:00,73.8607988794043,2.453238006853983,0.23548410046220192
2023-11-30 00:00:00,73.8607988794043,2.4660179074144324,0.23916429379737666
2023-11-30 04:00:00,73.8607988794043,2.449242019690914,0.23428331544581307
2023-11-30 08:00:00,73.8607988794043,2.4552152622601664,0.23599743482866983
2023-11-30 12:00:00,73.8607988794043,2.438021370689716,0.23103935921584567
2023-11-30 16:00:00,73.8607988794043,2.446413851027333,0.23342530213998774
2023-11-30 20:00:00,73.8607988794043,2.4447690544947562,0.23295448589512263
2023-12-01 00:00:00,73.8607988794043,2.465448255660242,0.23886585736070656
2023-12-01 04:00:00,73.8607988794043,2.478476366256931,0.2426525571630533
2023-12-01 08:00:00,73.8607988794043,2.500257282987972,0.24904986868972062
2023-12-01 12:00:00,73.8607988794043,2.4894559339696656,0.24582211140291899
2023-12-01 16:00:00,73.8607988794043,2.512067025782753,0.25252032958156556
2023-12-01 20:00:00,73.8607988794043,2.506890258760599,0.2509591782653176
2023-12-02 00:00:00,73.8607988794043,2.5133547368584934,0.25290061160771343
2023-12-02 04:00:00,73.8607988794043,2.508183802448158,0.2513396710180952
2023-12-02 08:00:00,73.8607988794043,2.510625722595814,0.2520737696188021
2023-12-02 12:00:00,73.8607988794043,2.515265241262764,0.2534712311548677
2023-12-02 16:00:00,73.8607988794043,2.554683976130377,0.2653882827964413
2023-12-02 20:00:00,73.8607988794043,2.5566508624488837,0.2660012610599779
2023-12-03 00:00:00,73.8607988794043,2.5521636397571723,0.264600670648299
2023-12-03 04:00:00,73.8607988794043,2.558489431307403,0.2665681879271655
2023-12-03 08:00:00,73.8607988794043,2.558552941969417,0.2665880393932845
2023-12-03 12:00:00,73.8607988794043,2.5767455062966445,0.2722747539137963
2023-12-03 16:00:00,73.8607988794043,2.564145120566583,0.26828045150928503
2023-12-03 20:00:00,73.8607988794043,2.5904741783794316,0.27654469302337414
2023-12-04 00:00:00,73.8607988794043,2.638269839953148,0.2918518943088407
2023-12-04 04:00:00,73.8607988794043,2.6856649955153866,0.30758080011191097
2023-12-04 08:00:00,73.8607988794043,2.6957042165895206,0.31103008174864377
2023-12-04 12:00:00,73.8607988794043,2.674597938625387,0.30372436105399797
2023-12-04 16:00:00,73.8607988794043,2.7210611724327607,0.31955330019679107
2023-12-04 20:00:00,73.8607988794043,2.7213087344010214,0.31964051901211465
2023-12-05 00:00:00,73.8607988794043,2.7108677111794495,0.31596136195135355
2023-12-05 04:00:00,73.8607988794043,2.6912967062593176,0.3091181493403282
2023-12-05 08:00:00,73.8607988794043,2.7041342848699634,0.3135416622137744
2023-12-05 12:00:00,73.8607988794043,2.7392725307314016,0.3257643954666847
2023-12-05 16:00:00,73.8607988794043,2.8394683768748794,0.3615113745069423
2023-12-05 20:00:00,73.8607988794043,2.856250745278196,0.3679213952541803
2023-12-06 00:00:00,73.8607988794043,2.8343940045935248,0.35947511734068804
2023-12-06 04:00:00,73.8607988794043,2.8313357717971375,0.3583115261904583
2023-12-06 08:00:00,73.8607988794043,2.841078825804531,0.36201053842269093
2023-12-06 12:00:00,73.8607988794043,2.8375786106459615,0.36067254516184905
2023-12-06 16:00:00,73.8607988794043,2.8505082149097305,0.36560282613477413
2023-12-06 20:00:00,73.8607988794043,2.8361198096235696,0.3600665063914969
2023-12-07 00:00:00,73.8607988794043,2.8467578455109814,0.36411823975323687
2023-12-07 04:00:00,73.8607988794043,2.8439821703537604,0.36305316080319433
2023-12-07 08:00:00,73.8607988794043,2.7988779350998985,0.345779597686072
2023-12-07 12:00:00,73.8607988794043,2.8294641514716514,0.35711566503556114
2023-12-07 16:00:00,73.8607988794043,2.799885680808393,0.34591608661063167
2023-12-07 20:00:00,73.8607988794043,2.8043936416754565,0.3475869150223954
2023-12-08 00:00:00,73.8607988794043,2.810412249003291,0.3498248203464461
2023-12-08 04:00:00,73.8607988794043,2.797450889408515,0.34498474185622147
2023-12-08 08:00:00,73.37028106341988,2.829064293528153,0.3566805418797735
2023-12-08 12:00:00,73.37028106341988,2.836006397727115,0.35930626533166116
2023-12-08 16:00:00,73.37028106341988,2.8479418657099647,0.36384273791790805
2023-12-08 20:00:00,73.37028106341988,2.8625804252363043,0.3694532459567475
2023-12-09 00:00:00,73.37028106341988,2.86053188235235,0.3686600726247919
2023-12-09 04:00:00,73.37028106341988,2.8631785919816033,0.36968338178994087
2023-12-09 08:00:00,73.37028106341988,2.839662149200821,0.3605743047810362
2023-12-09 12:00:00,73.37028106341988,2.8544218974393725,0.36619678979534315
2023-12-09 16:00:00,73.37028106341988,2.8465990688559453,0.3631859930554427
2023-12-09 20:00:00,73.37028106341988,2.832938443911031,0.35795728239085584
2023-12-10 00:00:00,73.37028106341988,2.841474795340151,0.3611931266066051
2023-12-10 04:00:00,73.37028106341988,2.8493241947107473,0.3641864480029086
2023-12-10 08:00:00,73.37028106341988,2.834521025917553,0.3585102457595958
2023-12-10 12:00:00,73.37028106341988,2.845260160409805,0.3625851032514181
2023-12-10 16:00:00,73.37028106341988,2.8383498115418497,0.3599432468834261
2023-12-10 20:00:00,73.44061351794548,2.8378579279452283,0.35975611331221863
2023-12-11 00:00:00,73.44061351794548,2.741948403419743,0.3232806744611683
2023-12-11 04:00:00,73.44061351794548,2.7304730637025085,0.31922178455773476
2023-12-11 08:00:00,73.44061351794548,2.744179701473984,0.3240291464334426
2023-12-11 12:00:00,73.44061351794548,2.7091470906932433,0.31161933198595454
2023-12-11 16:00:00,73.44061351794548,2.642820573306875,0.2887317319233023
2023-12-11 20:00:00,73.44061351794548,2.6735007595356897,0.2987872877885547
2023-12-12 00:00:00,73.44061351794548,2.7047305074113233,0.3092578870200673
2023-12-12 04:00:00,73.44061351794548,2.716459241708636,0.31328106446003895
2023-12-12 08:00:00,73.44061351794548,2.6949628268207,0.30584371406497324
2023-12-12 12:00:00,73.44061351794548,2.6796314826240195,0.3006239813057058
2023-12-12 16:00:00,73.44061351794548,2.6660214069815247,0.29604329718695677
2023-12-12 20:00:00,73.44061351794548,2.6889889361834682,0.30369445451304816
2023-12-13 00:00:00,73.44061351794548,2.646020084922846,0.28913574621672306
2023-12-13 04:00:00,73.44061351794548,2.6645489965315576,0.29520981653285006
2023-12-13 08:00:00,73.44061351794548,2.6573826608116065,0.2928279057601225
2023-12-13 12:00:00,73.44061351794548,2.717943965450218,0.31284840217068743
2023-12-13 16:00:00,73.44061351794548,2.769454352683798,0.33063568095134044
2023-12-13 20:00:00,73.44061351794548,2.778204566546231,0.33376965524783514
2023-12-14 00:00:00,83.81528232750114,2.768148495704624,0.33014528790818654
2023-12-14 04:00:00,83.81528232750114,2.7801455301455493,0.334437793598206
2023-12-14 08:00:00,83.81528232750114,2.803999616343775,0.3430463803105912
2023-12-14 12:00:00,83.81528232750114,2.750937106298721,0.3235710901981565
2023-12-14 16:00:00,83.81528232750114,2.7927925767701516,0.3383404793421556
2023-12-14 20:00:00,83.81528232750114,2.788134912199769,0.3366476828812233
2023-12-15 00:00:00,83.81528232750114,2.77346783768232,0.33133484457916673
2023-12-15 04:00:00,83.81528232750114,2.7672496254167256,0.32910625151608364
2023-12-15 08:00:00,83.81528232750114,2.7721775343346597,0.33086446546638787
2023-12-15 12:00:00,83.81528232750114,2.7160243880942314,0.3107585229519006
2023-12-15 16:00:00,83.81528232750114,2.7281121520523195,0.3149076488101288
2023-12-15 20:00:00,83.81528232750114,2.7180165490639485,0.3114116239879856
2023-12-16 00:00:00,83.81528232750114,2.743517375998691,0.3201767515566749
2023-12-16 04:00:00,83.81528232750114,2.7363160446078334,0.3176555002843713
2023-12-16 08:00:00,83.81528232750114,2.7434007237623383,0.32012285485653036
2023-12-16 12:00:00,83.81528232750114,2.761028820879214,0.326293834610815
2023-12-16 16:00:00,83.81528232750114,2.7446800099543434,0.3204976080365073
2023-12-16 20:00:00,83.81528232750114,2.739903748943668,0.3188244291336177
2023-12-17 00:00:00,83.81528232750114,2.7170606487938347,0.31085012890385183
2023-12-17 04:00:00,83.81528232750114,2.714546145032448,0.30998710015397474
2023-12-17 08:00:00,83.81528232750114,2.719297779459893,0.31161493622504416
2023-12-17 12:00:00,83.81528232750114,2.709661008601177,0.3083019907735712
2023-12-17 16:00:00,83.81528232750114,2.728749202876404,0.3148174865606584
2023-12-17 20:00:00,83.81528232750114,2.681358583790024,0.29841503128378527
2023-12-18 00:00:00,83.81528232750114,2.6629709510008945,0.2922758158347495
2023-12-18 04:00:00,83.81528232750114,2.665245669609778,0.293024804745375
2023-12-18 08:00:00,83.81528232750114,2.6638912075321244,0.29257806432999983
2023-12-18 12:00:00,83.81528232750114,2.6743147329182433,0.2960125456695631
2023-12-18 16:00:00,83.81528232750114,2.702514762988598,0.3053766970759029
2023-12-18 20:00:00,83.81528232750114,2.7645154266102097,0.32639440783839
2023-12-19 00:00:00,83.81528232750114,2.792019431670324,0.33613624544041903
2023-12-19 04:00:00,88.24039615026314,2.789035726691607,0.3350586045998811
2023-12-19 08:00:00,88.24039615026314,2.7851440784732753,0.3336560443431419
2023-12-19 12:00:00,88.24039615026314,2.753437352564554,0.3222607910481218
2023-12-19 16:00:00,88.24039615026314,2.7440468475381383,0.31896361244116844
2023-12-19 20:00:00,88.24039615026314,2.7397715430758014,0.3174727488028713
2023-12-20 00:00:00,88.24039615026314,2.749088168352527,0.3207114582240749
2023-12-20 04:00:00,88.24039615026314,2.7817819017943908,0.33215371211134787
2023-12-20 08:00:00,88.24039615026314,2.7779071033435323,0.33076572189366865
2023-12-20 12:00:00,88.24039615026314,2.8532618557556417,0.35768321929634656
2023-12-20 16:00:00,88.24039615026314,2.8345203778495756,0.3506349575271465
2023-12-20 20:00:00,88.24039615026314,2.8300435242455397,0.3489735744738725
2023-12-21 00:00:00,88.24039615026314,2.8287759032771707,0.3485046422295944
2023-12-21 04:00:00,88.24039615026314,2.836237109927904,0.3512622998631337
2023-12-21 08:00:00,88.24039615026314,2.847066325869339,0.35528583014272985
2023-12-21 12:00:00,88.24039615026314,2.8400924663393696,0.35267502323961275
2023-12-21 16:00:00,88.24039615026314,2.8248505555238927,0.34699692509868196
2023-12-21 20:00:00,88.24039615026314,2.8425428113707625,0.35351673022421476
2023-12-22 00:00:00,88.24039615026314,2.8520175652345436,0.3570517524503053
2023-12-22 04:00:00,88.24039615026314,2.8245634614088684,0.3467405930776556
2023-12-22 08:00:00,88.24039615026314,2.835552750141299,0.3507876954472558
2023-12-22 12:00:00,88.24039615026314,2.8301841549971427,0.34879524041183374
2023-12-22 16:00:00,88.24039615026314,2.8282198609505547,0.34806899465180835
2023-12-22 20:00:00,88.24039615026314,2.849492692385481,0.35592313621256766
2023-12-23 00:00:00,88.24039615026314,2.8208085555342617,0.3451745408837377
2023-12-23 04:00:00,88.24039615026314,2.8231344715135442,0.3460283885991821
2023-12-23 08:00:00,88.24039615026314,2.822192180671004,0.3456819020412877
2023-12-23 12:00:00,88.24039615026314,2.8357018057766394,0.350646163087398
2023-12-23 16:00:00,88.24039615026314,2.8323039853588687,0.34938569977994705
2023-12-23 20:00:00,88.24039615026314,2.8321970541422123,0.3493461275043513
2023-12-24 00:00:00,88.24039615026314,2.840772289650116,0.35251934454383227
2023-12-24 04:00:00,88.24039615026314,2.828892555513524,0.34809677666701483
2023-12-24 08:00:00,88.24039615026314,2.827792784151907,0.34769079426379124
2023-12-24 12:00:00,88.24039615026314,2.8307758410626453,0.34879113807162765
2023-12-24 16:00:00,88.24039615026314,2.8267474505005885,0.34730207605369406
2023-12-24 20:00:00,88.24039615026314,2.786141455094094,0.332335178495437
2023-12-25 00:00:00,88.24039615026314,2.796593495471322,0.3360753841817525
2023-12-25 04:00:00,88.24039615026314,2.800181847875136,0.3373690547648861
2023-12-25 08:00:00,88.24039615026314,2.797781404078184,0.33650143026891777
2023-12-25 12:00:00,88.24039615026314,2.8267429140247313,0.3469514134293838
2023-12-25 16:00:00,88.24039615026314,2.817426936815986,0.3435211140795415
2023-12-25 20:00:00,88.24039615026314,2.824029453393565,0.34593619411674215
2023-12-26 00:00:00,86.62363016548441,2.815949989890161,0.3429670549122832
2023-12-26 04:00:00,86.62363016548441,2.772053753350533,0.32692810213778833
2023-12-26 08:00:00,86.62363016548441,2.766313815253987,0.32489724642365486
2023-12-26 12:00:00,86.62363016548441,2.7472573763097667,0.3181828405900032
2023-12-26 16:00:00,86.62363016548441,2.7289565846299224,0.31182413761741123
2023-12-26 20:00:00,86.62363016548441,2.7548676385958397,0.3207063148970209
2023-12-27 00:00:00,86.62363016548441,2.7370930781155436,0.3144986695161464
2023-12-27 04:00:00,86.62363016548441,2.7514263976234266,0.3194394696128124
2023-12-27 08:00:00,86.62363016548441,2.787930770786154,0.3321538976037505
2023-12-27 12:00:00,86.62363016548441,2.7854383013360784,0.3312630396407308
2023-12-27 16:00:00,86.62363016548441,2.796694594076161,0.33527906154978954
2023-12-27 20:00:00,86.62363016548441,2.814484708187971,0.34167731409074137
2023-12-28 00:00:00,86.62363016548441,2.8131600572373854,0.3411948778093285
2023-12-28 04:00:00,86.62363016548441,2.7898788631332483,0.33272388005307174
2023-12-28 08:00:00,86.62363016548441,2.790579424619346,0.33297452914642534
2023-12-28 12:00:00,84.54347784791162,2.7507886987313626,0.31873093002139447
2023-12-28 16:00:00,84.54347784791162,2.761459138017762,0.3224400470165233
2023-12-28 20:00:00,84.54347784791162,2.7584209953287466,0.3213758065307573
2023-12-29 00:00:00,84.54347784791162,2.7670830719459354,0.3244033884667211
2023-12-29 04:00:00,84.54347784791162,2.739599805061172,0.31473725484687004
2023-12-29 08:00:00,84.54347784791162,2.777749622824457,0.32788571057409976
2023-12-29 12:00:00,84.54347784791162,2.739453989765731,0.3143244549942204
2023-12-29 16:00:00,84.54347784791162,2.7294361549349286,0.31087612132790104
2023-12-29 20:00:00,84.54347784791162,2.726224330027343,0.3097786642565759
2023-12-30 00:00:00,84.54347784791162,2.720123418066082,0.30769893919071445
2023-12-30 04:00:00,84.54347784791162,2.7184611236980523,0.3071348255807198
2023-12-30 08:00:00,84.54347784791162,2.7150134020458414,0.3059662430554026
2023-12-30 12:00:00,84.54347784791162,2.7461854718712777,0.3165049767709297
2023-12-30 16:00:00,84.54347784791162,2.745289193855299,0.3161950816940676
2023-12-30 20:00:00,82.63220445190996,2.7309766125227677,0.3112496269487291
2023-12-31 00:00:00,82.63220445190996,2.7332915113463945,0.3120411145711137
2023-12-31 04:00:00,82.63220445190996,2.7566932460947626,0.32005596044115564
2023-12-31 08:00:00,82.63220445190996,2.7554787667007323,0.31963295214731335
2023-12-31 12:00:00,82.63220445190996,2.7515132387327106,0.31825295957408894
2023-12-31 16:00:00,82.63220445190996,2.7620035151207425,0.3218930236598199
2023-12-31 20:00:00,82.63220445190996,2.7402634266724246,0.3142920382516369
2024-01-01 00:00:00,82.63220445190996,2.743303513565379,0.31533807831123334
2024-01-01 04:00:00,82.63220445190996,2.7538002706332088,0.3189578314875422
2024-01-01 08:00:00,82.63220445190996,2.766615166864564,0.32341067241026217
2024-01-01 12:00:00,82.63220445190996,2.772632478056439,0.3255209001159155
2024-01-01 16:00:00,82.63220445190996,2.8202615861593627,0.342296585603359
2024-01-01 20:00:00,82.63220445190996,2.863135171426964,0.3579073522659572
2024-01-02 00:00:00,82.63220445190996,2.942382868193364,0.3876265219431978
2024-01-02 04:00:00,102.05203515058975,2.945827349505676,0.3889878393217987
2024-01-02 08:00:00,102.05203515058975,2.9444314110773186,0.3884348506276404
2024-01-02 12:00:00,102.05203515058975,2.9282835012261668,0.38204406401187835
2024-01-02 16:00:00,102.05203515058975,2.9188651292766226,0.3783577067027524
2024-01-02 20:00:00,102.05203515058975,2.9128653159202007,0.3760245304287844
2024-01-03 00:00:00,102.05203515058975,2.933330006584393,0.38394994907617097
2024-01-03 04:00:00,102.05203515058975,2.9170686848367864,0.37756450968521593
2024-01-03 08:00:00,102.05203515058975,2.8322437150367534,0.344627097242967
2024-01-03 12:00:00,102.05203515058975,2.786692960944852,0.3279992653124972
2024-01-03 16:00:00,102.05203515058975,2.7605537870500667,0.31876936813309115
2024-01-03 20:00:00,102.05203515058975,2.7766621647544545,0.3243496151906542
2024-01-04 00:00:00,102.05203515058975,2.793354451708587,0.33019923231615383
2024-01-04 04:00:00,102.05203515058975,2.7713382863009,0.32239171518020604
2024-01-04 08:00:00,102.05203515058975,2.7981190474956263,0.33173798904876756
2024-01-04 12:00:00,102.05203515058975,2.854810738227217,0.35190166381725724
2024-01-04 16:00:00,102.05203515058975,2.848678719002929,0.3496340517419365
2024-01-04 20:00:00,102.05203515058975,2.861291418024605,0.35427813009966763
2024-01-05 00:00:00,102.05203515058975,2.8168410833623003,0.3377669337769898
2024-01-05 04:00:00,102.05203515058975,2.8370776540976244,0.34504662501105043
2024-01-05 08:00:00,102.05203515058975,2.836680388426044,0.3449016781369173
2024-01-05 12:00:00,102.05203515058975,2.8190963599317915,0.3384877434256047
2024-01-05 16:00:00,102.05203515058975,2.8255763916612,0.3408219076797136
2024-01-05 20:00:00,102.05203515058975,2.860903225304742,0.35360530883305913
2024-01-06 00:00:00,102.05203515058975,2.847033922470352,0.34846260522602107
2024-01-06 04:00:00,102.05203515058975,2.82902411331341,0.3418496755707897
2024-01-06 08:00:00,102.05203515058975,2.8302398888434,0.34229040614131195
2024-01-06 12:00:00,102.05203515058975,2.842890823875881,0.3468804344008299
2024-01-06 16:00:00,102.05203515058975,2.8454306022884777,0.3478101212867747
2024-01-06 20:00:00,102.05203515058975,2.849446031490939,0.3492825946447297
2024-01-07 00:00:00,102.05203515058975,2.8476372737594886,0.34861744683718104
2024-01-07 04:00:00,102.05203515058975,2.8566836546886623,0.35193991306387307
2024-01-07 08:00:00,102.05203515058975,2.855458806206956,0.3514872135840473
2024-01-07 12:00:00,102.05203515058975,2.8545819702303694,0.3511634162662459
2024-01-07 16:00:00,102.05203515058975,2.8673618707908184,0.3558798688892421
2024-01-07 20:00:00,102.05203515058975,2.8468991243305655,0.348260726427764
2024-01-08 00:00:00,102.05203515058975,2.820275195586936,0.33849002325949024
2024-01-08 04:00:00,102.05203515058975,2.849849777842317,0.3491386660421286
2024-01-08 08:00:00,102.05203515058975,2.8927155862941603,0.36489329770523177
2024-01-08 12:00:00,102.05203515058975,2.913910649571518,0.37291406881490113
2024-01-08 16:00:00,102.05203515058975,3.0445812443942333,0.4230826316673354
2024-01-08 20:00:00,102.05203515058975,3.042746563943593,0.4223177763019993
2024-01-09 00:00:00,102.05203515058975,3.041186016248382,0.42166798800849065
2024-01-09 04:00:00,102.05203515058975,3.0346113665939316,0.41893321353875335
2024-01-09 08:00:00,102.05203515058975,3.0210330462824437,0.4133096835291085
2024-01-09 12:00:00,102.05203515058975,3.0373708400516586,0.42001523914753597
2024-01-09 16:00:00,102.05203515058975,3.037884109891612,0.42022816786048645
2024-01-09 20:00:00,102.05203515058975,2.9882414545756393,0.3996270770981021
2024-01-10 00:00:00,102.05203515058975,2.9887015828412533,0.3998116803672884
2024-01-10 04:00:00,102.05203515058975,2.965428165552874,0.39047151995042584
2024-01-10 08:00:00,102.05203515058975,2.9497390878313765,0.38427396160553384
2024-01-10 12:00:00,102.05203515058975,2.9517163432375595,0.3850467158174311
2024-01-10 16:00:00,102.05203515058975,3.012814896231375,0.4089573438410526
2024-01-10 20:00:00,102.05203515058975,3.02349570460545,0.41330675975923675
2024-01-11 00:00:00,102.05203515058975,3.013656088469076,0.4092715830036639
2024-01-11 04:00:00,102.05203515058975,2.9876841161130634,0.3986901597146457
2024-01-11 08:00:00,102.05203515058975,3.0498079126508255,0.4235604057659018
2024-01-11 12:00:00,102.05203515058975,3.0319069789144804,0.41610210644924284
2024-01-11 16:00:00,102.05203515058975,3.02597845303583,0.41366119504589055
2024-01-11 20:00:00,102.05203515058975,3.003092580399334,0.40427547313337997
2024-01-12 00:00:00,102.05203515058975,2.980723866010669,0.39524166313509435
2024-01-12 04:00:00,102.05203515058975,2.981643474473919,0.39560748123309986
2024-01-12 08:00:00,102.05203515058975,2.9781542764710047,0.394218630240075
2024-01-12 12:00:00,102.05203515058975,2.8814404995826637,0.35581258833202023
2024-01-12 16:00:00,102.05203515058975,2.8173167652594278,0.33205776998365943
2024-01-12 20:00:00,102.05203515058975,2.7726117398810857,0.3162505474335587
2024-01-13 00:00:00,102.05203515058975,2.761413773259179,0.3124187490356272
2024-01-13 04:00:00,102.05203515058975,2.7933654688642413,0.32326352956127696
2024-01-13 08:00:00,102.05203515058975,2.762324956838692,0.31248699610518577
2024-01-13 12:00:00,102.05203515058975,2.796703667027876,0.3241542329924239
2024-01-13 16:00:00,102.05203515058975,2.7728398598099537,0.3158563705307651
2024-01-13 20:00:00,102.05203515058975,2.7768410315168612,0.3172237003843912
2024-01-14 00:00:00,102.05203515058975,2.7660720858975414,0.31353299781284416
2024-01-14 04:00:00,102.05203515058975,2.787433702645692,0.3207969860920977
2024-01-14 08:00:00,102.05203515058975,2.775674509153331,0.3167370002051049
2024-01-14 12:00:00,102.05203515058975,2.7804954868546075,0.31838739041849906
2024-01-14 16:00:00,102.05203515058975,2.7646580015657505,0.31294686123683
2024-01-14 20:00:00,102.05203515058975,2.70453997542528,0.2925315900816721
2024-01-15 00:00:00,102.05203515058975,2.758565514488226,0.31006230915852867
2024-01-15 04:00:00,101.46372832605452,2.7682081179587597,0.3133137902808775
2024-01-15 08:00:00,101.46372832605452,2.767120011820778,0.31294432529436816
2024-01-15 12:00:00,101.46372832605452,2.739965963469722,0.30373145562778614
2024-01-15 16:00:00,101.46372832605452,2.786217279047721,0.3191126460431039
2024-01-15 20:00:00,101.46372832605452,2.755008269347439,0.3083893010900007
2024-01-16 00:00:00,101.46372832605452,2.7818032880377195,0.31738741972927403
2024-01-16 04:00:00,101.46372832605452,2.773156116984065,0.3144276454125791
2024-01-16 08:00:00,101.46372832605452,2.7802466287503873,0.3168394673498305
2024-01-16 12:00:00,101.46372832605452,2.8030670465209298,0.3246413748529455
2024-01-16 16:00:00,101.46372832605452,2.7974573700883107,0.3226922958198636
2024-01-16 20:00:00,101.46372832605452,2.7956324106573662,0.32206075767220876
2024-01-17 00:00:00,101.46372832605452,2.776906486382814,0.3155889997934002
2024-01-17 04:00:00,101.46372832605452,2.7643948859659764,0.3113232564411553
2024-01-17 08:00:00,101.46372832605452,2.765964506612904,0.31185356354054206
2024-01-17 12:00:00,99.7090731028154,2.7531735888967988,0.3075271595742028
2024-01-17 16:00:00,99.7090731028154,2.761489597212807,0.3103138328447126
2024-01-17 20:00:00,99.7090731028154,2.7721820708105174,0.3139184335660537
2024-01-18 00:00:00,99.7090731028154,2.760254379643425,0.30986640303747603
2024-01-18 04:00:00,99.7090731028154,2.781205121292421,0.3169221994201781
2024-01-18 08:00:00,99.7090731028154,2.757178649011584,0.3087086494220978
2024-01-18 12:00:00,99.7090731028154,2.7620216610241726,0.3103353989597933
2024-01-18 16:00:00,99.7090731028154,2.658525204659885,0.27544941541016443
2024-01-18 20:00:00,99.7090731028154,2.678302943265554,0.2815969213967742
2024-01-19 00:00:00,99.7090731028154,2.660699472731909,0.27604443176451926
2024-01-19 04:00:00,99.7090731028154,2.6755000492531837,0.28065105883098124
2024-01-19 08:00:00,99.7090731028154,2.687885924481952,0.2845487702122303
2024-01-19 12:00:00,99.7090731028154,2.6502552091704383,0.27259762265804804
2024-01-19 16:00:00,99.7090731028154,2.7098489483152997,0.29098654410227154
2024-01-19 20:00:00,99.7090731028154,2.6997883409978347,0.28774558704815323
2024-01-20 00:00:00,99.7090731028154,2.698208351263232,0.28724039736330703
2024-01-20 04:00:00,99.7090731028154,2.699264702070206,0.28757776192458134
2024-01-20 08:00:00,99.7090731028154,2.6947204493962778,0.2861253374781173
2024-01-20 12:00:00,90.23294963518019,2.6940257205219975,0.28590403860425406
2024-01-20 16:00:00,90.23294963518019,2.698098827774656,0.28720081666134445
2024-01-20 20:00:00,90.23294963518019,2.7021868405908482,0.28850626990187783
2024-01-21 00:00:00,90.23294963518019,2.7012004811256856,0.2881903359118941
2024-01-21 04:00:00,90.23294963518019,2.69910657348315,0.2875201406215918
2024-01-21 08:00:00,90.23294963518019,2.703732482722525,0.28899845432147453
2024-01-21 12:00:00,90.23294963518019,2.6996101223034064,0.28767655306434825
2024-01-21 16:00:00,90.23294963518019,2.703700727391518,0.288984265421003
2024-01-21 20:00:00,90.23294963518019,2.6946880459972906,0.28609431193710105
2024-01-22 00:00:00,90.23294963518019,2.6698482484018817,0.2781826078581023
2024-01-22 04:00:00,90.23294963518019,2.6599107740005663,0.2750763273275863
2024-01-22 08:00:00,90.23294963518019,2.645153618033934,0.270497965935039
2024-01-22 12:00:00,90.23294963518019,2.642302118923083,0.26962316830049854
2024-01-22 16:00:00,90.23294963518019,2.5806267854273,0.2507429289394898
2024-01-22 20:00:00,90.23294963518019,2.5642766783664697,0.24597702428866128
2024-01-23 00:00:00,90.23294963518019,2.5923004339463356,0.25404152068066455
2024-01-23 04:00:00,90.23294963518019,2.5780144234009734,0.24984149841949596
2024-01-23 08:00:00,90.23294963518019,2.5174563591022605,0.23223502106028676
2024-01-23 12:00:00,90.23294963518019,2.5406857077680187,0.23866373422201104
2024-01-23 16:00:00,90.23294963518019,2.5370610635573394,0.23764227243328764
2024-01-23 20:00:00,90.23294963518019,2.5856357028427026,0.2512919884313118
2024-01-24 00:00:00,90.23294963518019,2.5672564949373102,0.2459332895682885
2024-01-24 04:00:00,90.23294963518019,2.5910464224055416,0.2527702399848802
2024-01-24 08:00:00,90.23294963518019,2.6058385740430796,0.25709939713966623
2024-01-24 12:00:00,90.23294963518019,2.595558271680483,0.25405654609797307
2024-01-24 16:00:00,90.23294963518019,2.5795082200942723,0.24934354768621286
2024-01-24 20:00:00,90.23294963518019,2.597772719967251,0.25464006330833766
2024-01-25 00:00:00,91.44589512225713,2.5930502485988947,0.25325133857622345
2024-01-25 04:00:00,91.44589512225713,2.6006968026918327,0.25549175030049887
2024-01-25 08:00:00,91.44589512225713,2.6038120654704366,0.25640987801818715
2024-01-25 12:00:00,91.44589512225713,2.579585340183861,0.2492527120791906
2024-01-25 16:00:00,91.44589512225713,2.5915752458770087,0.2527282898765638
2024-01-25 20:00:00,91.44589512225713,2.589750286446064,0.25219438424120494
2024-01-26 00:00:00,91.44589512225713,2.5966476739544246,0.2542094229937609
2024-01-26 04:00:00,91.44589512225713,2.5903270669480323,0.2523530781270523
2024-01-26 08:00:00,91.44589512225713,2.6758415810785072,0.2773458882714374
2024-01-26 12:00:00,91.44589512225713,2.684491344404081,0.28003548280106066
2024-01-26 16:00:00,91.44589512225713,2.7260649053043258,0.29304584942719375
2024-01-26 20:00:00,91.44589512225713,2.71044776312858,0.28800942639235144
2024-01-27 00:00:00,91.44589512225713,2.709896905345802,0.2878338256268249
2024-01-27 04:00:00,91.44589512225713,2.703100616442281,0.2856682061547631
2024-01-27 08:00:00,91.44589512225713,2.706411595750767,0.28671793569192955
2024-01-27 12:00:00,91.44589512225713,2.709831450479849,0.28780483654229694
2024-01-27 16:00:00,91.44589512225713,2.7160833622803895,0.2897968391668655
2024-01-27 20:00:00,91.44589512225713,2.72970315894258,0.2941563968420221
2024-01-28 00:00:00,91.44589512225713,2.736909674877276,0.29648614770250314
2024-01-28 04:00:00,91.44589512225713,2.7470836940911956,0.299792565657478
2024-01-28 08:00:00,91.44589512225713,2.7524730274107037,0.3015569990453437
2024-01-28 12:00:00,91.44589512225713,2.7386063168482324,0.2969993482539939
2024-01-28 16:00:00,91.44589512225713,2.708011675592743,0.28704546573676964
2024-01-28 20:00:00,91.44589512225713,2.7238984140480604,0.2920973821816424
2024-01-29 00:00:00,91.44589512225713,2.7433495263919414,0.2983549051863917
2024-01-29 04:00:00,91.44589512225713,2.725350086322676,0.2924822799336371
2024-01-29 08:00:00,91.44589512225713,2.737889553662642,0.2965194552108457
2024-01-29 12:00:00,91.44589512225713,2.7634752775027303,0.304832425561409
2024-01-29 16:00:00,91.44589512225713,2.7864324376169978,0.3124294757596916
2024-01-29 20:00:00,91.44589512225713,2.8063093306235665,0.31911558145305424
2024-01-30 00:00:00,91.44589512225713,2.820373053851878,0.32391329191899243
2024-01-30 04:00:00,91.44589512225713,2.8099093482510153,0.3203080950934685
2024-01-30 08:00:00,91.44589512225713,2.821541520419347,0.32428603008773094
2024-01-30 12:00:00,91.44589512225713,2.811027265516065,0.3206607501222505
2024-01-30 16:00:00,91.44589512225713,2.8222051420305996,0.32448601319802495
2024-01-30 20:00:00,91.44589512225713,2.7828751924762103,0.310920005886805
2024-01-31 00:00:00,91.44589512225713,2.782160373494558,0.31068041391094053
2024-01-31 04:00:00,91.44589512225713,2.7899333008435456,0.31328439351156634
2024-01-31 08:00:00,91.44589512225713,2.7638790238541064,0.30450741124906827
2024-01-31 12:00:00,91.44589512225713,2.81009404762524,0.31978248348765503
2024-01-31 16:00:00,91.44589512225713,2.808379259750851,0.31919706629253664
2024-01-31 20:00:00,91.44589512225713,2.7594734577278417,0.30252133938397113
2024-02-01 00:00:00,91.44589512225713,2.722899741291282,0.29049259927960214
2024-02-01 04:00:00,91.44589512225713,2.734209175605704,0.2941122407822529
2024-02-01 08:00:00,91.44589512225713,2.7275574058616647,0.29196569663115995
2024-02-01 12:00:00,91.44589512225713,2.75533359947327,0.300885430859462
2024-02-01 16:00:00,91.44589512225713,2.8008811132252727,0.31580694522977476
2024-02-01 20:00:00,91.44589512225713,2.7920673887008247,0.3128256311657614
2024-02-02 00:00:00,91.44589512225713,2.789106366101398,0.31183036461097446
2024-02-02 04:00:00,91.44589512225713,2.7923233755528214,0.31290937820728626
2024-02-02 08:00:00,91.44589512225713,2.7963102897641745,0.31424970596920965
2024-02-02 12:00:00,92.57848570483247,2.8023813905983674,0.3162965192206268
2024-02-02 16:00:00,92.57848570483247,2.790708390147312,0.31234402786033283
2024-02-02 20:00:00,92.57848570483247,2.799653672471647,0.31534757225221005
2024-02-03 00:00:00,92.57848570483247,2.797964807316448,0.31477688074298144
2024-02-03 04:00:00,92.57848570483247,2.7901303135093856,0.31213269002656646
2024-02-03 08:00:00,92.57848570483247,2.7863708711589203,0.31087098029763144
2024-02-03 12:00:00,92.57848570483247,2.7944082102436405,0.3135611198330181
2024-02-03 16:00:00,92.57848570483247,2.7906513601650946,0.31229644907372595
2024-02-03 20:00:00,92.57848570483247,2.7874110202664006,0.31120858837718857
2024-02-04 00:00:00,92.57848570483247,2.7884524655098417,0.3115574139020863
2024-02-04 04:00:00,92.57848570483247,2.7766492033948587,0.30760103250526705
2024-02-04 08:00:00,92.57848570483247,2.790587201435101,0.31223324450704926
2024-02-04 12:00:00,92.57848570483247,2.783011934819934,0.30969050002082443
2024-02-04 16:00:00,92.57848570483247,2.763131153405487,0.30305356570515124
2024-02-04 20:00:00,92.57848570483247,2.7596601013060056,0.3019114758182492
2024-02-05 00:00:00,92.57848570483247,2.7684368859556083,0.30479206100906286
2024-02-05 04:00:00,92.57848570483247,2.791350625515233,0.3123601503607465
2024-02-05 08:00:00,92.57848570483247,2.7992700162276414,0.31501875804451257
2024-02-05 12:00:00,92.57848570483247,2.7636230370021084,0.3029840485753642
2024-02-05 16:00:00,92.57848570483247,2.7714860458002795,0.30557018229304866
2024-02-05 20:00:00,92.57848570483247,2.767814092627079,0.30435562874816613
2024-02-06 00:00:00,92.57848570483247,2.7770432287265394,0.30740020409862356
2024-02-06 04:00:00,92.57848570483247,2.779563565099744,0.3082371574893803
2024-02-06 08:00:00,92.57848570483247,2.7754781445554704,0.3068780105734467
2024-02-06 12:00:00,92.57848570483247,2.8025628496326944,0.315862084644473
2024-02-06 16:00:00,92.57848570483247,2.8047591520160293,0.31660468563492083
2024-02-06 20:00:00,92.57848570483247,2.7931049455363866,0.31265806186564676
2024-02-07 00:00:00,93.55134353054683,2.773730953282095,0.30615193160529924
2024-02-07 04:00:00,93.55134353054683,2.781380099646952,0.30868476659273186
2024-02-07 08:00:00,93.55134353054683,2.782045017394164,0.3089061494734401
2024-02-07 12:00:00,93.55134353054683,2.7912987800768545,0.311988641863655
2024-02-07 16:00:00,93.55134353054683,2.8265789528258556,0.32381863289783536
2024-02-07 20:00:00,93.55134353054683,2.8741555674224206,0.34017005405431633
2024-02-08 00:00:00,93.55134353054683,2.8865589404866414,0.34457404957933485
2024-02-08 04:00:00,93.55134353054683,2.884760551842866,0.343930018325708
2024-02-08 08:00:00,93.55134353054683,2.8967971184305554,0.3482351277023992
2024-02-08 12:00:00,93.55134353054683,2.9443218875887416,0.3653745337914882
2024-02-08 16:00:00,93.55134353054683,2.9347201124009312,0.361799947587848
2024-02-08 20:00:00,93.55134353054683,2.9350123910597934,0.36190804621334616
2024-02-09 00:00:00,93.55134353054683,2.9850490717074467,0.3804176893624041
2024-02-09 04:00:00,93.55134353054683,2.994203679989237,0.3839177071302038
2024-02-09 08:00:00,93.55134353054683,3.057586024543652,0.40829841765750663
2024-02-09 12:00:00,93.55134353054683,3.056287944380235,0.40777839558212303
2024-02-09 16:00:00,93.55134353054683,3.078937272204127,0.4168442035777565
2024-02-09 20:00:00,93.55134353054683,3.054523903339386,0.40692853748776053
2024-02-10 00:00:00,93.55134353054683,3.070327041025317,0.41324449497549526
2024-02-10 04:00:00,93.55134353054683,3.055751992160991,0.40735939678233646
2024-02-10 08:00:00,93.55134353054683,3.0577143420036403,0.4081441937654308
2024-02-10 12:00:00,93.55134353054683,3.0688274117202017,0.4125943166733341
2024-02-10 16:00:00,93.55134353054683,3.0803377471083424,0.4172369032319788
2024-02-10 20:00:00,93.55134353054683,3.0945952426625962,0.4230305081363289
2024-02-11 00:00:00,93.55134353054683,3.1444005630414837,0.44345563808286637
2024-02-11 04:00:00,93.55134353054683,3.1223604191185466,0.4341306562071503
2024-02-11 08:00:00,107.78255566888893,3.137407909540102,0.44040723163160905
2024-02-11 12:00:00,107.78255566888893,3.1204751893654863,0.43327654353069045
2024-02-11 16:00:00,107.78255566888893,3.129131433370858,0.4368822900164059
2024-02-11 20:00:00,107.78255566888893,3.1301676940704604,0.4373163311781176
2024-02-12 00:00:00,107.78255566888893,3.120123288452489,0.4331064136500211
2024-02-12 04:00:00,107.78255566888893,3.123945593396989,0.43469814381579625
2024-02-12 08:00:00,107.78255566888893,3.1044419875467493,0.42655634267937353
2024-02-12 12:00:00,107.78255566888893,3.2350127799005852,0.48037838207062644
2024-02-12 16:00:00,107.78255566888893,3.210012261446201,0.4692411383348415
2024-02-12 20:00:00,107.78255566888893,3.234978432297659,0.48018983897150724
2024-02-13 00:00:00,107.78255566888893,3.2267298230515435,0.4765166475467183
2024-02-13 04:00:00,107.78255566888893,3.2392440157403,0.48206085621042377
2024-02-13 08:00:00,107.78255566888893,3.2395699939341087,0.4822063913968282
2024-02-13 12:00:00,107.78255566888893,3.1578713040683355,0.44572411396884654
2024-02-13 16:00:00,107.78255566888893,3.1779134544097376,0.4542107831609473
2024-02-13 20:00:00,118.07794649755009,3.220871288514704,0.47263033273487265
2024-02-14 00:00:00,118.07794649755009,3.2091425542173915,0.4674671128198781
2024-02-14 04:00:00,118.07794649755009,3.229901467744385,0.4765387971166583
2024-02-14 08:00:00,118.07794649755009,3.341122246359179,0.5257672487441494
2024-02-14 12:00:00,118.07794649755009,3.3433827074725078,0.5268343839755013
2024-02-14 16:00:00,118.07794649755009,3.349085705694209,0.5295303381792138
2024-02-14 20:00:00,118.07794649755009,3.3566791182128086,0.5331321650528037
2024-02-15 00:00:00,118.07794649755009,3.392202964522191,0.5500586311464776
2024-02-15 04:00:00,118.07794649755009,3.3554763040424134,0.5321925274952178
2024-02-15 08:00:00,118.07794649755009,3.3913397379731793,0.5492567977974206
2024-02-15 12:00:00,118.07794649755009,3.3665984467106913,0.5372355995729728
2024-02-15 16:00:00,118.07794649755009,3.3700837563057267,0.5389041374930348
2024-02-15 20:00:00,118.07794649755009,3.3621766788849334,0.5351109171646942
2024-02-16 00:00:00,118.07794649755009,3.3881155997739794,0.5474959293810687
2024-02-16 04:00:00,118.07794649755009,3.3525846247168194,0.5302712536244035
2024-02-16 08:00:00,118.07794649755009,3.383813076456493,0.5450892690719432
2024-02-16 12:00:00,118.07794649755009,3.362695781336704,0.5348840857167714
2024-02-16 16:00:00,119.34210219711395,3.3541594299075843,0.5308106052477412
2024-02-16 20:00:00,119.34210219711395,3.3779966663383374,0.5421276503927211
2024-02-17 00:00:00,119.34210219711395,3.3679282822051153,0.5372800883855225
2024-02-17 04:00:00,119.34210219711395,3.364207075865455,0.5354991745089085
2024-02-17 08:00:00,119.34210219711395,3.349894494532924,0.5286645397948515
2024-02-17 12:00:00,119.34210219711395,3.3041460797072015,0.5070051430201271
2024-02-17 16:00:00,119.34210219711395,3.330708441992756,0.5192327388630448
2024-02-17 20:00:00,119.34210219711395,3.346794137317853,0.5267556605948275
2024-02-18 00:00:00,119.34210219711395,3.3362533116274014,0.5217785636728411
2024-02-18 04:00:00,119.34210219711395,3.34863853878819,0.5275895846911154
2024-02-18 08:00:00,119.34210219711395,3.359066600650167,0.5325185163418436
2024-02-18 12:00:00,119.34210219711395,3.355306510231722,0.5307302358380686
2024-02-18 16:00:00,119.34210219711395,3.3542780263478766,0.5302421902667644
2024-02-18 20:00:00,119.34210219711395,3.378875446518863,0.5419072250467613
2024-02-19 00:00:00,119.34210219711395,3.374088816420512,0.5396041723225818
2024-02-19 04:00:00,119.34210219711395,3.3954899653154267,0.5498719659680769
2024-02-19 08:00:00,119.34210219711395,3.391742836256577,0.5480515148019361
2024-02-19 12:00:00,119.34210219711395,3.3782481167144756,0.5415099208392535
2024-02-19 16:00:00,119.34210219711395,3.358327803153264,0.5319306533784766
2024-02-19 20:00:00,119.34210219711395,3.3553544672622224,0.5305177997835265
2024-02-20 00:00:00,119.34210219711395,3.3427495450563027,0.5245388765487036
2024-02-20 04:00:00,119.34210219711395,3.359537746071436,0.5324420089680397
2024-02-20 08:00:00,119.34210219711395,3.3885400843007076,0.5462314625167801
2024-02-20 12:00:00,119.34210219711395,3.3492153192901566,0.5272140479041905
2024-02-20 16:00:00,119.34210219711395,3.376506109984937,0.540101921803935
2024-02-20 20:00:00,119.34210219711395,3.3867267900933977,0.5450065854908142
2024-02-21 00:00:00,119.34210219711395,3.370082460169766,0.5369711548390156
2024-02-21 04:00:00,119.34210219711395,3.3419984342677846,0.5235468733865469
2024-02-21 08:00:00,119.34210219711395,3.3029128063417574,0.5051777819304898
2024-02-21 12:00:00,119.34210219711395,3.315256557151842,0.5108416813615935
2024-02-21 16:00:00,119.34210219711395,3.308905490950402,0.5079058096296303
2024-02-21 20:00:00,119.34210219711395,3.3601929427989514,0.5315231611915476
2024-02-22 00:00:00,119.34210219711395,3.3431299609604084,0.5234259743330258
2024-02-22 04:00:00,119.34210219711395,3.3587827468750397,0.5307781336693969
2024-02-22 08:00:00,119.34210219711395,3.3454591172795896,0.5244616567341546
2024-02-22 12:00:00,119.34210219711395,3.3441863117673827,0.5238630503866569
2024-02-22 16:00:00,119.34210219711395,3.338197515566616,0.5210486356800017
2024-02-22 20:00:00,119.34210219711395,3.3238382733395437,0.5143247702973284
2024-02-23 00:00:00,119.34210219711395,3.3116273764653053,0.5086562934821278
2024-02-23 04:00:00,119.34210219711395,3.299700333366192,0.5031604165201444
2024-02-23 08:00:00,119.34210219711395,3.3193361450842978,0.512143016942572
2024-02-23 12:00:00,119.34210219711395,3.2993860203960184,0.5029086550705149
2024-02-23 16:00:00,120.16100195188052,3.311568402279148,0.5084793508762134
2024-02-23 20:00:00,120.16100195188052,3.288565877406299,0.4978834873804055
2024-02-24 00:00:00,120.16100195188052,3.295423732767895,0.5009982915874673
2024-02-24 04:00:00,120.16100195188052,3.3095989236887213,0.5074633901697629
2024-02-24 08:00:00,120.16100195188052,3.3129099029972067,0.5089864153067122
2024-02-24 12:00:00,120.16100195188052,3.3115846039786403,0.5083755693588107
2024-02-24 16:00:00,120.16100195188052,3.341248619615225,0.5220371205273353
2024-02-24 20:00:00,120.16100195188052,3.341971215412634,0.5223758159125005
2024-02-25 00:00:00,120.16100195188052,3.3456502973336106,0.5241010223518162
2024-02-25 04:00:00,120.16100195188052,3.3517609303145677,0.5269727411878423
2024-02-25 08:00:00,120.16100195188052,3.346947081361068,0.524702202896391
2024-02-25 12:00:00,120.16100195188052,3.339106754942188,0.5210148097795506
2024-02-25 16:00:00,120.16100195188052,3.3487590794324182,0.5255330876100791
2024-02-25 20:00:00,120.16100195188052,3.3523811313711787,0.5272383534357563
2024-02-26 00:00:00,125.80525576959754,3.341152705554224,0.5219405756705665
2024-02-26 04:00:00,125.80525576959754,3.3241519382417364,0.5139732143495735
2024-02-26 08:00:00,125.80525576959754,3.310979956553545,0.5078633440186635
2024-02-26 12:00:00,125.80525576959754,3.424541556711156,0.5601201756198324
2024-02-26 16:00:00,125.80525576959754,3.531135129950615,0.6124237117055537
2024-02-26 20:00:00,125.80525576959754,3.530445585620173,0.6120649375867274
2024-02-27 00:00:00,125.80525576959754,3.6076389068908012,0.6522134040222918
2024-02-27 04:00:00,125.80525576959754,3.6330094721616164,0.6659733920623716
2024-02-27 08:00:00,125.80525576959754,3.663385066439954,0.6826780038002142
2024-02-27 12:00:00,125.80525576959754,3.6775045235145236,0.6905715579275534
2024-02-27 16:00:00,125.80525576959754,3.7160010576469684,0.7122585019250394
2024-02-27 20:00:00,125.80525576959754,3.696407370347545,0.7009917368085257
2024-02-28 00:00:00,125.80525576959754,3.688569636200584,0.6965326610180197
2024-02-28 04:00:00,125.80525576959754,3.7744192014765834,0.7451669816734318
2024-02-28 08:00:00,125.80525576959754,3.8197846081262803,0.7720358597771021
2024-02-28 12:00:00,125.80525576959754,3.951025502771166,0.8516131296992264
2024-02-28 16:00:00,125.80525576959754,3.9500462720537803,0.8509799327719891
2024-02-28 20:00:00,125.80525576959754,4.046024491785118,0.9130112610268469
2024-02-29 00:00:00,125.80525576959754,3.9895926763134018,0.8748086625671918
2024-02-29 04:00:00,125.80525576959754,4.0638508977037935,0.9236570593407505
2024-02-29 08:00:00,125.80525576959754,4.078681933420117,0.9337697267452978
2024-02-29 12:00:00,125.80525576959754,4.067794391360505,0.9262919748588639
2024-02-29 16:00:00,125.80525576959754,3.992098755191053,0.8745812046700967
2024-02-29 20:00:00,125.80525576959754,3.961703070805344,0.8546041230167998
2024-03-01 00:00:00,125.80525576959754,3.9600783643801387,0.8535526958011378
2024-03-01 04:00:00,125.80525576959754,3.981340826727389,0.8673013874071737
2024-03-01 08:00:00,125.80525576959754,4.009189603952725,0.8855012483406933
2024-03-01 12:00:00,125.80525576959754,3.9703230230038495,0.8597481091663581
2024-03-01 16:00:00,125.80525576959754,4.031987339343977,0.899807151518295
2024-03-01 20:00:00,125.80525576959754,4.043160031314674,0.9072872852271819
2024-03-02 00:00:00,125.80525576959754,4.037946324417675,0.9037774093331449
2024-03-02 04:00:00,125.80525576959754,4.018789434936596,0.8909142636483733
2024-03-02 08:00:00,125.80525576959754,4.006765829708502,0.8829178247418733
2024-03-02 12:00:00,125.80525576959754,4.003193679004181,0.8805563823739737
2024-03-02 16:00:00,125.80525576959754,4.025459350584067,0.8952492856829051
2024-03-02 20:00:00,125.80525576959754,4.017197131910377,0.8897368126544266
2024-03-03 00:00:00,125.80525576959754,4.013555637932225,0.8873172366622367
2024-03-03 04:00:00,125.80525576959754,3.9919691415951046,0.8730002030837953
2024-03-03 08:00:00,125.80525576959754,4.007075606202816,0.8829110612612768
2024-03-03 12:00:00,125.80525576959754,4.028690617531045,0.8971988869474999
2024-03-03 16:00:00,125.80525576959754,4.065330436901538,0.9216782090980625
2024-03-03 20:00:00,125.80525576959754,4.09021430311957,0.9386029715058763
2024-03-04 00:00:00,125.80525576959754,4.112556446721065,0.9539838788276617
2024-03-04 04:00:00,125.80525576959754,4.151952499209387,0.9813998178793478
2024-03-04 08:00:00,125.80525576959754,4.2273474318362405,1.0348632713965373
2024-03-04 12:00:00,125.80525576959754,4.306518656581031,1.0930071031688002
2024-03-04 16:00:00,125.80525576959754,4.368319067196904,1.140062481191143
2024-03-04 20:00:00,125.80525576959754,4.422785940554053,1.1827074696824171
2024-03-05 00:00:00,125.80525576959754,4.414246348785034,1.1758566934235115
2024-03-05 04:00:00,125.80525576959754,4.285650219565462,1.0730912784397235
2024-03-05 08:00:00,125.80525576959754,4.319782015854366,1.0987302347511072
2024-03-05 12:00:00,125.80525576959754,4.327347561449837,1.1045030911065605
2024-03-05 16:00:00,125.80525576959754,3.9798489742380307,0.8384186652912163
2024-03-05 20:00:00,125.80525576959754,4.129749042155556,0.933155185961227
2024-03-06 00:00:00,125.80525576959754,4.099886069649191,0.9129117372348707
2024-03-06 04:00:00,125.80525576959754,4.32108787283354,1.0606751523595666
2024-03-06 08:00:00,125.80525576959754,4.361582400547519,1.090495100911958
2024-03-06 12:00:00,125.80525576959754,4.308428512917322,1.0506260473905489
2024-03-06 16:00:00,125.80525576959754,4.325171997241854,1.062874927024518
2024-03-06 20:00:00,125.80525576959754,4.282046961598114,1.0310820740637576
2024-03-07 00:00:00,125.80525576959754,4.267352020157537,1.0204668069954526
2024-03-07 04:00:00,125.80525576959754,4.30237944639444,1.0455954996650965
2024-03-07 08:00:00,125.80525576959754,4.335920852753802,1.070049928182212
2024-03-07 12:00:00,125.80525576959754,4.358905879791198,1.0870671621441823
2024-03-07 16:00:00,125.80525576959754,4.374330545776962,1.0986074305114608
2024-03-07 20:00:00,125.80525576959754,4.330595678164288,1.0656555650576003
2024-03-08 00:00:00,160.98738891382442,4.352171157345753,1.081583186452349
2024-03-08 04:00:00,160.98738891382442,4.356508676334145,1.084817012126354
2024-03-08 08:00:00,160.98738891382442,4.39009091097623,1.109904013313466
2024-03-08 12:00:00,160.98738891382442,4.382080142678679,1.1038281592615966
2024-03-08 16:00:00,160.98738891382442,4.462854687605344,1.1648684969586782
2024-03-08 20:00:00,160.98738891382442,4.414910618464267,1.1273262467615852
2024-03-09 00:00:00,160.98738891382442,4.42289157563475,1.1334399441408283
2024-03-09 04:00:00,160.98738891382442,4.425568096391072,1.1354976537757984
2024-03-09 08:00:00,160.98738891382442,4.426303653548076,1.1360638342578095
2024-03-09 12:00:00,160.98738891382442,4.425539581399963,1.135475509459845
2024-03-09 16:00:00,160.98738891382442,4.4194030256998165,1.1307520795265291
2024-03-09 20:00:00,160.98738891382442,4.4271642878251685,1.1367094881880322
2024-03-10 00:00:00,160.98738891382442,4.480533982092618,1.177818763049824
2024-03-10 04:00:00,160.98738891382442,4.494167388182384,1.1885703932534883
2024-03-10 08:00:00,160.98738891382442,4.508509132574003,1.1999492569889458
2024-03-10 12:00:00,160.98738891382442,4.484295368647022,1.1806156232896179
2024-03-10 16:00:00,160.98738891382442,4.497604092678938,1.191127299858464
2024-03-10 20:00:00,160.98738891382442,4.468809784271164,1.1682499948856633
2024-03-11 00:00:00,160.98738891382442,4.446032787055263,1.1503866969390986
2024-03-11 04:00:00,160.98738891382442,4.6025781440370315,1.2719024648819743
2024-03-11 08:00:00,160.98738891382442,4.632856528118408,1.2970043643873461
2024-03-11 12:00:00,160.98738891382442,4.666737522099153,1.3254601109420456
2024-03-11 16:00:00,160.98738891382442,4.664145250180198,1.3232513175340046
2024-03-11 20:00:00,160.98738891382442,4.671150865041175,1.3292139464387744
2024-03-12 00:00:00,160.98738891382442,4.641398064091366,1.3038147424027338
2024-03-12 04:00:00,160.98738891382442,4.673937557354051,1.3312367414041335
2024-03-12 08:00:00,160.98738891382442,4.667633152047152,1.3258498555883131
2024-03-12 12:00:00,160.98738891382442,4.64686840590834,1.3081550616064448
2024-03-12 16:00:00,160.98738891382442,4.623964387368411,1.2888117070070075
2024-03-12 20:00:00,160.98738891382442,4.630575976897706,1.2943401410130466
2024-03-13 00:00:00,160.98738891382442,4.669811308527053,1.327241359950293
2024-03-13 04:00:00,160.98738891382442,4.721509635474757,1.371322043236104
2024-03-13 08:00:00,160.98738891382442,4.735135264748766,1.38319438527435
2024-03-13 12:00:00,160.98738891382442,4.707238530492929,1.358747392295653
2024-03-13 16:00:00,160.98738891382442,4.753529378217693,1.3988330401074658
2024-03-13 20:00:00,160.98738891382442,4.735588912334583,1.3829948821186595
2024-03-14 00:00:00,160.98738891382442,4.748204851696158,1.3940480667762631
2024-03-14 04:00:00,160.98738891382442,4.745412974839443,1.3915890255240366
2024-03-14 08:00:00,160.98738891382442,4.723378663528323,1.3722043865254223
2024-03-14 12:00:00,160.98738891382442,4.591173443729586,1.2569822571224802
2024-03-14 16:00:00,160.98738891382442,4.498569713968748,1.1809224567167385
2024-03-14 20:00:00,160.98738891382442,4.626488612149493,1.281662675789724
2024-03-15 00:00:00,160.98738891382442,4.421379633038018,1.1112004451211983
2024-03-15 04:00:00,160.98738891382442,4.4359145016876,1.122159345184319
2024-03-15 08:00:00,160.98738891382442,4.391163463482696,1.0881971515650133
2024-03-15 12:00:00,160.98738891382442,4.417041465981647,1.1074360404210546
2024-03-15 16:00:00,160.98738891382442,4.46933601547071,1.1467697455273753
2024-03-15 20:00:00,160.98738891382442,4.504062738165014,1.1735009343276557
2024-03-16 00:00:00,160.98738891382442,4.4846356043363835,1.1583161371626225
2024-03-16 04:00:00,160.98738891382442,4.499694759981574,1.1699848196609295
2024-03-16 08:00:00,160.98738891382442,4.423453450573183,1.1105133358846013
2024-03-16 12:00:00,160.98738891382442,4.431850467386659,1.1168375795488843
2024-03-16 16:00:00,160.98738891382442,4.3363213587652805,1.0446168451845712
2024-03-16 20:00:00,160.98738891382442,4.2319247359771355,0.9691696204134387
2024-03-17 00:00:00,140.81565908021813,4.312178882316071,1.0243075673736073
2024-03-17 04:00:00,140.81565908021813,4.253702412368279,0.9826363665847513
2024-03-17 08:00:00,140.81565908021813,4.339170913672192,1.0418679132024866
2024-03-17 12:00:00,140.81565908021813,4.404626427693791,1.0890170122986311
2024-03-17 16:00:00,140.81565908021813,4.44164601490041,1.1164756135567109
2024-03-17 20:00:00,140.81565908021813,4.4323624410906515,1.1094749090450426
2024-03-18 00:00:00,140.81565908021813,4.4050483199486,1.0889637262576535
2024-03-18 04:00:00,140.81565908021813,4.421014770765425,1.1008048352628796
2024-03-18 08:00:00,140.81565908021813,4.42328430483047,1.1025001343302672
2024-03-18 12:00:00,140.81565908021813,4.372332552195426,1.0644010815089373
2024-03-18 16:00:00,140.81565908021813,4.337907829179681,1.0392600072851526
2024-03-18 20:00:00,140.81565908021813,4.381586962946097,1.070653466065635
2024-03-19 00:00:00,140.81565908021813,4.269213271395346,0.9882769549721485
2024-03-19 04:00:00,140.81565908021813,4.193273313597532,0.9355391045892789
2024-03-19 08:00:00,140.81565908021813,4.08809965730168,0.8651448844569976
2024-03-19 12:00:00,130.47471568049335,4.150995302803311,0.9050757940642298
2024-03-19 16:00:00,130.47471568049335,4.173038687066146,0.919494697527268
2024-03-19 20:00:00,130.47471568049335,4.013964568827438,0.814342682986168
2024-03-20 00:00:00,130.47471568049335,4.009001016170618,0.8113217050589423
2024-03-20 04:00:00,130.47471568049335,4.080096665819884,0.8544856579711911
2024-03-20 08:00:00,130.47471568049335,4.108293455550339,0.872201232673632
2024-03-20 12:00:00,130.47471568049335,4.121736329654061,0.8807631025771332
2024-03-20 16:00:00,130.47471568049335,4.263280209040834,0.9715015315221706
2024-03-20 20:00:00,130.47471568049335,4.396526226015031,1.0625924543884289
2024-03-21 00:00:00,130.47471568049335,4.319661475210131,1.0068603377024572
2024-03-21 04:00:00,130.47471568049335,4.341095675572013,1.021848488745263
2024-03-21 08:00:00,130.47471568049335,4.344906963360856,1.024539900516571
2024-03-21 12:00:00,130.47471568049335,4.313395953982016,1.0022487766653014
2024-03-21 16:00:00,130.47471568049335,4.226941741280919,0.9419839900505387
2024-03-21 20:00:00,139.2017210720207,4.24492757192261,0.9540085450710905
2024-03-22 00:00:00,139.2017210720207,4.276081495844615,0.9750132212149233
2024-03-22 04:00:00,139.2017210720207,4.288784924383454,0.9837029602614056
2024-03-22 08:00:00,139.2017210720207,4.1627933803744535,0.897008297091247
2024-03-22 12:00:00,139.2017210720207,4.1396664264494945,0.8820579493356234
2024-03-22 16:00:00,139.2017210720207,4.139011229721978,0.8816391319075874
2024-03-22 20:00:00,139.2017210720207,4.134455959892394,0.8787282162937423
2024-03-23 00:00:00,139.2017210720207,4.118860852027959,0.8687845660653482
2024-03-23 04:00:00,139.2017210720207,4.1849255499505125,0.9105893212966092
2024-03-23 08:00:00,139.2017210720207,4.188438726468676,0.912882595800363
2024-03-23 12:00:00,139.2017210720207,4.219185015631425,0.9329863295029085
2024-03-23 16:00:00,139.2017210720207,4.204204924279762,0.923048708568515
2024-03-23 20:00:00,139.2017210720207,4.1469876504166026,0.8853619175830009
2024-03-24 00:00:00,139.2017210720207,4.145235922667369,0.8842399612354895
2024-03-24 04:00:00,139.2017210720207,4.1854453004702625,0.9099717212605177
2024-03-24 08:00:00,139.2017210720207,4.234087986893498,0.941698430783861
2024-03-24 12:00:00,139.2017210720207,4.256080173785934,0.9563721985115651
2024-03-24 16:00:00,149.52392400229678,4.267075295130183,0.9637842499369592
2024-03-24 20:00:00,149.52392400229678,4.3556642437565385,1.0238117588271798
2024-03-25 00:00:00,149.52392400229678,4.364737843540861,1.030210088198456
2024-03-25 04:00:00,149.52392400229678,4.330467360704294,1.0059434780986687
2024-03-25 08:00:00,149.52392400229678,4.329751893654661,1.0054448810519137
2024-03-25 12:00:00,149.52392400229678,4.522999284532976,1.1400712555238486
2024-03-25 16:00:00,149.52392400229678,4.5987480622767665,1.1973511700545072
2024-03-25 20:00:00,149.52392400229678,4.5286996904827586,1.1426368225024182
2024-03-26 00:00:00,149.52392400229678,4.563896262462373,1.169278177804216
2024-03-26 04:00:00,149.52392400229678,4.567996588570181,1.1724297098926033
2024-03-26 08:00:00,149.52392400229678,4.581397338255219,1.1827480869497704
2024-03-26 12:00:00,149.52392400229678,4.552677557665114,1.1605049176440272
2024-03-26 16:00:00,149.52392400229678,4.502625323385947,1.1222290701118984
2024-03-26 20:00:00,149.52392400229678,4.5356981765959565,1.1469581878852868
2024-03-27 00:00:00,149.52392400229678,4.56162024771753,1.1666232078418042
2024-03-27 04:00:00,149.52392400229678,4.518718147458821,1.1337068865947586
2024-03-27 08:00:00,149.52392400229678,4.550780662688418,1.157839501064939
2024-03-27 12:00:00,149.52392400229678,4.463503403653054,1.09122254089082
2024-03-27 16:00:00,149.52392400229678,4.449116294502853,1.0806706023910482
2024-03-27 20:00:00,149.52392400229678,4.502127607177508,1.1192992401313848
2024-03-28 00:00:00,149.52392400229678,4.490463031610189,1.1105992531198168
2024-03-28 04:00:00,149.52392400229678,4.562335714767162,1.1639267703526412
2024-03-28 08:00:00,149.52392400229678,4.57841752168438,1.1762349695450023
2024-03-28 12:00:00,149.52392400229678,4.62010190220916,1.2083622007279473
2024-03-28 16:00:00,149.52392400229678,4.588208532722273,1.1833375954546033
2024-03-28 20:00:00,149.52392400229678,4.587064044670055,1.182452076152192
2024-03-29 00:00:00,149.52392400229678,4.565134720371653,1.165493271047613
2024-03-29 04:00:00,149.52392400229678,4.5231256577890235,1.1333181331193156
2024-03-29 08:00:00,149.52392400229678,4.545728972786353,1.1503086494302885
2024-03-29 12:00:00,149.52392400229678,4.48333428383306,1.1029412299397083
2024-03-29 16:00:00,149.52392400229678,4.514829739580387,1.126185740275285
2024-03-29 20:00:00,149.52392400229678,4.5267898341464665,1.1351357707722807
2024-03-30 00:00:00,149.52392400229678,4.521828873761566,1.1314037462273334
2024-03-30 04:00:00,149.52392400229678,4.526896117295144,1.1352073609661855
2024-03-30 08:00:00,149.52392400229678,4.54837114593975,1.1513632059177694
2024-03-30 12:00:00,149.52392400229678,4.5364752101036645,1.1423292842903399
2024-03-30 16:00:00,149.52392400229678,4.529757985493671,1.1372548936947109
2024-03-30 20:00:00,149.52392400229678,4.509398281842197,1.1219201852935359
2024-03-31 00:00:00,149.52392400229678,4.5310716192886025,1.1380969032794226
2024-03-31 04:00:00,149.52392400229678,4.556030013324303,1.1569037595925777
2024-03-31 08:00:00,149.52392400229678,4.560453725354001,1.1602736731336722
2024-03-31 12:00:00,149.52392400229678,4.56117567308343,1.1608247083996448
2024-03-31 16:00:00,149.52392400229678,4.602805615897912,1.192609320323381
2024-03-31 20:00:00,149.52392400229678,4.619429207646192,1.2055310807304072
2024-04-01 00:00:00,149.52392400229678,4.574582903448267,1.1704205003082617
2024-04-01 04:00:00,149.52392400229678,4.510225216584346,1.1210221894800723
2024-04-01 08:00:00,149.52392400229678,4.50148083533373,1.1145019083780316
2024-04-01 12:00:00,149.52392400229678,4.42223119436339,1.0556386946952598
2024-04-01 16:00:00,149.52392400229678,4.513664513352819,1.1211173265899574
2024-04-01 20:00:00,149.52392400229678,4.513780517521194,1.1212037669641164
2024-04-02 00:00:00,149.52392400229678,4.322870707845796,0.9789402273917456
2024-04-02 04:00:00,149.52392400229678,4.306768162753226,0.9680006710969691
2024-04-02 08:00:00,149.52392400229678,4.252796413332598,0.9316081690965508
2024-04-02 12:00:00,149.52392400229678,4.2053131205251155,0.9004034140301849
2024-04-02 16:00:00,149.52392400229678,4.271733607768545,0.9430674666903573
2024-04-02 20:00:00,149.52392400229678,4.242511574494142,0.9237134867220036
2024-04-03 00:00:00,149.52392400229678,4.2918813931906445,0.9559610598160736
2024-04-03 04:00:00,149.52392400229678,4.286061742732591,0.9520723042494821
2024-04-03 08:00:00,149.52392400229678,4.281121520523041,0.9487801570349496
2024-04-03 12:00:00,149.52392400229678,4.266620999476386,0.9391393608768996
2024-04-03 16:00:00,149.52392400229678,4.263250397913764,0.936913619759271
2024-04-03 20:00:00,149.52392400229678,4.274868960654522,0.9445736833195794
2024-04-04 00:00:00,149.52392400229678,4.252622731114028,0.9298271239486787
2024-04-04 04:00:00,149.52392400229678,4.283184968970531,0.9498742333616291
2024-04-04 08:00:00,149.52392400229678,4.300168886515546,0.9611737119793541
2024-04-04 12:00:00,149.52392400229678,4.3840496212690985,1.017420775279204
2024-04-04 16:00:00,149.52392400229678,4.4392656612108246,1.0558632777724326
2024-04-04 20:00:00,149.52392400229678,4.4384743702075635,1.055298660664917
2024-04-05 00:00:00,149.52392400229678,4.398047889631457,1.0264630694804402
2024-04-05 04:00:00,149.52392400229678,4.337566945422333,0.9841160165179212
2024-04-05 08:00:00,149.52392400229678,4.308226315707638,0.9641454311642408
2024-04-05 12:00:00,149.52392400229678,4.419215734053665,1.0386609738243917
2024-04-05 16:00:00,149.52392400229678,4.368781787734432,1.0031000678061026
2024-04-05 20:00:00,149.52392400229678,4.395237218803329,1.0213230732033207
2024-04-06 00:00:00,149.52392400229678,4.393123869121401,1.0198498334091182
2024-04-06 04:00:00,149.52392400229678,4.4063451039760535,1.029057637171781
2024-04-06 08:00:00,149.52392400229678,4.385356774384232,1.0143527965283736
2024-04-06 12:00:00,149.52392400229678,4.413602169213169,1.0339526580957161
2024-04-06 16:00:00,149.52392400229678,4.423710733561135,1.04105690757929
2024-04-06 20:00:00,149.52392400229678,4.464929153208483,1.0701574001823604
2024-04-07 00:00:00,149.52392400229678,4.498113474111009,1.0940183252039892
2024-04-07 04:00:00,149.52392400229678,4.495259382728239,1.091935833315426
2024-04-07 08:00:00,149.52392400229678,4.494805087074442,1.0916047767549042
2024-04-07 12:00:00,149.52392400229678,4.506907108528085,1.1004220385746721
2024-04-07 16:00:00,149.52392400229678,4.47607657052797,1.0778389659755652
2024-04-07 20:00:00,149.52392400229678,4.4950247821195735,1.091527150572397
2024-04-08 00:00:00,149.52392400229678,4.501412140127879,1.0961802782131334
2024-04-08 04:00:00,149.52392400229678,4.58175183144014,1.1548730500141153
2024-04-08 08:00:00,149.52392400229678,4.692271400500857,1.2384454977391661
2024-04-08 12:00:00,149.52392400229678,4.6514418216413524,1.2061166720188066
2024-04-08 16:00:00,149.52392400229678,4.650924663393521,1.205714375349065
2024-04-08 20:00:00,149.52392400229678,4.641462870889335,1.1983556971950242
2024-04-09 00:00:00,149.52392400229678,4.6197525935680845,1.181539898874988
2024-04-09 04:00:00,149.52392400229678,4.561361020525639,1.1367375169874092
2024-04-09 08:00:00,149.52392400229678,4.587987541541188,1.1566443158018604
2024-04-09 12:00:00,149.52392400229678,4.488778054862872,1.0816113599790025
2024-04-09 16:00:00,149.52392400229678,4.471718961432208,1.0692797349665601
2024-04-09 20:00:00,149.52392400229678,4.481130852701954,1.076031463791145
2024-04-10 00:00:00,149.52392400229678,4.481401745117484,1.0762266079000729
2024-04-10 04:00:00,149.52392400229678,4.493462290220424,1.0849157727755747
2024-04-10 08:00:00,149.52392400229678,4.474455752510644,1.0711487767163854
2024-04-10 12:00:00,149.52392400229678,4.449461066668078,1.053198195475537
2024-04-10 16:00:00,149.52392400229678,4.541918981133474,1.1188532313641684
2024-04-10 20:00:00,149.52392400229678,4.577374132237004,1.1450552247586807
2024-04-11 00:00:00,149.52392400229678,4.591669863802062,1.1557836915482091
2024-04-11 04:00:00,149.52392400229678,4.584173013412444,1.150122524037057
2024-04-11 08:00:00,149.52392400229678,4.535384511693767,1.1134009029879635
2024-04-11 12:00:00,149.52392400229678,4.536475858171647,1.1142046536848305
2024-04-11 16:00:00,149.52392400229678,4.5662655989963,1.1361546445345148
2024-04-11 20:00:00,149.52392400229678,4.5368796045230235,1.1142196299928173
2024-04-12 00:00:00,149.52392400229678,4.599809597627581,1.1605848676084507
2024-04-12 04:00:00,149.52392400229678,4.58598889989167,1.150123504603103
2024-04-12 08:00:00,149.52392400229678,4.595061851608013,1.156949741159416
2024-04-12 12:00:00,149.52392400229678,4.494176461134094,1.0807466365017133
2024-04-12 16:00:00,149.52392400229678,4.331944307630119,0.9637072707259381
2024-04-12 20:00:00,149.52392400229678,4.349606752349921,0.9754951136803967
2024-04-13 00:00:00,149.52392400229678,4.35246019566471,0.9774149562104627
2024-04-13 04:00:00,149.52392400229678,4.370992995681301,0.9899004713690273
2024-04-13 08:00:00,149.52392400229678,4.365385911520601,0.986090955824733
2024-04-13 12:00:00,149.52392400229678,4.385864859680348,0.999968839229155
2024-04-13 16:00:00,149.52392400229678,4.1987034751997605,0.8719515210659035
2024-04-13 20:00:00,149.52392400229678,4.1427428051493145,0.8370871933095604
2024-04-14 00:00:00,149.52392400229678,4.111184486807954,0.8179570671816938
2024-04-14 04:00:00,149.52392400229678,4.177724866627635,0.8576734852367164
2024-04-14 08:00:00,149.52392400229678,4.158396239131925,0.8457691699658524
2024-04-14 12:00:00,149.52392400229678,4.159363156557695,0.846359149059901
2024-04-14 16:00:00,149.52392400229678,4.1585627926027176,0.8458705679980588
2024-04-14 20:00:00,149.52392400229678,4.255333599473275,0.9049214334933455
2024-04-15 00:00:00,149.52392400229678,4.221397519714253,0.8832713194248646
2024-04-15 04:00:00,149.52392400229678,4.29434729185355,0.9290626299008199
2024-04-15 08:00:00,149.52392400229678,4.268183491375535,0.9120813699130095
2024-04-15 12:00:00,149.52392400229678,4.184497825083884,0.8584322210601514
2024-04-15 16:00:00,149.52392400229678,4.102342247292396,0.8078706019144082
2024-04-15 20:00:00,149.52392400229678,4.110046479435531,0.8124221646194975
2024-04-16 00:00:00,149.52392400229678,4.07997677324363,0.7945907635031396
2024-04-16 04:00:00,149.52392400229678,4.116280893400618,0.8158018537792129
2024-04-16 08:00:00,149.52392400229678,4.088970012598465,0.7995637001421808
2024-04-16 12:00:00,149.52392400229678,4.002610417822411,0.7489030225662836
2024-04-16 16:00:00,149.52392400229678,4.064775042642896,0.7837967073606849
2024-04-16 20:00:00,149.52392400229678,4.134245337798977,0.8239838675588352
2024-04-17 00:00:00,149.52392400229678,4.137396892384447,0.8258682478439736
2024-04-17 04:00:00,149.52392400229678,4.102130329063021,0.804749508973631
2024-04-17 08:00:00,149.52392400229678,4.056584111446978,0.7779439518689969
2024-04-17 12:00:00,149.52392400229678,3.9081707114749733,0.6925588319903769
2024-04-17 16:00:00,149.52392400229678,3.9546631083414354,0.7172752958662227
2024-04-17 20:00:00,149.52392400229678,3.9711901379607344,0.726268044225724
2024-04-18 00:00:00,149.52392400229678,4.017243792804913,0.7515355056197814
2024-04-18 04:00:00,149.52392400229678,3.9647554709899078,0.7220773700107166
2024-04-18 08:00:00,149.52392400229678,4.056770755025142,0.7723519618107212
2024-04-18 12:00:00,149.52392400229678,4.115147422504054,0.8056942453958562
2024-04-18 16:00:00,149.52392400229678,4.113743707259941,0.8048697558855858
2024-04-18 20:00:00,149.52392400229678,4.113292651946042,0.8046050037720204
2024-04-19 00:00:00,149.52392400229678,4.004097085767932,0.740525464796067
2024-04-19 04:00:00,149.52392400229678,4.18309605404371,0.839838711708771
2024-04-19 08:00:00,149.52392400229678,4.204064941596138,0.8524684600677458
2024-04-19 12:00:00,149.52392400229678,4.175966658198602,0.8353757885382593
2024-04-19 16:00:00,149.52392400229678,4.168713481369366,0.8310229317203762
2024-04-19 20:00:00,149.52392400229678,4.135840881165095,0.8113637121190916
2024-04-20 00:00:00,149.52392400229678,4.14478357121751,0.816626806908571
2024-04-20 04:00:00,149.52392400229678,4.145121862702934,0.8168267627500275
2024-04-20 08:00:00,149.52392400229678,4.128657695677669,0.8070936069842379
2024-04-20 12:00:00,149.52392400229678,4.200021645470547,0.8489455055133472
2024-04-20 16:00:00,149.52392400229678,4.20378627236485,0.8512283245211727
2024-04-20 20:00:00,149.52392400229678,4.208591696434612,0.8541474879713283
2024-04-21 00:00:00,149.52392400229678,4.223459023957801,0.8631996066177177
2024-04-21 04:00:00,149.52392400229678,4.2222056604849865,0.8624311112797409
2024-04-21 08:00:00,149.52392400229678,4.227607307096109,0.8657411452744157
2024-04-21 12:00:00,149.52392400229678,4.21527327730572,0.858163754825693
2024-04-21 16:00:00,149.52392400229678,4.182501127638309,0.8381480624882285
2024-04-21 20:00:00,149.52392400229678,4.20862798824148,0.8538550595159703
2024-04-22 00:00:00,149.52392400229678,4.258033450676868,0.8839255035082
2024-04-22 04:00:00,149.52392400229678,4.275952530316646,0.8950849730213927
2024-04-22 08:00:00,149.52392400229678,4.269307889320384,0.890912205715366
2024-04-22 12:00:00,149.52392400229678,4.276884452071511,0.8956553999805762
2024-04-22 16:00:00,149.52392400229678,4.311257329648877,0.9172502691616654
2024-04-22 20:00:00,149.52392400229678,4.330346171992085,0.9294341248945711
2024-04-23 00:00:00,149.52392400229678,4.305440271462742,0.9133972588262734
2024-04-23 04:00:00,149.52392400229678,4.283715736645938,0.8995707073241176
2024-04-23 08:00:00,149.52392400229678,4.280099517318996,0.8972925134538189
2024-04-23 12:00:00,149.52392400229678,4.3044390064340465,0.9126003173559384
2024-04-23 16:00:00,149.52392400229678,4.308643023418611,0.9152742457553528
2024-04-23 20:00:00,149.52392400229678,4.3040786806373115,0.9123654700407136
2024-04-24 00:00:00,149.52392400229678,4.316660272395961,0.9203664923712628
2024-04-24 04:00:00,149.52392400229678,4.318135275117846,0.921309960002983
2024-04-24 08:00:00,149.52392400229678,4.314287047454157,0.9188468061768318
2024-04-24 12:00:00,149.52392400229678,4.187174345840208,0.8376303048514917
2024-04-24 16:00:00,149.52392400229678,4.1460835955848685,0.8129701009859779
2024-04-24 20:00:00,149.52392400229678,4.166402470953619,0.8249225648808532
2024-04-25 00:00:00,149.52392400229678,4.165911235424977,0.8246307798636306
2024-04-25 04:00:00,149.52392400229678,4.148800944623913,0.8144699735120745
2024-04-25 08:00:00,149.52392400229678,4.138641830973527,0.8084868281627242
2024-04-25 12:00:00,149.52392400229678,4.156444906444931,0.8189203611481322
2024-04-25 16:00:00,149.52392400229678,4.196052877162628,0.8423315510577012
2024-04-25 20:00:00,149.52392400229678,4.179930890030665,0.8326223847355303
2024-04-26 00:00:00,149.52392400229678,4.172342013987923,0.8280873805205755
2024-04-26 04:00:00,149.52392400229678,4.165583313027227,0.8240631694500297
2024-04-26 08:00:00,149.52392400229678,4.163449225169947,0.8227966314374143
2024-04-26 12:00:00,149.52392400229678,4.115440349230896,0.7943335428307784
2024-04-26 16:00:00,149.52392400229678,4.130918156790998,0.8032957976597908
2024-04-26 20:00:00,149.52392400229678,4.132730154862347,0.8043528777428395
2024-04-27 00:00:00,149.52392400229678,4.0881430778563175,0.7783189420470286
2024-04-27 04:00:00,149.52392400229678,4.080678630865686,0.7740555977554479
2024-04-27 08:00:00,149.52392400229678,4.0738940071858,0.7701947135154907
2024-04-27 12:00:00,149.52392400229678,4.079701344352239,0.773488451922016
2024-04-27 16:00:00,149.52392400229678,4.105647393989062,0.7882461275995704
2024-04-27 20:00:00,149.52392400229678,4.112767716882453,0.7923472349836512
2024-04-28 00:00:00,149.52392400229678,4.149036193300555,0.8133091970869253
2024-04-28 04:00:00,149.52392400229678,4.142158895899566,0.809264858377836
2024-04-28 08:00:00,149.52392400229678,4.114195410641817,0.7928749516850252
2024-04-28 12:00:00,149.52392400229678,4.117823943260374,0.7949727902688596
2024-04-28 16:00:00,149.52392400229678,4.1301689902064185,0.8021226659448896
2024-04-28 20:00:00,149.52392400229678,4.09051565473014,0.779019369754399
2024-04-29 00:00:00,149.52392400229678,4.036145991569953,0.7479560337567747
2024-04-29 04:00:00,149.52392400229678,4.04394289743419,0.7522906709066479
2024-04-29 08:00:00,149.52392400229678,4.034612014661911,0.7470832264108094
2024-04-29 12:00:00,149.52392400229678,4.085360273951317,0.7752741700357857
2024-04-29 16:00:00,149.52392400229678,4.082009762496068,0.7733667017978731
2024-04-29 20:00:00,149.52392400229678,4.138950959399859,0.8057304844991032
2024-04-30 00:00:00,149.52392400229678,4.124822429373573,0.797479272449234
2024-04-30 04:00:00,149.52392400229678,4.0924676354851135,0.7787131718966346
2024-04-30 08:00:00,149.52392400229678,3.966462482048538,0.7067845351075839
2024-04-30 12:00:00,149.52392400229678,3.9400491753983236,0.6926647620761363
2024-04-30 16:00:00,149.52392400229678,3.842586231925404,0.6412625001652164
2024-04-30 20:00:00,149.52392400229678,3.9319580466712845,0.6860064225465203
2024-05-01 00:00:00,149.52392400229678,3.9043522949383505,0.6715573444308093
2024-05-01 04:00:00,149.52392400229678,3.7263902354301552,0.5797277252791019
2024-05-01 08:00:00,149.52392400229678,3.752214448286787,0.5917804180170945
2024-05-01 12:00:00,149.52392400229678,3.686599509542172,0.5607350422154661
2024-05-01 16:00:00,149.52392400229678,3.6910368309994435,0.5627598037564687
2024-05-01 20:00:00,149.52392400229678,3.7824468195416023,0.6045707118308569
2024-05-02 00:00:00,149.52392400229678,3.7226891191978666,0.5759164381626557
2024-05-02 04:00:00,149.52392400229678,3.738126098475245,0.5830809446552104
2024-05-02 08:00:00,149.52392400229678,3.7950640550391372,0.6097248592467114
2024-05-02 12:00:00,149.52392400229678,3.840719796143756,0.6317303694950996
2024-05-02 16:00:00,149.52392400229678,3.8463553952955643,0.6345112381786778
2024-05-02 20:00:00,136.56406116387308,3.827529020484152,0.6251942002315741
2024-05-03 00:00:00,136.56406116387308,3.8702814170395414,0.6461439175787587
2024-05-03 04:00:00,136.56406116387308,3.835962329104493,0.6289551908145088
2024-05-03 08:00:00,136.56406116387308,3.8424656912811717,0.6321541195691536
2024-05-03 12:00:00,136.56406116387308,3.997979324039194,0.7089084160253724
2024-05-03 16:00:00,136.56406116387308,4.022384268020199,0.7218906268712872
2024-05-03 20:00:00,136.56406116387308,4.07518171826154,0.7503170391026728
2024-05-04 00:00:00,136.56406116387308,4.0649415961136866,0.7446608460826684
2024-05-04 04:00:00,136.56406116387308,4.080173137841488,0.7530316916276659
2024-05-04 08:00:00,136.56406116387308,4.139424697093047,0.7858378743954757
2024-05-04 12:00:00,136.56406116387308,4.122306629476227,0.7760886747935064
2024-05-04 16:00:00,136.56406116387308,4.142526998512057,0.7875090766359918
2024-05-04 20:00:00,136.56406116387308,4.140638528419099,0.7864320620458433
2024-05-05 00:00:00,136.56406116387308,4.098118140200456,0.762204351979195
2024-05-05 04:00:00,136.56406116387308,4.130582457577492,0.7803183568533443
2024-05-05 08:00:00,136.56406116387308,4.138538140096765,0.7848271387320579
2024-05-05 12:00:00,136.56406116387308,4.175414504279863,0.8058066999265711
2024-05-05 16:00:00,136.56406116387308,4.139854366163616,0.7852186139904213
2024-05-05 20:00:00,136.56406116387308,4.148412751904046,0.7900884981902301
2024-05-06 00:00:00,136.56406116387308,4.138989195410664,0.7847041904734655
2024-05-06 04:00:00,136.56406116387308,4.182679346332736,0.8095536231917113
2024-05-06 08:00:00,136.56406116387308,4.160827142123923,0.7968652029515988
2024-05-06 12:00:00,136.56406116387308,4.123786816741951,0.7755837518881228
2024-05-06 16:00:00,136.56406116387308,4.097085767908733,0.7605183031486238
2024-05-06 20:00:00,136.56406116387308,4.093533707311785,0.7585402578372237
2024-05-07 00:00:00,136.56406116387308,4.0983488524012435,0.7612170268530676
2024-05-07 04:00:00,136.56406116387308,4.126228736889607,0.776752046108545
2024-05-07 08:00:00,136.56406116387308,4.114611470284809,0.7701912835957032
2024-05-07 12:00:00,136.56406116387308,4.130816410118178,0.7792912218287459
2024-05-07 16:00:00,136.56406116387308,4.0867173283008915,0.7543329395385369
2024-05-07 20:00:00,136.56406116387308,4.0382463798922865,0.7274923997668625
2024-05-08 00:00:00,136.56406116387308,4.075958103701267,0.7478737657402819
2024-05-08 04:00:00,136.56406116387308,4.0315012883591645,0.7234024009297408
2024-05-08 08:00:00,136.56406116387308,4.03379544900744,0.7246373760933651
2024-05-08 12:00:00,136.56406116387308,4.035718914771304,0.7256739793632275
2024-05-08 16:00:00,136.56406116387308,4.029651054277009,0.7224007421303277
2024-05-08 20:00:00,136.56406116387308,3.965724332619614,0.6880200645888475
2024-05-09 00:00:00,136.56406116387308,3.9973092217481443,0.7044592083383237
2024-05-09 04:00:00,136.56406116387308,3.969621165381784,0.6898205312786517
2024-05-09 08:00:00,136.56406116387308,3.9567135954293255,0.6830914961456999
2024-05-09 12:00:00,136.56406116387308,4.028329643666321,0.720183122080994
2024-05-09 16:00:00,136.56406116387308,4.047503382914874,0.7304667418058847
2024-05-09 20:00:00,136.56406116387308,4.087624623472524,0.7521891932245053
2024-05-10 00:00:00,136.56406116387308,4.077394870412347,0.7465418720465515
2024-05-10 04:00:00,136.56406116387308,4.087884498732398,0.7523036000704544
2024-05-10 08:00:00,136.56406116387308,4.10224633323139,0.7602327329512081
2024-05-10 12:00:00,136.56406116387308,3.948549883088555,0.6747831551988066
2024-05-10 16:00:00,136.56406116387308,3.934872408376168,0.667770963522233
2024-05-10 20:00:00,136.56406116387308,3.94025266874396,0.6705101488961878
2024-05-11 00:00:00,136.56406116387308,3.9358399738699186,0.6682574329316783
2024-05-11 04:00:00,136.56406116387308,3.954414898305192,0.6777188170853212
2024-05-11 08:00:00,136.56406116387308,3.9327363763149497,0.6665728377251267
2024-05-11 12:00:00,136.56406116387308,3.9645027244778066,0.6827253962591321
2024-05-11 16:00:00,136.56406116387308,3.962546855314955,0.681714937968113
2024-05-11 20:00:00,136.56406116387308,3.941937645491281,0.6710781379179083
2024-05-12 00:00:00,136.56406116387308,3.948678200548545,0.6745206879096888
2024-05-12 04:00:00,136.56406116387308,3.9415494527714183,0.6708674493242597
2024-05-12 08:00:00,136.56406116387308,3.9626764689109035,0.6816551567468037
2024-05-12 12:00:00,136.56406116387308,3.9803687247577724,0.6907853627026408
2024-05-12 16:00:00,136.56406116387308,3.9795327170639094,0.6903501001041519
2024-05-12 20:00:00,136.56406116387308,3.984580518558095,0.6929771047159304
2024-05-13 00:00:00,136.56406116387308,3.9642318320622767,0.682360297912578
2024-05-13 04:00:00,136.56406116387308,4.0396909234191245,0.721326450932709
2024-05-13 08:00:00,136.56406116387308,4.065848891285322,0.7353387363888693
2024-05-13 12:00:00,136.56406116387308,4.082957885950426,0.7446215997128515
2024-05-13 16:00:00,136.56406116387308,4.094019758296588,0.7506737628594969
2024-05-13 20:00:00,136.56406116387308,4.078945049019883,0.7423815297452154
2024-05-14 00:00:00,136.56406116387308,4.049677002918919,0.7264008853070355
2024-05-14 04:00:00,136.56406116387308,4.020314986960893,0.7106006663975254
2024-05-14 08:00:00,136.56406116387308,4.004967441064719,0.7024625157475692
2024-05-14 12:00:00,136.56406116387308,4.004257158558925,0.7020887697609262
2024-05-14 16:00:00,136.56406116387308,3.991873227534096,0.6955747384034929
2024-05-14 20:00:00,136.56406116387308,3.990639954168653,0.6949300532521977
2024-05-15 00:00:00,136.56406116387308,4.014780486413923,0.7075415503188908
2024-05-15 04:00:00,136.56406116387308,4.030661392257423,0.715937825616384
2024-05-15 08:00:00,136.56406116387308,4.048297914258035,0.7253357769576761
2024-05-15 12:00:00,136.56406116387308,4.194627127607199,0.8039894352883088
2024-05-15 16:00:00,136.56406116387308,4.277652412627496,0.8517301163935193
2024-05-15 20:00:00,136.56406116387308,4.290631270057726,0.8594828386930718
2024-05-16 00:00:00,136.56406116387308,4.275653770977982,0.8504821327721869
2024-05-16 04:00:00,136.56406116387308,4.286491411803154,0.8569493682245346
2024-05-16 08:00:00,136.56406116387308,4.309898331095361,0.8709878039327973
2024-05-16 12:00:00,136.56406116387308,4.265510859027091,0.8440769973321376
2024-05-16 16:00:00,136.56406116387308,4.224551018503659,0.8197610874614211
2024-05-16 20:00:00,136.56406116387308,4.227685075253676,0.8215855495817552
2024-05-17 00:00:00,136.56406116387308,4.250323385921912,0.834783771715779
2024-05-17 04:00:00,136.56406116387308,4.302325008684134,0.8654238714281257
2024-05-17 08:00:00,136.56406116387308,4.291376548234426,0.8588169374962831
2024-05-17 12:00:00,136.56406116387308,4.354699270534705,0.8968345473437997
2024-05-17 16:00:00,136.56406116387308,4.345165542484767,0.8909442370268386
2024-05-17 20:00:00,136.56406116387308,4.343610827401373,0.8899878883467538
2024-05-18 00:00:00,136.56406116387308,4.3384943307013355,0.8868428413284483
2024-05-18 04:00:00,136.56406116387308,4.334732296078951,0.8845358196619119
2024-05-18 08:00:00,136.56406116387308,4.3544218974393765,0.8965892682870418
2024-05-18 12:00:00,136.56406116387308,4.330625489291347,0.8818900007343171
2024-05-18 16:00:00,136.56406116387308,4.336392646243042,0.885413277956701
2024-05-18 20:00:00,136.56406116387308,4.336559847781815,0.8855156965852257
2024-05-19 00:00:00,136.56406116387308,4.353086229333134,0.895639645603664
2024-05-19 04:00:00,136.56406116387308,4.363081381784646,0.9018090994080271
2024-05-19 08:00:00,136.56406116387308,4.36344170758138,0.9020325275684116
2024-05-19 12:00:00,136.56406116387308,4.334918939657116,0.8843434191754187
2024-05-19 16:00:00,136.56406116387308,4.27945274547521,0.8503973423322695
2024-05-19 20:00:00,136.56406116387308,4.295006376988941,0.8596696262126404
2024-05-20 00:00:00,136.56406116387308,4.321007512404042,0.8752824456602387
2024-05-20 04:00:00,136.56406116387308,4.330723347556286,0.8811866936366256
2024-05-20 08:00:00,136.56406116387308,4.341679584821749,0.8878745998240066
2024-05-20 12:00:00,136.56406116387308,4.369273671331049,0.9048035933425087
2024-05-20 16:00:00,136.56406116387308,4.536475210103661,1.008677530619435
2024-05-20 20:00:00,136.56406116387308,4.630226668256615,1.0712139613869245
2024-05-21 00:00:00,136.56406116387308,4.619687786770102,1.0638993754316726
2024-05-21 04:00:00,136.56406116387308,4.5933950207641185,1.0457339547647742
2024-05-21 08:00:00,136.56406116387308,4.609707539882125,1.0568750965905935
2024-05-21 12:00:00,136.56406116387308,4.52526363405418,0.9987933243591087
2024-05-21 16:00:00,136.56406116387308,4.490203156350311,0.9755782098964229
2024-05-21 20:00:00,136.56406116387308,4.546089298583086,1.0120050489718622
2024-05-22 00:00:00,136.56406116387308,4.533606213157357,1.0036684691240874
2024-05-22 04:00:00,136.56406116387308,4.518005920749085,0.9933074976172163
2024-05-22 08:00:00,136.56406116387308,4.519375288390273,0.9942106857729066
2024-05-22 12:00:00,136.56406116387308,4.566021277367931,1.024995432157546
2024-05-22 16:00:00,136.56406116387308,4.512981449702169,0.9892757687280521
2024-05-22 20:00:00,136.56406116387308,4.482467168876166,0.969208964360851
2024-05-23 00:00:00,136.56406116387308,4.500581965045826,0.9809594282284573
2024-05-23 04:00:00,136.56406116387308,4.519239842182506,0.9931595974266432
2024-05-23 08:00:00,136.56406116387308,4.53535599670265,1.0037847782718112
2024-05-23 12:00:00,136.56406116387308,4.411787578869893,0.9217386740723849
2024-05-23 16:00:00,136.56406116387308,4.355015527708813,0.8861551418468916
2024-05-23 20:00:00,136.56406116387308,4.404895375905371,0.9166036789458
2024-05-24 00:00:00,136.56406116387308,4.399852110887044,0.913455357674664
2024-05-24 04:00:00,136.56406116387308,4.352160788258065,0.8837517041844225
2024-05-24 08:00:00,136.56406116387308,4.364737195472877,0.8914130167020529
2024-05-24 12:00:00,136.56406116387308,4.428019089490432,0.9301853194931469
2024-05-24 16:00:00,136.56406116387308,4.47918535262677,0.9624305103070521
2024-05-24 20:00:00,136.56406116387308,4.4425053530415335,0.9387865117182158
2024-05-25 00:00:00,136.56406116387308,4.455976094068384,0.9473263888644742
2024-05-25 04:00:00,136.56406116387308,4.455721403352346,0.947163949548458
2024-05-25 08:00:00,136.56406116387308,4.478452387741685,0.9616598977927526
2024-05-25 12:00:00,136.56406116387308,4.467158507058777,0.9543844790523832
2024-05-25 16:00:00,136.56406116387308,4.481734852059063,0.9637269530708918
2024-05-25 20:00:00,136.56406116387308,4.49049997148503,0.9693813584182827
2024-05-26 00:00:00,136.56406116387308,4.476440136664596,0.9602759078912257
2024-05-26 04:00:00,136.56406116387308,4.493713092528575,0.9713919752580548
2024-05-26 08:00:00,136.56406116387308,4.480412145312416,0.9627663021522732
2024-05-26 12:00:00,136.56406116387308,4.46181777883775,0.9507794387537298
2024-05-26 16:00:00,136.56406116387308,4.465417796465198,0.953080847893899
2024-05-26 20:00:00,136.56406116387308,4.439762729351278,0.9366537042991394
2024-05-27 00:00:00,136.56406116387308,4.463466463778205,0.9516559861845597
2024-05-27 04:00:00,136.56406116387308,4.448556363768354,0.9421190358943764
2024-05-27 08:00:00,136.56406116387308,4.435005262312015,0.93350944465035
2024-05-27 12:00:00,136.56406116387308,4.560703879594175,1.0128830909971962
2024-05-27 16:00:00,136.56406116387308,4.488519475738946,0.9647889607736971
2024-05-27 20:00:00,136.56406116387308,4.499952691037498,0.9721615298128737
2024-05-28 00:00:00,136.56406116387308,4.410122044161963,0.913940985007236
2024-05-28 04:00:00,136.56406116387308,4.38703138204387,0.8995852581570348
2024-05-28 08:00:00,136.56406116387308,4.432128488549954,0.9273274979534892
2024-05-28 12:00:00,136.56406116387308,4.431105189209947,0.9266851878631494
2024-05-28 16:00:00,136.56406116387308,4.434359138536215,0.9287267011068787
2024-05-28 20:00:00,136.56406116387308,4.432680642468692,0.9276720746770541
2024-05-29 00:00:00,136.56406116387308,4.460614316599373,0.9452099653064117
2024-05-29 04:00:00,136.56406116387308,4.4034210212514635,0.9088519646760611
2024-05-29 08:00:00,136.56406116387308,4.391541287114872,0.9014961476934719
2024-05-29 12:00:00,136.56406116387308,4.366625665565834,0.8861521019186439
2024-05-29 16:00:00,136.56406116387308,4.359344621813468,0.8817193114395788
2024-05-29 20:00:00,136.56406116387308,4.384336715384116,0.896883984191726
2024-05-30 00:00:00,136.56406116387308,4.41452242574439,0.915408847995127
2024-05-30 04:00:00,136.56406116387308,4.379938926073608,0.8938948277636418
2024-05-30 08:00:00,136.56406116387308,4.395003266262636,0.9031182000566768
2024-05-30 12:00:00,136.56406116387308,4.441259118316493,0.9316331971919289
2024-05-30 16:00:00,136.56406116387308,4.44918239743678,0.9366193439100752
2024-05-30 20:00:00,136.56406116387308,4.429685272266338,0.9243060357869067
2024-05-31 00:00:00,136.56406116387308,4.441586392646261,0.9317559628519249
2024-05-31 04:00:00,136.56406116387308,4.418202803801326,0.9170397355315113
2024-05-31 08:00:00,136.56406116387308,4.429527143679281,0.9240911567368583
2024-05-31 12:00:00,136.56406116387308,4.356026513757205,0.8780898929975676
2024-05-31 16:00:00,136.56406116387308,4.386188893670208,0.8963303335917983
2024-05-31 20:00:00,136.56406116387308,4.37705178322387,0.8907287490821229
2024-06-01 00:00:00,136.56406116387308,4.388412414908691,0.8976644046904401
2024-06-01 04:00:00,136.56406116387308,4.383018545113325,0.8943544024884691
2024-06-01 08:00:00,136.56406116387308,4.3848648907876004,0.8954846423211149
2024-06-01 12:00:00,136.56406116387308,4.386855107553378,0.8967039787839476
2024-06-01 16:00:00,136.56406116387308,4.390904236290787,0.8991869897978222
2024-06-01 20:00:00,136.56406116387308,4.3917525572762655,0.8997081575247409
2024-06-02 00:00:00,136.56406116387308,4.3932184870464335,0.900609102390403
2024-06-02 04:00:00,136.56406116387308,4.388781165589162,0.897880151777247
2024-06-02 08:00:00,136.56406116387308,4.423162468050266,0.918981879961453
2024-06-02 12:00:00,136.56406116387308,4.416075844691822,0.9145648060893783
2024-06-02 16:00:00,136.56406116387308,4.389814834016846,0.8982489204612774
2024-06-02 20:00:00,136.56406116387308,4.391673492982738,0.8993898832167089
2024-06-03 00:00:00,136.56406116387308,4.431670952556257,0.9239636434602282
2024-06-03 04:00:00,136.56406116387308,4.465622585946793,0.9451994765521576
2024-06-03 08:00:00,136.56406116387308,4.476853604035667,0.9523309921792228
2024-06-03 12:00:00,136.56406116387308,4.511543386855125,0.9744689655504023
2024-06-03 16:00:00,136.56406116387308,4.484889646984428,0.9571977746788765
2024-06-03 20:00:00,136.56406116387308,4.4593492879029215,0.9408447469781245
2024-06-04 00:00:00,136.56406116387308,4.482700473348871,0.9556248227767161
2024-06-04 04:00:00,136.56406116387308,4.472552376854141,0.94913469056381
2024-06-04 08:00:00,136.56406116387308,4.46880784006721,0.9467507700648835
2024-06-04 12:00:00,136.56406116387308,4.565314883270014,1.0080880130649528
2024-06-04 16:00:00,136.56406116387308,4.563928017793374,1.0071692927804932
2024-06-04 20:00:00,136.56406116387308,4.5713315463939095,1.0120707329230265
2024-06-05 00:00:00,136.56406116387308,4.597885483795728,1.0297074735196152
2024-06-05 04:00:00,136.56406116387308,4.614244015740295,1.0406980708225457
2024-06-05 08:00:00,136.56406116387308,4.599449271830838,1.0306876370056326
2024-06-05 12:00:00,136.56406116387308,4.638870598970369,1.057189336741238
2024-06-05 16:00:00,136.56406116387308,4.619425319238307,1.0438947155975158
2024-06-05 20:00:00,136.56406116387308,4.608281790326698,1.036340093448637
2024-06-06 00:00:00,136.56406116387308,4.604522996044214,1.0338041878366095
2024-06-06 04:00:00,136.56406116387308,4.602674058098018,1.0325588211872507
2024-06-06 08:00:00,136.56406116387308,4.612300459869058,1.0390375502518199
2024-06-06 12:00:00,136.56406116387308,4.620724695537683,1.0447308678932214
2024-06-06 16:00:00,136.56406116387308,4.567550069732134,1.0086630365714095
2024-06-06 20:00:00,136.56406116387308,4.588260378160646,1.0223835578151266
2024-06-07 00:00:00,136.56406116387308,4.6006138499904266,1.0306415807517606
2024-06-07 04:00:00,136.56406116387308,4.608411403922644,1.0358820661996195
2024-06-07 08:00:00,136.56406116387308,4.646646766659255,1.0616657841114656
2024-06-07 12:00:00,136.56406116387308,4.608511206391524,1.0355261473837447
2024-06-07 16:00:00,136.56406116387308,4.488194793681096,0.9544213486268701
2024-06-07 20:00:00,136.56406116387308,4.494714357557269,0.9585805337112052
2024-06-08 00:00:00,136.56406116387308,4.499665596922473,0.9617483623843992
2024-06-08 04:00:00,136.56406116387308,4.50939957797815,0.9679899197655839
2024-06-08 08:00:00,136.56406116387308,4.495383811780338,0.958964026076636
2024-06-08 12:00:00,136.56406116387308,4.499536631394505,0.9616216887703096
2024-06-08 16:00:00,136.56406116387308,4.501480835333721,0.9628682095757847
2024-06-08 20:00:00,136.56406116387308,4.491788978696728,0.9566489357486408
2024-06-09 00:00:00,136.56406116387308,4.488478647456222,0.954533859858016
2024-06-09 04:00:00,136.56406116387308,4.490828541950754,0.9560330675216614
2024-06-09 08:00:00,136.56406116387308,4.495497871744772,0.959015167803076
2024-06-09 12:00:00,136.56406116387308,4.50463238991919,0.9648611108308105
2024-06-09 16:00:00,136.56406116387308,4.517698736526683,0.973257274120685
2024-06-09 20:00:00,136.56406116387308,4.513672938236546,0.9706554157198538
2024-06-10 00:00:00,136.56406116387308,4.511408588715338,0.9691945856004025
2024-06-10 04:00:00,136.56406116387308,4.491369678713835,0.9562795928484464
2024-06-10 08:00:00,136.56406116387308,4.502380353689596,0.9633126036242304
2024-06-10 12:00:00,136.56406116387308,4.540760883653667,0.9879478712007705
2024-06-10 16:00:00,136.56406116387308,4.503476236643335,0.9636114514335897
2024-06-10 20:00:00,136.56406116387308,4.50666473110365,0.965658183522321
2024-06-11 00:00:00,136.56406116387308,4.436932616483754,0.92083298052534
2024-06-11 04:00:00,136.56406116387308,4.37900700431874,0.8847676497827672
2024-06-11 08:00:00,136.56406116387308,4.334927364540846,0.8580490997203251
2024-06-11 12:00:00,136.56406116387308,4.293092632244767,0.8332069849407433
2024-06-11 16:00:00,136.56406116387308,4.368432479093342,0.8770730451560168
2024-06-11 20:00:00,136.56406116387308,4.362420352445306,0.8734517867854504
2024-06-12 00:00:00,136.56406116387308,4.3684318310253625,0.877062674514802
2024-06-12 04:00:00,136.56406116387308,4.371453772014885,0.8788828459738178
2024-06-12 08:00:00,136.56406116387308,4.3925030199968,0.8915787297256167
2024-06-12 12:00:00,136.56406116387308,4.519237249910582,0.9687512734016591
2024-06-12 16:00:00,136.56406116387308,4.376592303026233,0.8770184435256045
2024-06-12 20:00:00,136.56406116387308,4.423970608820999,0.9055006359219174
2024-06-13 00:00:00,136.56406116387308,4.372834804879708,0.8741011260145333
2024-06-13 04:00:00,136.56406116387308,4.389028079489441,0.8838119156065175
2024-06-13 08:00:00,136.56406116387308,4.390011846682685,0.8844062147213729
2024-06-13 12:00:00,136.56406116387308,4.307708509391816,0.8346640371137946
2024-06-13 16:00:00,136.56406116387308,4.3163926203203165,0.8397119518488723
2024-06-13 20:00:00,136.56406116387308,4.3273449691779025,0.8461039687797954
2024-06-14 00:00:00,136.56406116387308,4.32546492396868,0.8450011814649375
2024-06-14 04:00:00,136.56406116387308,4.3358975223065155,0.8511153620740807
2024-06-14 08:00:00,136.56406116387308,4.344388508977054,0.8561155788623802
2024-06-14 12:00:00,136.56406116387308,4.302652931081875,0.8314420407878811
2024-06-14 16:00:00,136.56406116387308,4.2461426993846105,0.7986820321696942
2024-06-14 20:00:00,136.56406116387308,4.280099517318986,0.8178434468516173
2024-06-15 00:00:00,136.56406116387308,4.294608463249377,0.8261605756720198
2024-06-15 04:00:00,136.56406116387308,4.282238141652123,0.8190214810843591
2024-06-15 08:00:00,136.56406116387308,4.297983601287856,0.8280559176882774
2024-06-15 12:00:00,136.56406116387308,4.297728910571819,0.8279087104109871
2024-06-15 16:00:00,136.56406116387308,4.2872742779226725,0.8218668113420966
2024-06-15 20:00:00,136.56406116387308,4.2920408179136516,0.8246080362576753
2024-06-16 00:00:00,136.56406116387308,4.2867104587803,0.8215357516518375
2024-06-16 04:00:00,136.56406116387308,4.294506716576558,0.8260181429192031
2024-06-16 08:00:00,136.56406116387308,4.309187400521582,0.8344893216291425
2024-06-16 12:00:00,136.56406116387308,4.323442951871896,0.8427712348555202
2024-06-16 16:00:00,136.56406116387308,4.313703786272382,0.8370758513081011
2024-06-16 20:00:00,136.56406116387308,4.3211144436206945,0.8413899738922707
2024-06-17 00:00:00,136.56406116387308,4.291635775426316,0.824170071814187
2024-06-17 04:00:00,136.56406116387308,4.288395435527622,0.8223032373668413
2024-06-17 08:00:00,136.56406116387308,4.265401983606489,0.8090761992562617
2024-06-17 12:00:00,136.56406116387308,4.236290769956622,0.792510452215705
2024-06-17 16:00:00,136.56406116387308,4.322094322406061,0.840665937176041
2024-06-17 20:00:00,136.56406116387308,4.309932678698282,0.8335694611327953
2024-06-18 00:00:00,136.56406116387308,4.2448452672891746,0.7958044546933876
2024-06-18 04:00:00,136.56406116387308,4.2560250880076484,0.8020922818603717
2024-06-18 08:00:00,136.56406116387308,4.236161156360675,0.7908615870698261
2024-06-18 12:00:00,136.56406116387308,4.193388669697914,0.76690561695695
2024-06-18 16:00:00,136.56406116387308,4.174347784385208,0.7564587709464663
2024-06-18 20:00:00,136.56406116387308,4.223803796123016,0.7833454386038947
2024-06-19 00:00:00,136.56406116387308,4.238623814683683,0.791590987758081
2024-06-19 04:00:00,136.56406116387308,4.233626562491917,0.7887911782174096
2024-06-19 08:00:00,136.56406116387308,4.22605129587675,0.7845570044726392
2024-06-19 12:00:00,136.56406116387308,4.207386938060273,0.7741620151785991
2024-06-19 16:00:00,136.56406116387308,4.2047953142092975,0.7727314336043875
2024-06-19 20:00:00,136.56406116387308,4.210780870070166,0.7760313995829864
2024-06-20 00:00:00,136.56406116387308,4.2247545118492935,0.783757271663535
2024-06-20 04:00:00,136.56406116387308,4.2681005386741235,0.8078813458267072
2024-06-20 08:00:00,136.56406116387308,4.2882561009119815,0.819326696702865
2024-06-20 12:00:00,136.56406116387308,4.201504425008185,0.7696016133269593
2024-06-20 16:00:00,136.56406116387308,4.21568220820093,0.7773925689334256
2024-06-20 20:00:00,136.56406116387308,4.204016336497652,0.7709388362816019
2024-06-21 00:00:00,136.56406116387308,4.180436383054856,0.7579664543413058
2024-06-21 04:00:00,136.56406116387308,4.160702065003829,0.7472322033841966
2024-06-21 08:00:00,136.56406116387308,4.132729506794363,0.7321611918251419
2024-06-21 12:00:00,136.56406116387308,4.1302681446073155,0.7308530148422885
2024-06-21 16:00:00,136.56406116387308,4.162670895526277,0.7480540638075182
2024-06-21 20:00:00,136.56406116387308,4.156938734245487,0.7449637643473062
2024-06-22 00:00:00,136.56406116387308,4.168856056324904,0.751370863670722
2024-06-22 04:00:00,136.56406116387308,4.181334605274775,0.7581180513705206
2024-06-22 08:00:00,136.56406116387308,4.164825721558909,0.7491383710044579
2024-06-22 12:00:00,136.56406116387308,4.1675359418501765,0.7506008547791474
2024-06-22 16:00:00,136.56406116387308,4.166753723798632,0.7501782068070803
2024-06-22 20:00:00,136.56406116387308,4.164615099465494,0.7490230993971289
2024-06-23 00:00:00,136.56406116387308,4.174603771237209,0.7544126101038473
2024-06-23 04:00:00,136.56406116387308,4.174547389322971,0.754382042967841
2024-06-23 08:00:00,136.56406116387308,4.169763351496539,0.7517884739703711
2024-06-23 12:00:00,136.56406116387308,4.153726909337903,0.7431145915251993
2024-06-23 16:00:00,136.56406116387308,4.157341832528886,0.7450547543445867
2024-06-23 20:00:00,136.56406116387308,4.096438347996972,0.7123104437721851
2024-06-24 00:00:00,136.56406116387308,4.073884934234082,0.700545321877544
2024-06-24 04:00:00,136.56406116387308,4.047573374256686,0.6869717129874856
2024-06-24 08:00:00,136.56406116387308,3.9721350210751902,0.6485605392410201
2024-06-24 12:00:00,136.56406116387308,3.943104167854811,0.6343402780570437
2024-06-24 16:00:00,136.56406116387308,3.8434786215335035,0.5862589994008239
2024-06-24 20:00:00,136.56406116387308,3.9074157122785746,0.6155166317717693
2024-06-25 00:00:00,136.56406116387308,3.972824565405632,0.6464272693358564
2024-06-25 04:00:00,136.56406116387308,3.9328109041326194,0.6268951293933499
2024-06-25 08:00:00,136.56406116387308,3.965375023978535,0.6424674174758517
2024-06-25 12:00:00,136.56406116387308,4.005708182765559,0.6620716719596136
2024-06-25 16:00:00,136.56406116387308,4.016431115558317,0.6673885969964573
2024-06-25 20:00:00,136.56406116387308,4.005449603641644,0.6619143819880791
2024-06-26 00:00:00,136.56406116387308,4.013878375786127,0.6660930331186745
2024-06-26 04:00:00,136.56406116387308,3.9998768670838696,0.6591224875316544
2024-06-26 08:00:00,136.56406116387308,3.9820705512725665,0.6503198091783003
2024-06-26 12:00:00,136.56406116387308,3.983535184906776,0.6510373858158195
2024-06-26 16:00:00,136.56406116387308,3.9532153244746957,0.6361716735092288
2024-06-26 20:00:00,136.56406116387308,3.944465110612262,0.6319472857087735
2024-06-27 00:00:00,136.56406116387308,3.9556326180391213,0.6373147632820056
2024-06-27 04:00:00,136.56406116387308,3.9398651240920763,0.6296935878776583
2024-06-27 08:00:00,136.56406116387308,3.965918104945556,0.6421854330082573
2024-06-27 12:00:00,136.56406116387308,3.9905433920396716,0.6541478590369997
2024-06-27 16:00:00,136.56406116387308,3.9823777354949628,0.650132205361607
2024-06-27 20:00:00,136.56406116387308,3.998998734971324,0.6582724530447197
2024-06-28 00:00:00,136.56406116387308,4.0068857222847445,0.6621672678446363
2024-06-28 04:00:00,136.56406116387308,3.975897703765554,0.6468042755002443
2024-06-28 08:00:00,136.56406116387308,3.9979313670086936,0.6575576715776367
2024-06-28 12:00:00,136.56406116387308,3.9572333459490765,0.6374763143637915
2024-06-28 16:00:00,136.56406116387308,3.896426423546144,0.6080898950709485
2024-06-28 20:00:00,136.56406116387308,3.9161348188779805,0.6173171777756322
2024-06-29 00:00:00,136.56406116387308,3.9377906584889324,0.6275582872439918
2024-06-29 04:00:00,136.56406116387308,3.95660407194075,0.6365530621421319
2024-06-29 08:00:00,136.56406116387308,3.9598463560433825,0.638117954031494
2024-06-29 12:00:00,136.56406116387308,3.9600841969919465,0.638232936204414
2024-06-29 16:00:00,136.56406116387308,3.956933938542436,0.6367097877560343
2024-06-29 20:00:00,136.56406116387308,3.952351449857703,0.6344976845646485
2024-06-30 00:00:00,136.56406116387308,3.9466251211887307,0.6317398258613316
2024-06-30 04:00:00,136.56406116387308,3.9874333138049036,0.6513364379327297
2024-06-30 08:00:00,136.56406116387308,3.9895064832720877,0.6523523777940773
2024-06-30 12:00:00,136.56406116387308,3.9997394766721635,0.6573721848337305
2024-06-30 16:00:00,136.56406116387308,4.019760240770235,0.6672436478482214
2024-06-30 20:00:00,136.56406116387308,4.068052970484411,0.6912921098526574
2024-07-01 00:00:00,136.56406116387308,4.1111935597596645,0.7132850011916502
2024-07-01 04:00:00,136.56406116387308,4.100834193103539,0.7078930043783762
2024-07-01 08:00:00,136.56406116387308,4.060929407251122,0.6872277074539244
2024-07-01 12:00:00,136.56406116387308,4.091441095805205,0.7027181105164324
2024-07-01 16:00:00,136.56406116387308,4.097525157998993,0.7058529820120525
2024-07-01 20:00:00,136.56406116387308,4.076346944489108,0.6949082986361924
2024-07-02 00:00:00,136.56406116387308,4.091815031029514,0.7028189857150847
2024-07-02 04:00:00,136.56406116387308,4.05884910903616,0.6858320918676113
2024-07-02 08:00:00,136.56406116387308,4.071941378362844,0.6924687749901425
2024-07-02 12:00:00,136.56406116387308,4.0146567054297915,0.6632435158772937
2024-07-02 16:00:00,136.56406116387308,4.014074740383986,0.6629550843340118
2024-07-02 20:00:00,136.56406116387308,4.026800851302117,0.6692605274181382
2024-07-03 00:00:00,136.56406116387308,3.9524363467630486,0.6321820405248177
2024-07-03 04:00:00,136.56406116387308,3.9447904407380903,0.6285132114418565
2024-07-03 08:00:00,136.56406116387308,3.913423950518732,0.6135205872741657
2024-07-03 12:00:00,136.56406116387308,3.9004781445554695,0.6074319151207701
2024-07-03 16:00:00,136.56406116387308,3.8670929225792245,0.5918344048385479
2024-07-03 20:00:00,136.56406116387308,3.901925280354226,0.6078270288682353
2024-07-04 00:00:00,136.56406116387308,3.830211373852289,0.5743130728703518
2024-07-04 04:00:00,136.56406116387308,3.7730511299713463,0.5486007514564041
2024-07-04 08:00:00,136.56406116387308,3.7433663761594107,0.5356522826810949
2024-07-04 12:00:00,136.56406116387308,3.7678672342014154,0.5461700406714122
2024-07-04 16:00:00,136.56406116387308,3.7771747865264245,0.5502175608592982
2024-07-04 20:00:00,136.56406116387308,3.6972284724778657,0.5152804437798354
2024-07-05 00:00:00,136.56406116387308,3.5791491904334958,0.4659105344226379
2024-07-05 04:00:00,136.56406116387308,3.5264651520886097,0.4453363304807488
2024-07-05 08:00:00,136.56406116387308,3.5959023957777236,0.471642781249071
2024-07-05 12:00:00,136.56406116387308,3.67208278679602,0.5016185099051377
2024-07-05 16:00:00,136.56406116387308,3.6593430664503144,0.4963976475982748
2024-07-05 20:00:00,136.56406116387308,3.6699305530353072,0.5007062926249901
2024-07-06 00:00:00,136.56406116387308,3.6557514737066015,0.49490273246962974
2024-07-06 04:00:00,136.56406116387308,3.6684536061094817,0.5000614420369429
2024-07-06 08:00:00,136.56406116387308,3.6765816747113655,0.5033853497177685
2024-07-06 12:00:00,136.56406116387308,3.7145947501309258,0.5189992217518438
2024-07-06 16:00:00,136.56406116387308,3.7495910691048007,0.5336681669801061
2024-07-06 20:00:00,136.56406116387308,3.7737082709028003,0.5439657562150575
2024-07-07 00:00:00,136.56406116387308,3.756425594019126,0.536492058945237
2024-07-07 04:00:00,136.56406116387308,3.717965351693547,0.5200134033113002
2024-07-07 08:00:00,136.56406116387308,3.723798611579176,0.5224610108373979
2024-07-07 12:00:00,136.56406116387308,3.682673513720911,0.5051510573954977
2024-07-07 16:00:00,136.56406116387308,3.703779791685044,0.5138364800306088
2024-07-07 20:00:00,136.56406116387308,3.619965807933404,0.4789531839299849
2024-07-08 00:00:00,136.56406116387308,3.57474362430723,0.46100331093569774
2024-07-08 04:00:00,130.80772853105827,3.619589928505156,0.4783536136913084
2024-07-08 08:00:00,130.80772853105827,3.703968379467148,0.5118071852830604
2024-07-08 12:00:00,130.80772853105827,3.6137255613564987,0.4743984511924089
2024-07-08 16:00:00,130.80772853105827,3.6601136192782224,0.4926674833518091
2024-07-08 20:00:00,130.80772853105827,3.6754929205054045,0.4988778492743834
2024-07-09 00:00:00,130.80772853105827,3.7048983570180734,0.5108515256560515
2024-07-09 04:00:00,130.80772853105827,3.701559510786459,0.5094703908499209
2024-07-09 08:00:00,130.80772853105827,3.721725442111991,0.5177971068335486
2024-07-09 12:00:00,130.80772853105827,3.7249009752127114,0.5191225258181963
2024-07-09 16:00:00,130.80772853105827,3.7498515924326554,0.5295542883145409
2024-07-09 20:00:00,130.80772853105827,3.7620346223837653,0.5347157531855462
2024-07-10 00:00:00,130.80772853105827,3.77046015418835,0.5383084351013941
2024-07-10 04:00:00,130.80772853105827,3.822174682835547,0.5604582782369768
2024-07-10 08:00:00,130.80772853105827,3.790679227088221,0.5466034256738229
2024-07-10 12:00:00,143.65895084149625,3.739332152985536,0.5243911901444022
2024-07-10 16:00:00,143.65895084149625,3.7193936935208916,0.5160028854467602
2024-07-10 20:00:00,143.65895084149625,3.741027498820532,0.5250068577693894
2024-07-11 00:00:00,143.65895084149625,3.7307977457603547,0.5207000004862711
2024-07-11 04:00:00,143.65895084149625,3.7712047842970695,0.5376185898225269
2024-07-11 08:00:00,143.65895084149625,3.8092133232407708,0.55387394980182
2024-07-11 12:00:00,143.65895084149625,3.720040465364671,0.5149757426269077
2024-07-11 16:00:00,143.65895084149625,3.718485102213298,0.5143298026420686
2024-07-11 20:00:00,143.65895084149625,3.7160146670745333,0.5133046929139663
2024-07-12 00:00:00,143.65895084149625,3.6884147479534173,0.5018673042504269
2024-07-12 04:00:00,143.65895084149625,3.700917923486518,0.5069710700372183
2024-07-12 08:00:00,143.65895084149625,3.707178260170795,0.509543790902612
2024-07-12 12:00:00,143.65895084149625,3.772662937251482,0.5365459809220822
2024-07-12 16:00:00,143.65895084149625,3.7313168482121264,0.5189053289980531
2024-07-12 20:00:00,143.65895084149625,3.7516072085897685,0.527370524977559
2024-07-13 00:00:00,143.65895084149625,3.7467402180619302,0.5253180387707007
2024-07-13 04:00:00,143.65895084149625,3.769832176315983,0.5350309797663821
2024-07-13 08:00:00,143.65895084149625,3.793401112603124,0.5450659976271109
2024-07-13 12:00:00,143.65895084149625,3.812624753086116,0.553352613621719
2024-07-13 16:00:00,143.65895084149625,3.799258351004003,0.5475327383343315
2024-07-13 20:00:00,143.65895084149625,3.8368229633815836,0.5637736884193361
2024-07-14 00:00:00,143.65895084149625,3.853810769334477,0.5712621324614144
2024-07-14 04:00:00,143.65895084149625,3.892426547975194,0.5884345366400167
2024-07-14 08:00:00,143.65895084149625,3.8948302321120454,0.5895246618438176
2024-07-14 12:00:00,143.65895084149625,3.89385164946264,0.5890803046540839
2024-07-14 16:00:00,143.65895084149625,3.882963459335048,0.5841386538659405
2024-07-14 20:00:00,143.65895084149625,3.9401178706041735,0.6099329482580114
2024-07-15 00:00:00,143.65895084149625,4.060007854583933,0.6656101034575596
2024-07-15 04:00:00,143.65895084149625,4.072466961494412,0.6717378557206318
2024-07-15 08:00:00,143.65895084149625,4.0474437606607365,0.659355411789071
2024-07-15 12:00:00,143.65895084149625,4.0845132491017955,0.6774720077898081
2024-07-15 16:00:00,143.65895084149625,4.1049921972615415,0.6876621430258176
2024-07-15 20:00:00,143.65895084149625,4.1945642650131605,0.7326770788201581
2024-07-16 00:00:00,143.65895084149625,4.196378855356429,0.7336279585787907
2024-07-16 04:00:00,143.65895084149625,4.076024206635197,0.6705052961903927
2024-07-16 08:00:00,143.65895084149625,4.131181272390767,0.6977252802998305
2024-07-16 12:00:00,143.65895084149625,4.204550992580936,0.7349000532351128
2024-07-16 16:00:00,143.65895084149625,4.223162856891055,0.7446593783781159
2024-07-16 20:00:00,143.65895084149625,4.215292719345107,0.7404962154137847
2024-07-17 00:00:00,143.65895084149625,4.257914206168588,0.7629580360673693
2024-07-17 04:00:00,143.65895084149625,4.229162022179496,0.7475020812734576
2024-07-17 08:00:00,143.65895084149625,4.194537694225991,0.7291425880176743
2024-07-17 12:00:00,143.65895084149625,4.194555840129424,0.729152051004031
2024-07-17 16:00:00,143.65895084149625,4.185597596445494,0.7244803369981949
2024-07-17 20:00:00,143.65895084149625,4.153337420482076,0.7077287052789063
2024-07-18 00:00:00,143.65895084149625,4.203698135119599,0.7334731029227639
2024-07-18 04:00:00,143.65895084149625,4.1909260113749065,0.7267875544370139
2024-07-18 08:00:00,143.65895084149625,4.196758623192556,0.7298220172269254
2024-07-18 12:00:00,143.65895084149625,4.117702106480179,0.6885779107516738
2024-07-18 16:00:00,143.65895084149625,4.118796045229978,0.6891267086292387
2024-07-18 20:00:00,143.65895084149625,4.146852204208829,0.7032091601137685
2024-07-19 00:00:00,143.65895084149625,4.168697279669865,0.7143224019736921
2024-07-19 04:00:00,143.65895084149625,4.127804838216326,0.6933011679703631
2024-07-19 08:00:00,143.65895084149625,4.155152658893323,0.7070810898125494
2024-07-19 12:00:00,143.65895084149625,4.266670252642838,0.7640118369076616
2024-07-19 16:00:00,143.65895084149625,4.352246981299366,0.80998325943575
2024-07-19 20:00:00,143.65895084149625,4.320021152938875,0.7919909109277695
2024-07-20 00:00:00,143.65895084149625,4.316263006724369,0.7899239643515003
2024-07-20 04:00:00,143.65895084149625,4.3136882326408665,0.7885103277764022
2024-07-20 08:00:00,143.65895084149625,4.3085950663881,0.7857173483294867
2024-07-20 12:00:00,143.65895084149625,4.330714274604564,0.7978183548240869
2024-07-20 16:00:00,143.65895084149625,4.356572186996142,0.8121092425266596
2024-07-20 20:00:00,143.65895084149625,4.351125823694417,0.8090634704478514
2024-07-21 00:00:00,143.65895084149625,4.353158812946858,0.8101975337270646
2024-07-21 04:00:00,143.65895084149625,4.322742390385796,0.7932144796258821
2024-07-21 08:00:00,143.65895084149625,4.334278000425147,0.7995647629100873
2024-07-21 12:00:00,143.65895084149625,4.352683779117708,0.8097509660620652
2024-07-21 16:00:00,143.65895084149625,4.369405229130929,0.8190832844586765
2024-07-21 20:00:00,143.65895084149625,4.417577418200874,0.8461741808900124
2024-07-22 00:00:00,143.65895084149625,4.399086094534987,0.8355483021501713
2024-07-22 04:00:00,143.65895084149625,4.357349868571828,0.8117665674951058
2024-07-22 08:00:00,143.65895084149625,4.375496420072494,0.8219085787642609
2024-07-22 12:00:00,143.65895084149625,4.346194674436584,0.8053961510540419
2024-07-22 16:00:00,143.65895084149625,4.421901975829671,0.8474842582715946
2024-07-22 20:00:00,143.65895084149625,4.376533328840075,0.8213987314872413
2024-07-23 00:00:00,143.65895084149625,4.372773238421631,0.8192816219387081
2024-07-23 04:00:00,143.65895084149625,4.314577381909066,0.7865709417039356
2024-07-23 08:00:00,143.65895084149625,4.321058709774434,0.7901156857504302
2024-07-23 12:00:00,143.65895084149625,4.315096484360836,0.7868450651888952
2024-07-23 16:00:00,143.65895084149625,4.247178960084209,0.7496913869265933
2024-07-23 20:00:00,143.65895084149625,4.273101679273762,0.7634186441140834
2024-07-24 00:00:00,143.65895084149625,4.280664632597315,0.7674721630835261
2024-07-24 04:00:00,143.65895084149625,4.282303596518074,0.7683537031901033
2024-07-24 08:00:00,143.65895084149625,4.30109691986252,0.7784696974872115
2024-07-24 12:00:00,143.65895084149625,4.288654662719514,0.7717138021879607
2024-07-24 16:00:00,143.65895084149625,4.254695900581201,0.7533818676944968
2024-07-24 20:00:00,143.65895084149625,4.236809224340409,0.7438802502806929
2024-07-25 00:00:00,143.65895084149625,4.153700338550725,0.7001045770169969
2024-07-25 04:00:00,143.65895084149625,4.15631918125685,0.7014287917765664
2024-07-25 08:00:00,143.65895084149625,4.153856522933843,0.7001819822486635
2024-07-25 12:00:00,143.65895084149625,4.198889470709934,0.7229545010872003
2024-07-25 16:00:00,143.65895084149625,4.192482022594256,0.7196448449354785
2024-07-25 20:00:00,143.65895084149625,4.264284066341437,0.7566195799683434
2024-07-26 00:00:00,143.65895084149625,4.3447779978328755,0.7994661284305602
2024-07-26 04:00:00,143.65895084149625,4.334963008279732,0.794048071372718
2024-07-26 08:00:00,143.65895084149625,4.362923253197582,0.8094127551149252
2024-07-26 12:00:00,143.65895084149625,4.378347919183345,0.8179975415077043
2024-07-26 16:00:00,143.65895084149625,4.406214194244135,0.8336161343501078
2024-07-26 20:00:00,143.65895084149625,4.400899388742297,0.8305995940127914
2024-07-27 00:00:00,143.65895084149625,4.3937712890331495,0.8265636484924423
2024-07-27 04:00:00,143.65895084149625,4.409239375573555,0.8352932958989513
2024-07-27 08:00:00,143.65895084149625,4.420463912982632,0.8416724783715402
2024-07-27 12:00:00,143.65895084149625,4.461559199713829,0.8651465565542735
2024-07-27 16:00:00,143.65895084149625,4.422804734525449,0.8426017752740114
2024-07-27 20:00:00,143.65895084149625,4.400154758633578,0.8296564310578698
2024-07-28 00:00:00,143.65895084149625,4.403035420803517,0.8312858918560195
2024-07-28 04:00:00,143.65895084149625,4.378403004961625,0.8173342122885915
2024-07-28 08:00:00,143.65895084149625,4.3962339473561585,0.8273199348727509
2024-07-28 12:00:00,143.65895084149625,4.383855848943147,0.8203316937812642
2024-07-28 16:00:00,143.65895084149625,4.41412062359695,0.8373216369106536
2024-07-28 20:00:00,143.65895084149625,4.423056184901588,0.8424066398747675
2024-07-29 00:00:00,143.65895084149625,4.494200439649334,0.8830566271797172
2024-07-29 04:00:00,143.65895084149625,4.505887697595943,0.8899458463335368
2024-07-29 08:00:00,143.65895084149625,4.509257651090585,0.8919426178796812
2024-07-29 12:00:00,143.65895084149625,4.413602169213158,0.8351799259765075
2024-07-29 16:00:00,143.65895084149625,4.361695164375979,0.805713050534057
2024-07-29 20:00:00,143.65895084149625,4.328101912578238,0.787096535374276
2024-07-30 00:00:00,143.65895084149625,4.316780813040181,0.7809200646697838
2024-07-30 04:00:00,143.65895084149625,4.338944737947248,0.79294864876153
2024-07-30 08:00:00,143.65895084149625,4.314448416381101,0.7795184304075432
2024-07-30 12:00:00,143.65895084149625,4.291247582706451,0.7669429104072052
2024-07-30 16:00:00,143.65895084149625,4.272778293351876,0.757040272357724
2024-07-30 20:00:00,143.65895084149625,4.289432344295203,0.7658924428166588
2024-07-31 00:00:00,143.65895084149625,4.281007460558598,0.7613795695964602
2024-07-31 04:00:00,143.65895084149625,4.291765389022262,0.7671194803666778
2024-07-31 08:00:00,143.65895084149625,4.283341153353637,0.7626021817474673
2024-07-31 12:00:00,143.65895084149625,4.301874601438208,0.7725012167100674
2024-07-31 16:00:00,143.65895084149625,4.229086198225865,0.733288685950719
2024-07-31 20:00:00,143.65895084149625,4.188333739455949,0.7120902646795789
2024-08-01 00:00:00,143.65895084149625,4.1434880833260035,0.6892166181677442
2024-08-01 04:00:00,143.65895084149625,4.168929936074589,0.7019124054069051
2024-08-01 08:00:00,143.65895084149625,4.191331053862241,0.7132272675258924
2024-08-01 12:00:00,143.65895084149625,4.076775317423711,0.6547463645648772
2024-08-01 16:00:00,143.65895084149625,4.110177389167428,0.6708398821175847
2024-08-01 20:00:00,143.65895084149625,4.235384770920945,0.7321468019384793
2024-08-02 00:00:00,143.65895084149625,4.18711407551808,0.7071139627670319
2024-08-02 04:00:00,143.65895084149625,4.158267921671926,0.6924994685434294
2024-08-02 08:00:00,143.65895084149625,4.190408205059092,0.708556968625458
2024-08-02 12:00:00,143.65895084149625,4.109788548379585,0.6676609865971502
2024-08-02 16:00:00,143.65895084149625,4.0590811173729024,0.6429477637523319
2024-08-02 20:00:00,143.65895084149625,3.9855098480410347,0.6079872775790771
2024-08-03 00:00:00,143.65895084149625,4.011280919323328,0.6197813647096753
2024-08-03 04:00:00,143.65895084149625,3.9961174247333995,0.6127526487759887
2024-08-03 08:00:00,143.65895084149625,4.012796750327937,0.620425321912113
2024-08-03 12:00:00,143.65895084149625,3.945373053851872,0.5891518451874952
2024-08-03 16:00:00,143.65895084149625,3.9043503507344055,0.5707744185870082
2024-08-03 20:00:00,143.65895084149625,3.93364237535062,0.5836209642227588
2024-08-04 00:00:00,143.65895084149625,3.936040874943633,0.584688535581508
2024-08-04 04:00:00,143.65895084149625,3.9126449728070822,0.5742623361134773
2024-08-04 08:00:00,118.74644899159797,3.9464747694174274,0.5891580229187354
2024-08-04 12:00:00,118.74644899159797,3.829175113152684,0.5366240241387165
2024-08-04 16:00:00,118.74644899159797,3.8402992000249005,0.5413008425806832
2024-08-04 20:00:00,118.74644899159797,3.7692281769588645,0.5112478680610414
2024-08-05 00:00:00,118.74644899159797,3.4924947247266585,0.3986417475244193
2024-08-05 04:00:00,118.74644899159797,3.4136455897677975,0.37164165782213704
2024-08-05 08:00:00,118.74644899159797,3.327181007979026,0.3434016079922459
2024-08-05 12:00:00,118.74644899159797,3.520375905350981,0.4032211112783543
2024-08-05 16:00:00,118.74644899159797,3.4652253202752084,0.3842703962412731
2024-08-05 20:00:00,118.74644899159797,3.500786106459436,0.3961007588884378
2024-08-06 00:00:00,118.74644899159797,3.60751771817858,0.43232959816656413
2024-08-06 04:00:00,118.74644899159797,3.629180038469329,0.4401177197711754
2024-08-06 08:00:00,118.74644899159797,3.577983964205923,0.4214917773594983
2024-08-06 12:00:00,118.74644899159797,3.6554915984467238,0.44888331754685246
2024-08-06 16:00:00,94.46431336324609,3.678788994250354,0.45746586687316965
2024-08-06 20:00:00,94.46431336324609,3.630607084160713,0.43949127308601965
2024-08-07 00:00:00,94.46431336324609,3.6850441463907924,0.45926037497005723
2024-08-07 04:00:00,94.46431336324609,3.6888619148594337,0.4606877796703573
2024-08-07 08:00:00,94.46431336324609,3.691614259569384,0.4617189689118469
2024-08-07 12:00:00,94.46431336324609,3.635304928945839,0.440590743495371
2024-08-07 16:00:00,94.46431336324609,3.548769707747276,0.4091271236409557
2024-08-07 20:00:00,94.46431336324609,3.5730683685796025,0.4175310850416809
2024-08-08 00:00:00,94.46431336324609,3.697210974642408,0.4610511565844853
2024-08-08 04:00:00,94.46431336324609,3.706526951851153,0.4645363312982886
2024-08-08 08:00:00,94.46431336324609,3.7147587113297953,0.46763137261163606
2024-08-08 12:00:00,94.46431336324609,3.8513403341957075,0.5192119920307483
2024-08-08 16:00:00,94.46431336324609,3.8504641462871008,0.5188576266177141
2024-08-08 20:00:00,94.46431336324609,3.9976714917488105,0.5783670657282749
2024-08-09 00:00:00,94.46431336324609,3.976440784732567,0.5691523452998964
2024-08-09 04:00:00,94.46431336324609,3.944373084959132,0.5553826898297337
2024-08-09 08:00:00,94.46431336324609,3.930871884737233,0.5496796292416564
2024-08-09 12:00:00,108.75494741988578,3.8761094923813246,0.5267062744166411
2024-08-09 16:00:00,108.75494741988578,3.932568526708189,0.5497221316976963
2024-08-09 20:00:00,108.75494741988578,3.94271532706696,0.5539773053979778
2024-08-10 00:00:00,108.75494741988578,3.9167828868577117,0.5430462727280129
2024-08-10 04:00:00,108.75494741988578,3.9429752023268354,0.553940651891088
2024-08-10 08:00:00,108.75494741988578,3.948087162551015,0.5560951589070229
2024-08-10 12:00:00,108.75494741988578,3.9218410574395732,0.545004725951733
2024-08-10 16:00:00,108.75494741988578,3.9542807482333786,0.5585288218027101
2024-08-10 20:00:00,108.75494741988578,3.9482576044296867,0.5559765755462495
2024-08-11 00:00:00,108.75494741988578,3.9587239023024687,0.5603980320718529
2024-08-11 04:00:00,108.75494741988578,3.9698700234859965,0.5651315759086816
2024-08-11 08:00:00,108.75494741988578,3.9317733472970513,0.5488617979127995
2024-08-11 12:00:00,108.75494741988578,3.896657135746924,0.5341554972401992
2024-08-11 16:00:00,108.75494741988578,3.8638532307485054,0.5206651754781652
2024-08-11 20:00:00,108.75494741988578,3.804974958653275,0.4968631332874666
2024-08-12 00:00:00,108.75494741988578,3.7918133460527597,0.49170710455124406
2024-08-12 04:00:00,108.75494741988578,3.802513596466227,0.49586980086718185
2024-08-12 08:00:00,108.75494741988578,3.878797030293302,0.5257132059057199
2024-08-12 12:00:00,108.75494741988578,3.901846864128673,0.5350853916219732
2024-08-12 16:00:00,108.75494741988578,3.82645128343384,0.5040669468488954
2024-08-12 20:00:00,108.75494741988578,3.8460657089086148,0.5118185026620344
2024-08-13 00:00:00,108.75494741988578,3.826193352377904,0.503884909842477
2024-08-13 04:00:00,108.75494741988578,3.8390283387166315,0.5089557638259276
2024-08-13 08:00:00,108.75494741988578,3.8125839248033895,0.49843822993871295
2024-08-13 12:00:00,108.75494741988578,3.854206738870094,0.5147629080397043
2024-08-13 16:00:00,108.75494741988578,3.941559173791108,0.5497629455084824
2024-08-13 20:00:00,108.75494741988578,3.926459189863194,0.543444574065623
2024-08-14 00:00:00,108.75494741988578,3.9501577397462824,0.5532846215927463
2024-08-14 04:00:00,108.75494741988578,3.9476425879169157,0.5522277563332981
2024-08-14 08:00:00,108.75494741988578,3.9724538705212162,0.5626401571161823
2024-08-14 12:00:00,108.75494741988578,3.8518367542681893,0.5113891907476794
2024-08-14 16:00:00,108.75494741988578,3.8165455643635324,0.497332883953888
2024-08-14 20:00:00,108.75494741988578,3.8030826001524387,0.49206981972099356
2024-08-15 00:00:00,108.75494741988578,3.7875023978515383,0.48602218825189525
2024-08-15 04:00:00,108.75494741988578,3.7627066688787516,0.47647663037067195
2024-08-15 08:00:00,108.75494741988578,3.80709867742288,0.4933408904694763
2024-08-15 12:00:00,108.75494741988578,3.867853754387433,0.5169596350646575
2024-08-15 16:00:00,108.75494741988578,3.6970632151430283,0.4484783890453647
2024-08-15 20:00:00,108.75494741988578,3.7290518506229358,0.46011969259329444
2024-08-16 00:00:00,108.75494741988578,3.751665534707942,0.46849045421291907
2024-08-16 04:00:00,108.75494741988578,3.788410341091152,0.4822560131678775
2024-08-16 08:00:00,108.75494741988578,3.784717001674621,0.4808455520652564
2024-08-16 12:00:00,108.75494741988578,3.7633994535490927,0.4727204149472934
2024-08-16 16:00:00,108.75494741988578,3.86788939812632,0.512095344902006
2024-08-16 20:00:00,108.75494741988578,3.815474307993025,0.491276608198044
2024-08-17 00:00:00,108.75494741988578,3.8338645330540735,0.4983803284666332
2024-08-17 04:00:00,108.75494741988578,3.8396731663564725,0.5006455951824234
2024-08-17 08:00:00,108.75494741988578,3.8324873885971287,0.497834787209471
2024-08-17 12:00:00,108.75494741988578,3.8487532468205927,0.5041735243634803
2024-08-17 16:00:00,108.75494741988578,3.85426700919221,0.5063403764548927
2024-08-17 20:00:00,108.75494741988578,3.8554853769941184,0.5068205524338849
2024-08-18 00:00:00,108.75494741988578,3.845468190231296,0.5028701423304556
2024-08-18 04:00:00,108.75494741988578,3.860760650349193,0.5088695066853123
2024-08-18 08:00:00,108.75494741988578,3.889963889652183,0.5204169497854548
2024-08-18 12:00:00,108.75494741988578,3.8795935058404023,0.5162547593400978
2024-08-18 16:00:00,108.75494741988578,3.8695089200076866,0.5122289132629697
2024-08-18 20:00:00,108.75494741988578,3.7864894675992065,0.47925964137396876
2024-08-19 00:00:00,108.75494741988578,3.8065471715721224,0.4868758104628582
2024-08-19 04:00:00,108.75494741988578,3.791339608359572,0.4810404476020709
2024-08-19 08:00:00,108.75494741988578,3.7845193409408,0.4784444064946023
2024-08-19 12:00:00,108.75494741988578,3.793740700224504,0.48194173921147115
2024-08-19 16:00:00,108.75494741988578,3.821496803728737,0.4925198144044639
2024-08-19 20:00:00,108.75494741988578,3.8520188613704955,0.5043209899152952
2024-08-20 00:00:00,108.75494741988578,3.928534951602297,0.5343743243554236
2024-08-20 04:00:00,108.75494741988578,3.9483107460040268,0.5424442615474341
2024-08-20 08:00:00,108.75494741988578,3.922030941357638,0.5316127970487632
2024-08-20 12:00:00,108.75494741988578,3.8122942384164458,0.4869899194159193
2024-08-20 16:00:00,108.75494741988578,3.8567815129535954,0.5040385936947018
2024-08-20 20:00:00,108.75494741988578,3.824495414270988,0.49138028801582456
2024-08-21 00:00:00,108.75494741988578,3.8443392558105898,0.4990290402156715
2024-08-21 04:00:00,108.75494741988578,3.869743520616351,0.5089221311005945
2024-08-21 08:00:00,108.75494741988578,3.847005407479235,0.49995104896042386
2024-08-21 12:00:00,108.75494741988578,3.8567691996619797,0.5037577122945366
2024-08-21 16:00:00,108.75494741988578,3.9901545512518206,0.5560246975030809
2024-08-21 20:00:00,108.75494741988578,3.963326481094573,0.5448092901281246
2024-08-22 00:00:00,108.75494741988578,3.923980329840691,0.5285834135801135
2024-08-22 04:00:00,108.75494741988578,3.952197857746498,0.5399866184660939
2024-08-22 08:00:00,108.75494741988578,3.9749955931377494,0.5493311445898132
2024-08-22 12:00:00,108.75494741988578,3.914810167927387,0.5243788689881678
2024-08-22 16:00:00,108.75494741988578,3.908368372208783,0.5217902825114734
2024-08-22 20:00:00,108.75494741988578,3.912764865383331,0.523551155999182
2024-08-23 00:00:00,108.75494741988578,3.9268583997387108,0.5292085515680955
2024-08-23 04:00:00,108.75494741988578,3.9577038433023586,0.5416793392938866
2024-08-23 08:00:00,108.75494741988578,3.9364737843540953,0.5329622512350667
2024-08-23 12:00:00,108.75494741988578,3.9877599400666854,0.5537932689197881
2024-08-23 16:00:00,108.75494741988578,4.1235813791923634,0.6103791717022471
2024-08-23 20:00:00,108.75494741988578,4.150048475484897,0.6221322786450988
2024-08-24 00:00:00,108.75494741988578,4.1367481763367175,0.6161507494186831
2024-08-24 04:00:00,108.75494741988578,4.168049211690121,0.6301372109351726
2024-08-24 08:00:00,108.75494741988578,4.14147907258881,0.6180863695243985
2024-08-24 12:00:00,108.75494741988578,4.146079707176976,0.6201462057425231
2024-08-24 16:00:00,108.75494741988578,4.161283381981648,0.6269684343845388
2024-08-24 20:00:00,108.75494741988578,4.1578103856782285,0.6253986357033866
2024-08-25 00:00:00,108.75494741988578,4.1541812049916915,0.6237609819100106
2024-08-25 04:00:00,108.75494741988578,4.139097422763271,0.6169663759339322
2024-08-25 08:00:00,108.75494741988578,4.139463581171824,0.6171301126643848
2024-08-25 12:00:00,108.75494741988578,4.156199936748578,0.624615509359009
2024-08-25 16:00:00,108.75494741988578,4.159780512336635,0.6262298323550887
2024-08-25 20:00:00,108.75494741988578,4.161892565882604,0.6271837030706908
2024-08-26 00:00:00,108.75494741988578,4.1550872040273665,0.624107065232348
2024-08-26 04:00:00,108.75494741988578,4.123462782752073,0.6098568049254177
2024-08-26 08:00:00,108.75494741988578,4.138497311814033,0.6165275889293169
2024-08-26 12:00:00,108.75494741988578,4.1173398364795,0.6070718616884696
2024-08-26 16:00:00,108.75494741988578,4.105056355991531,0.6016385316763749
2024-08-26 20:00:00,108.75494741988578,4.072070343890806,0.5871352063879118
2024-08-27 00:00:00,108.75494741988578,4.080884068415254,0.590947651309551
2024-08-27 04:00:00,108.75494741988578,4.076497296260402,0.5890419225569477
2024-08-27 08:00:00,108.75494741988578,4.045045909135698,0.5754080225251629
2024-08-27 12:00:00,108.75494741988578,3.9991711210539274,0.5558309484793955
2024-08-27 16:00:00,108.75494741988578,4.024632415841906,0.5664472801164769
2024-08-27 20:00:00,108.75494741988578,3.8504959016181095,0.492920698312807
2024-08-28 00:00:00,108.75494741988578,3.8643652044524996,0.49824712894375484
2024-08-28 04:00:00,108.75494741988578,3.7977418719314113,0.4724771390025476
2024-08-28 08:00:00,108.75494741988578,3.884195436564527,0.5047442078965579
2024-08-28 12:00:00,108.75494741988578,3.8236010804589484,0.48112182526287395
2024-08-28 16:00:00,108.75494741988578,3.8170458728438903,0.4786473097056532
2024-08-28 20:00:00,108.75494741988578,3.8258628377082373,0.4819641809086796
2024-08-29 00:00:00,108.75494741988578,3.8327453196530636,0.48456524888774805
2024-08-29 04:00:00,108.75494741988578,3.861440473659939,0.4954488375039144
2024-08-29 08:00:00,108.75494741988578,3.8927538223049583,0.5075019785198304
2024-08-29 12:00:00,108.75494741988578,3.9389565327844767,0.5255724510323593
2024-08-29 16:00:00,108.75494741988578,3.8403212343362103,0.48608991666142204
2024-08-29 20:00:00,108.75494741988578,3.8468673689995523,0.48857565407149195
2024-08-30 00:00:00,108.75494741988578,3.8256755460620933,0.4805011811878618
2024-08-30 04:00:00,108.75494741988578,3.841170203389668,0.4863395235080812
2024-08-30 08:00:00,108.75494741988578,3.8492645724566055,0.489414064379745
2024-08-30 12:00:00,108.75494741988578,3.764950280224607,0.4572536869857104
2024-08-30 16:00:00,108.75494741988578,3.804160337202744,0.47153988610048597
2024-08-30 20:00:00,108.75494741988578,3.8316364753397303,0.4817571960184395
2024-08-31 00:00:00,108.75494741988578,3.838636905656869,0.4843977187054528
2024-08-31 04:00:00,108.75494741988578,3.8297577262664677,0.48103632687830555
2024-08-31 08:00:00,108.75494741988578,3.8314420549458093,0.48167100667197177
2024-08-31 12:00:00,108.75494741988578,3.8240249169176987,0.4788736627820805
2024-08-31 16:00:00,108.75494741988578,3.8142689015507107,0.4752084940806849
2024-08-31 20:00:00,108.75494741988578,3.8219154556436488,0.4780664788341465
2024-09-01 00:00:00,108.75494741988578,3.792766654050957,0.4671281953205151
2024-09-01 04:00:00,108.75494741988578,3.789813408267287,0.46603700424621836
2024-09-01 08:00:00,108.75494741988578,3.774381613533747,0.4603440162705519
2024-09-01 12:00:00,108.75494741988578,3.7728573576454014,0.45978629676893945
2024-09-01 16:00:00,108.75494741988578,3.792104976643644,0.46682323770408074
2024-09-01 20:00:00,108.75494741988578,3.7135500645475843,0.4378119693229775
2024-09-02 00:00:00,103.32140754848847,3.742074776675788,0.44790080090527745
2024-09-02 04:00:00,103.32140754848847,3.7295009617328954,0.44338580151099016
2024-09-02 08:00:00,103.32140754848847,3.786143399298027,0.46358779596309735
2024-09-02 12:00:00,103.32140754848847,3.7936596917270378,0.46634875433696016
2024-09-02 16:00:00,103.32140754848847,3.7873086255255974,0.4640065739208737
2024-09-02 20:00:00,103.32140754848847,3.8321640026752393,0.48049310189975913
2024-09-03 00:00:00,103.32140754848847,3.8307939869660714,0.4799777666239542
2024-09-03 04:00:00,103.32140754848847,3.830859441832025,0.4800023700459722
2024-09-03 08:00:00,103.32140754848847,3.8282671699130697,0.4790279437974014
2024-09-03 12:00:00,103.32140754848847,3.7409724130422526,0.44625857893951104
2024-09-03 16:00:00,103.32140754848847,3.7617753951918687,0.4537033084591084
2024-09-03 20:00:00,103.32140754848847,3.7255957040869907,0.44061253841396497
2024-09-04 00:00:00,103.32140754848847,3.6715630362762677,0.4214418021245354
2024-09-04 04:00:00,103.32140754848847,3.677526557825824,0.42349537759963
2024-09-04 08:00:00,103.32140754848847,3.6663149817763427,0.41962208078621227
2024-09-04 12:00:00,106.37444545275035,3.7674783934135703,0.45435755891750873
2024-09-04 16:00:00,106.37444545275035,3.7625537248355356,0.4525758151409508
2024-09-04 20:00:00,106.37444545275035,3.756908404664031,0.4505386864524067
2024-09-05 00:00:00,106.37444545275035,3.7027636210928128,0.43105911678431846
2024-09-05 04:00:00,106.37444545275035,3.7040390188769385,0.4315045450362669
2024-09-05 08:00:00,106.37444545275035,3.674416479591058,0.421151851445111
2024-09-05 12:00:00,106.37444545275035,3.627625971453916,0.40506284038052326
2024-09-05 16:00:00,106.37444545275035,3.6330697424837224,0.4068864043640208
2024-09-05 20:00:00,106.37444545275035,3.640845910172608,0.4094990849357673
2024-09-06 00:00:00,106.37444545275035,3.6672870837459515,0.41842088771186875
2024-09-06 04:00:00,106.37444545275035,3.616497348105842,0.40103624959555434
2024-09-06 08:00:00,106.37444545275035,3.6291217123511537,0.4052360267858679
2024-09-06 12:00:00,106.37444545275035,3.5024840445663536,0.3628140723279441
2024-09-06 16:00:00,106.37444545275035,3.469385268637154,0.35252819961776877
2024-09-06 20:00:00,106.37444545275035,3.4971672948605765,0.3609970898630923
2024-09-07 00:00:00,106.37444545275035,3.487831227544459,0.3581059272325508
2024-09-07 04:00:00,106.37444545275035,3.5181018348100785,0.36742984502748854
2024-09-07 08:00:00,106.37444545275035,3.520694106729034,0.3682420540943438
2024-09-07 12:00:00,106.37444545275035,3.5501163930091755,0.3774742021942682
2024-09-07 16:00:00,106.37444545275035,3.5257496850389765,0.3697016652127227
2024-09-07 20:00:00,106.37444545275035,3.5099919121116274,0.364744698259562
2024-09-08 00:00:00,106.37444545275035,3.5256835821050427,0.3696365500759615
2024-09-08 04:00:00,106.37444545275035,3.527839056205654,0.37031449691246043
2024-09-08 08:00:00,106.37444545275035,3.535604854806864,0.37276000626505285
2024-09-08 12:00:00,106.37444545275035,3.479282562823724,0.35494577183445414
2024-09-08 16:00:00,106.37444545275035,3.5214076295747265,0.3678381834694933
2024-09-08 20:00:00,106.37444545275035,3.5559457644869257,0.37866150710277174
2024-09-09 00:00:00,106.37444545275035,3.571826670330425,0.3837348306058295
2024-09-09 04:00:00,106.37444545275035,3.5626895598840878,0.38078992774270065
2024-09-09 08:00:00,106.37444545275035,3.581539265142771,0.3868340506864286
2024-09-09 12:00:00,106.37444545275035,3.589389312581347,0.389377648919428
2024-09-09 16:00:00,106.37444545275035,3.6997902852017717,0.42530660569768614
2024-09-09 20:00:00,106.37444545275035,3.6967093700260936,0.42424411284690117
2024-09-10 00:00:00,106.37444545275035,3.663187405706124,0.4127029058514668
2024-09-10 04:00:00,106.37444545275035,3.708152306344341,0.4279004453978807
2024-09-10 08:00:00,106.37444545275035,3.7087634344492346,0.4281120078958653
2024-09-10 12:00:00,106.37444545275035,3.667805538129742,0.4139283850718882
2024-09-10 16:00:00,106.37444545275035,3.755684204250304,0.44368089564373064
2024-09-10 20:00:00,106.37444545275035,3.735203959954598,0.43642254326002555
2024-09-11 00:00:00,106.37444545275035,3.682293097816803,0.4178761720836541
2024-09-11 04:00:00,106.37444545275035,3.675323126694712,0.4155032608775147
2024-09-11 08:00:00,106.37444545275035,3.6808958632524855,0.4173932907866797
2024-09-11 12:00:00,106.37444545275035,3.6746251574805333,0.4152601004317121
2024-09-11 16:00:00,106.37444545275035,3.7319318647248965,0.4346883588138714
2024-09-11 20:00:00,106.37444545275035,3.715892182226361,0.42908354325406384
2024-09-12 00:00:00,106.37444545275035,3.7738761205095512,0.44917020277237324
2024-09-12 04:00:00,106.37444545275035,3.7677479896931416,0.44698207549405855
2024-09-12 08:00:00,106.37444545275035,3.7625524286995753,0.4451329688319784
2024-09-12 12:00:00,106.37444545275035,3.7271705092777556,0.4325752763078225
2024-09-12 16:00:00,106.37444545275035,3.783939320098936,0.45234103478239024
2024-09-12 20:00:00,106.37444545275035,3.7673695179929743,0.44639865505848325
2024-09-13 00:00:00,106.37444545275035,3.7488120913931535,0.43980200168858524
2024-09-13 04:00:00,106.37444545275035,3.765878313571595,0.4458085113447292
2024-09-13 08:00:00,106.37444545275035,3.7504406862262374,0.4403259451868747
2024-09-13 12:00:00,106.37444545275035,3.8668518412907593,0.4813282082587851
2024-09-13 16:00:00,106.37444545275035,3.871816690083538,0.4831822139500708
2024-09-13 20:00:00,106.37444545275035,3.920681663823824,0.5014764836066755
2024-09-14 00:00:00,106.37444545275035,3.9097532934814887,0.49728308980371055
2024-09-14 04:00:00,106.37444545275035,3.897360289504943,0.4925542763619408
2024-09-14 08:00:00,106.37444545275035,3.86937995447972,0.4819456854334917
2024-09-14 12:00:00,106.37444545275035,3.8803718354840697,0.48605292459364047
2024-09-14 16:00:00,106.37444545275035,3.8760945868177936,0.48444562819659415
2024-09-14 20:00:00,106.37444545275035,3.8879561750509524,0.4888931160746489
2024-09-15 00:00:00,106.37444545275035,3.8985132024408977,0.4928756131384859
2024-09-15 04:00:00,106.37444545275035,3.901110010835711,0.49386052979517087
2024-09-15 08:00:00,106.37444545275035,3.8884409298997973,0.4890490076855794
2024-09-15 12:00:00,106.37444545275035,3.9101447265412497,0.4972380637122982
2024-09-15 16:00:00,106.37444545275035,3.880515706575571,0.48593463822723254
2024-09-15 20:00:00,106.37444545275035,3.832155577791502,0.46776705680591146
2024-09-16 00:00:00,100.0243757357036,3.796064023931868,0.4545506519013362
2024-09-16 04:00:00,100.0243757357036,3.817839756119072,0.462373101574672
2024-09-16 08:00:00,100.0243757357036,3.8018253482717466,0.4565546556215265
2024-09-16 12:00:00,100.0243757357036,3.7511269902167803,0.4382898202211701
2024-09-16 16:00:00,100.0243757357036,3.755164453730553,0.43970505822474826
2024-09-16 20:00:00,100.0243757357036,3.772662289183501,0.4458517025473442
2024-09-17 00:00:00,100.0243757357036,3.7626826903635036,0.4423135476978692
2024-09-17 04:00:00,100.0243757357036,3.8038602817281277,0.4568351600853175
2024-09-17 08:00:00,100.0243757357036,3.828849783026856,0.46583871067398724
2024-09-17 12:00:00,100.0243757357036,3.9619959975321737,0.5144365907772225
2024-09-17 16:00:00,100.0243757357036,3.8863334128296882,0.48496386883506204
2024-09-17 20:00:00,100.0243757357036,3.9087565649286513,0.4933582221534041
2024-09-18 00:00:00,100.0243757357036,3.9214586973315315,0.49816796255735013
2024-09-18 04:00:00,100.0243757357036,3.916145836033633,0.4961431823729319
2024-09-18 08:00:00,100.0243757357036,3.8784276315448545,0.4818074317712057
2024-09-18 12:00:00,100.0243757357036,3.8514148620133817,0.47174024397030634
2024-09-18 16:00:00,100.0243757357036,3.892166024647337,0.4867144527417028
2024-09-18 20:00:00,100.0243757357036,4.002467194798881,0.5280938594734155
2024-09-19 00:00:00,100.0243757357036,4.025668028473531,0.5372773584518715
2024-09-19 04:00:00,100.0243757357036,4.024112665322158,0.5366546085881279
2024-09-19 08:00:00,100.0243757357036,4.059850374064855,0.5509525229550057
2024-09-19 12:00:00,100.0243757357036,4.09281111151437,0.5643715900016216
2024-09-19 16:00:00,121.10891535560941,4.099158937375912,0.5669975596422332
2024-09-19 20:00:00,121.10891535560941,4.079457670791853,0.5588222947312997
2024-09-20 00:00:00,121.10891535560941,4.13092528553877,0.5799730845407962
2024-09-20 04:00:00,121.10891535560941,4.116838879931167,0.5740399807839206
2024-09-20 08:00:00,121.10891535560941,4.111343263462981,0.5717411026904604
2024-09-20 12:00:00,121.10891535560941,4.092807871174471,0.564008268227322
2024-09-20 16:00:00,121.10891535560941,4.070458598825199,0.5547687621542675
2024-09-20 20:00:00,121.10891535560941,4.095857679087122,0.565153795664372
2024-09-21 00:00:00,121.10891535560941,4.075671657654217,0.5567978852353422
2024-09-21 04:00:00,121.10891535560941,4.088726987106055,0.5621485467511067
2024-09-21 08:00:00,121.10891535560941,4.088645978608588,0.562115133801842
2024-09-21 12:00:00,121.10891535560941,4.093714518278125,0.5642056323698971
2024-09-21 16:00:00,121.10891535560941,4.096022288353974,0.5651598197240926
2024-09-21 20:00:00,121.10891535560941,4.105443252575438,0.5690594692373542
2024-09-22 00:00:00,121.10891535560941,4.089697792939704,0.5625119889639965
2024-09-22 04:00:00,121.10891535560941,4.078680637284145,0.5579659693403215
2024-09-22 08:00:00,116.75083987780404,4.068830003992115,0.5539232516267841
2024-09-22 12:00:00,116.75083987780404,4.060283283475321,0.5504326458152141
2024-09-22 16:00:00,116.75083987780404,4.093197360030295,0.5638186445087922
2024-09-22 20:00:00,116.75083987780404,4.120335854749838,0.5750332437286072
2024-09-23 00:00:00,116.75083987780404,4.170576676811109,0.5960680408150005
2024-09-23 04:00:00,116.75083987780404,4.1183955392185,0.5736945101050173
2024-09-23 08:00:00,116.75083987780404,4.111021821745031,0.5706130227685214
2024-09-23 12:00:00,116.75083987780404,4.122878873502332,0.5755503267559893
2024-09-23 16:00:00,116.75083987780404,4.102176989957555,0.5668804316140985
2024-09-23 20:00:00,116.75083987780404,4.104861935597612,0.5679935306932136
2024-09-24 00:00:00,116.75083987780404,4.090864315303234,0.562182939815582
2024-09-24 04:00:00,116.75083987780404,4.119114894676008,0.573829862719283
2024-09-24 08:00:00,116.75083987780404,4.113827956097298,0.5716203080093035
2024-09-24 12:00:00,116.75083987780404,4.093196711962313,0.5630201150117506
2024-09-24 16:00:00,116.75083987780404,4.166580689648036,0.5933020622017463
2024-09-24 20:00:00,116.75083987780404,4.164659816156091,0.5924814913628099
2024-09-25 00:00:00,116.75083987780404,4.177446197396337,0.5979386195995265
2024-09-25 04:00:00,118.09159322831009,4.137481789289785,0.5807777070080696
2024-09-25 08:00:00,118.09159322831009,4.137137017124564,0.5806325201545041
2024-09-25 12:00:00,118.09159322831009,4.114950409838206,0.5712910850153968
2024-09-25 16:00:00,118.09159322831009,4.0945907061867315,0.5628112862101664
2024-09-25 20:00:00,118.09159322831009,4.092679553714482,0.5620232087746668
2024-09-26 00:00:00,118.09159322831009,4.116161000824358,0.571696908910355
2024-09-26 04:00:00,118.09159322831009,4.138048200704078,0.5808167012460526
2024-09-26 08:00:00,118.09159322831009,4.173168300662083,0.5956050794492618
2024-09-26 12:00:00,118.09159322831009,4.227284569242192,0.6187759094697332
2024-09-26 16:00:00,118.09159322831009,4.193716592095662,0.6040352016363634
2024-09-26 20:00:00,118.09159322831009,4.22371760308171,0.6169986432440354
2024-09-27 00:00:00,118.09159322831009,4.236161804428654,0.6224521721506922
2024-09-27 04:00:00,118.09159322831009,4.242254291506179,0.6251378215594852
2024-09-27 08:00:00,118.09159322831009,4.240785121396112,0.6244883316380911
2024-09-27 12:00:00,129.97448874726723,4.277638155131938,0.6407690123809381
2024-09-27 16:00:00,129.97448874726723,4.255084093301069,0.6306335520635151
2024-09-27 20:00:00,129.97448874726723,4.262339862402224,0.6338596209314027
2024-09-28 00:00:00,129.97448874726723,4.2813807477149295,0.6423544257119683
2024-09-28 04:00:00,129.97448874726723,4.265843317900692,0.6353609784620187
2024-09-28 08:00:00,129.97448874726723,4.2641583411533714,0.6346080897164069
2024-09-28 12:00:00,129.97448874726723,4.252565701131805,0.6294323087882999
2024-09-28 16:00:00,129.97448874726723,4.259361990035326,0.6324501131796091
2024-09-28 20:00:00,129.97448874726723,4.268046100963826,0.6363184861559676
2024-09-29 00:00:00,129.97448874726723,4.265319030905085,0.6350987581701143
2024-09-29 04:00:00,129.97448874726723,4.243355359003757,0.6252876978613883
2024-09-29 08:00:00,129.97448874726723,4.257282987956324,0.6314446946063859
2024-09-29 12:00:00,129.97448874726723,4.261133807891932,0.6331581676067266
2024-09-29 16:00:00,129.97448874726723,4.274579922335553,0.6391520069694703
2024-09-29 20:00:00,129.97448874726723,4.251456208750492,0.628779361084957
2024-09-30 00:00:00,129.97448874726723,4.183517298230534,0.5986353944165794
2024-09-30 04:00:00,129.97448874726723,4.184057138857657,0.5988671379594183
2024-09-30 08:00:00,129.97448874726723,4.135933554886193,0.5782032473540363
2024-09-30 12:00:00,129.97448874726723,4.119211456804992,0.5711900026163156
2024-09-30 16:00:00,129.97448874726723,4.114453989765729,0.569210921688498
2024-09-30 20:00:00,129.97448874726723,4.104058331302738,0.5648963839515373
2024-10-01 00:00:00,129.97448874726723,4.129714694552618,0.5754906681857507
2024-10-01 04:00:00,129.97448874726723,4.150610998491316,0.5842265946158426
2024-10-01 08:00:00,129.97448874726723,4.130396462067303,0.575690596098252
2024-10-01 12:00:00,129.97448874726723,4.058775229286469,0.5457431051698002
2024-10-01 16:00:00,129.97448874726723,4.002207967606987,0.5229249952997397
2024-10-01 20:00:00,129.97448874726723,3.940627900104226,0.4987870018945446
2024-10-02 00:00:00,129.97448874726723,4.001850234082171,0.5220347470671132
2024-10-02 04:00:00,129.97448874726723,4.000355141252913,0.5214496499035691
2024-10-02 08:00:00,129.97448874726723,3.9638436393424086,0.5071717351561876
2024-10-02 12:00:00,129.97448874726723,4.009856465903864,0.5248336869458541
2024-10-02 16:00:00,129.97448874726723,3.900721818115849,0.48198112596830534
2024-10-02 20:00:00,129.97448874726723,3.9304856362213134,0.49301415977525087
2024-10-03 00:00:00,129.97448874726723,3.983284382598614,0.5128823379025342
2024-10-03 04:00:00,129.97448874726723,3.948418973356646,0.4994146683466764
2024-10-03 08:00:00,129.97448874726723,3.9379682291153784,0.49544908996876297
2024-10-03 12:00:00,129.97448874726723,3.9299814393330776,0.49243455493507
2024-10-03 16:00:00,129.97448874726723,3.9555477211337737,0.5020450740641426
2024-10-03 20:00:00,129.97448874726723,3.937188603335753,0.49505455949741317
2024-10-04 00:00:00,129.97448874726723,3.9501033020359877,0.4999261679877987
2024-10-04 04:00:00,129.97448874726723,3.9819655642598457,0.5120236581841582
2024-10-04 08:00:00,129.97448874726723,3.982367366407283,0.5121786561634806
2024-10-04 12:00:00,129.97448874726723,4.00979360330983,0.5227606531526537
2024-10-04 16:00:00,137.52000764295414,4.041870376034982,0.5353062923947747
2024-10-04 20:00:00,137.52000764295414,4.023594859006348,0.528045050678414
2024-10-05 00:00:00,137.52000764295414,4.009077488192219,0.5223293963375413
2024-10-05 04:00:00,137.52000764295414,4.0229591043182245,0.5277551653774074
2024-10-05 08:00:00,137.52000764295414,4.029686698015893,0.5304028599468307
2024-10-05 12:00:00,137.52000764295414,4.0288869821288955,0.530087074905415
2024-10-05 16:00:00,137.52000764295414,4.0082019483515925,0.5219223864210014
2024-10-05 20:00:00,137.52000764295414,4.02178026866308,0.5272266321390656
2024-10-06 00:00:00,137.52000764295414,4.010157817514444,0.5226557714502994
2024-10-06 04:00:00,137.52000764295414,4.014716975751906,0.5244383973275335
2024-10-06 08:00:00,137.52000764295414,4.024626583230092,0.5283218431809227
2024-10-06 12:00:00,137.52000764295414,4.064683016989768,0.5440967394185122
2024-10-06 16:00:00,137.52000764295414,4.058939190485343,0.5417901409016433
2024-10-06 20:00:00,137.52000764295414,4.071157216107359,0.5466827536110003
2024-10-07 00:00:00,137.52000764295414,4.117208926747598,0.5652344881510201
2024-10-07 04:00:00,137.52000764295414,4.1173048408085995,0.56527399107847
2024-10-07 08:00:00,137.52000764295414,4.091605705072057,0.5546891155931202
2024-10-07 12:00:00,137.52000764295414,4.125056381914255,0.5682935983006712
2024-10-07 16:00:00,137.52000764295414,4.107584469180496,0.561072477978392
2024-10-07 20:00:00,137.52000764295414,4.032538197126743,0.5303198070545189
2024-10-08 00:00:00,137.52000764295414,4.058836795744544,0.5406954070337581
2024-10-08 04:00:00,137.52000764295414,4.038759001664256,0.5326714546634904
2024-10-08 08:00:00,137.52000764295414,4.058461564384276,0.5404671607754521
2024-10-08 12:00:00,137.52000764295414,4.036686480265051,0.5317677673948357
2024-10-08 16:00:00,137.52000764295414,4.03393348748712,0.5306797813718946
2024-10-08 20:00:00,137.52000764295414,4.028422317387421,0.5285047332066112
2024-10-09 00:00:00,137.52000764295414,4.04355988925816,0.5344626078428504
2024-10-09 04:00:00,137.52000764295414,4.035958699923803,0.5314485175964269
2024-10-09 08:00:00,137.52000764295414,4.030982833975369,0.529482875642184
2024-10-09 12:00:00,137.52000764295414,4.038500422540339,0.5324452557181243
2024-10-09 16:00:00,137.52000764295414,3.9552871978059168,0.4995321824826542
2024-10-09 20:00:00,137.52000764295414,3.9296262980801786,0.489809668336341
2024-10-10 00:00:00,137.52000764295414,3.9444845526516503,0.4953657056220735
2024-10-10 04:00:00,137.52000764295414,3.946733996609323,0.49621319079673404
2024-10-10 08:00:00,137.52000764295414,3.9701940574758674,0.5050619186326166
2024-10-10 12:00:00,137.52000764295414,3.9395637724814923,0.49337216975619136
2024-10-10 16:00:00,137.52000764295414,3.870733768489393,0.46751234589616103
2024-10-10 20:00:00,137.52000764295414,3.909560169223524,0.4815808580509007
2024-10-11 00:00:00,137.52000764295414,3.928199252388792,0.48846876252773186
2024-10-11 04:00:00,137.52000764295414,3.932132376957827,0.4899360061941031
2024-10-11 08:00:00,137.52000764295414,3.9645474411684027,0.5020525670654401
2024-10-11 12:00:00,137.52000764295414,4.034809675395724,0.5287456529107067
2024-10-11 16:00:00,137.52000764295414,4.088402305048204,0.5498149515169833
2024-10-11 20:00:00,137.52000764295414,4.053017145286486,0.5355389910459794
2024-10-12 00:00:00,137.52000764295414,4.054831735629754,0.5362582950953534
2024-10-12 04:00:00,137.52000764295414,4.067765228301401,0.5413897233631029
2024-10-12 08:00:00,137.52000764295414,4.078739611470298,0.5457715531402142
2024-10-12 12:00:00,137.52000764295414,4.093034694967376,0.5515099802027279
2024-10-12 16:00:00,137.52000764295414,4.0828289204224495,0.5473844936603246
2024-10-12 20:00:00,137.52000764295414,4.0961927302326435,0.5527595478756031
2024-10-13 00:00:00,137.52000764295414,4.064184004645364,0.5398013231174429
2024-10-13 04:00:00,137.52000764295414,4.072684712335598,0.5431884925369707
2024-10-13 08:00:00,137.52000764295414,4.054399474287268,0.5358721902012643
2024-10-13 12:00:00,137.52000764295414,4.03288232122398,0.5273403886271628
2024-10-13 16:00:00,137.52000764295414,4.06561040226877,0.5401789772115745
2024-10-13 20:00:00,137.52000764295414,4.074404684753826,0.5436843449532323
2024-10-14 00:00:00,137.52000764295414,4.1670764616525355,0.580782422991991
2024-10-14 04:00:00,137.52000764295414,4.1878716669863945,0.589477360451064
2024-10-14 08:00:00,137.52000764295414,4.2072612128722,0.5976650743339017
2024-10-14 12:00:00,137.52000764295414,4.268823782539508,0.623901000211639
2024-10-14 16:00:00,137.52000764295414,4.273321374318895,0.6258730085347609
2024-10-14 20:00:00,137.52000764295414,4.28269178923794,0.6299901969670509
2024-10-15 00:00:00,137.52000764295414,4.238364587491785,0.6104284092409997
2024-10-15 04:00:00,137.52000764295414,4.253836562440069,0.6171134403612839
2024-10-15 08:00:00,137.52000764295414,4.238344497384413,0.6103710363517751
2024-10-15 12:00:00,137.52000764295414,4.278674415831539,0.6277949721364282
2024-10-15 16:00:00,137.52000764295414,4.340122925534413,0.6548433485873226
2024-10-15 20:00:00,137.52000764295414,4.346860240251778,0.6578929528075506
2024-10-16 00:00:00,137.52000764295414,4.3482756207195274,0.658535602065043
2024-10-16 04:00:00,137.52000764295414,4.340275221509652,0.65490067996949
2024-10-16 08:00:00,137.52000764295414,4.400039402533184,0.6819539893514588
2024-10-16 12:00:00,137.52000764295414,4.390659914662425,0.6775928607889359
2024-10-16 16:00:00,137.52000764295414,4.389234813174979,0.6769330702704981
2024-10-16 20:00:00,137.52000764295414,4.382236327061779,0.673695029773576
2024-10-17 00:00:00,137.52000764295414,4.381030272551485,0.6731387980677207
2024-10-17 04:00:00,137.52000764295414,4.361703589259714,0.6642302494714006
2024-10-17 08:00:00,146.67095483043562,4.3337880610324655,0.6514767430266916
2024-10-17 12:00:00,146.67095483043562,4.380334247541247,0.6724679111872056
2024-10-17 16:00:00,146.67095483043562,4.331686376574173,0.6500626811356663
2024-10-17 20:00:00,146.67095483043562,4.369389675499417,0.6670372532465779
2024-10-18 00:00:00,146.67095483043562,4.378049159844687,0.6710031609004017
2024-10-18 04:00:00,146.67095483043562,4.404898616245266,0.6833484335016019
2024-10-18 08:00:00,146.67095483043562,4.387549836427658,0.6752742897736594
2024-10-18 12:00:00,146.67095483043562,4.454517941113967,0.7061948543361958
2024-10-18 16:00:00,146.67095483043562,4.446265443459972,0.7022699371246949
2024-10-18 20:00:00,146.67095483043562,4.434599571756694,0.6967422030577042
2024-10-19 00:00:00,146.67095483043562,4.4360259693801,0.6974145285336483
2024-10-19 04:00:00,146.67095483043562,4.429320409993742,0.6942518636370013
2024-10-19 08:00:00,146.67095483043562,4.4127143160809155,0.6864433441038251
2024-10-19 12:00:00,146.67095483043562,4.421568868888086,0.6905755958682422
2024-10-19 16:00:00,146.67095483043562,4.41865580331916,0.689210678538636
2024-10-19 20:00:00,146.67095483043562,4.431359231858,0.6951550238278374
2024-10-20 00:00:00,146.67095483043562,4.419045940242962,0.6893602014641843
2024-10-20 04:00:00,146.67095483043562,4.431359231857999,0.6951227302791455
2024-10-20 08:00:00,152.1558029365216,4.434081765440881,0.6964039364813901
2024-10-20 12:00:00,152.1558029365216,4.447430669687542,0.7026935562652709
2024-10-20 16:00:00,152.1558029365216,4.439802909566015,0.6990780004865157
2024-10-20 20:00:00,152.1558029365216,4.4737422296649365,0.7151099500004269
2024-10-21 00:00:00,152.1558029365216,4.467780004251339,0.712250835752089
2024-10-21 04:00:00,152.1558029365216,4.440172956382446,0.6990475382093115
2024-10-21 08:00:00,152.1558029365216,4.422286928209634,0.6905997700128674
2024-10-21 12:00:00,152.1558029365216,4.364155878495044,0.6633659268349742
2024-10-21 16:00:00,152.1558029365216,4.3915030511040625,0.6758365051157527
2024-10-21 20:00:00,152.1558029365216,4.366520030485131,0.6643021143986007
2024-10-22 00:00:00,152.1558029365216,4.367331411595765,0.6646724336805095
2024-10-22 04:00:00,152.1558029365216,4.368107797035492,0.6650269123891741
2024-10-22 08:00:00,152.1558029365216,4.361442417863878,0.6619825805619629
2024-10-22 12:00:00,152.1558029365216,4.360348479114079,0.6614844643468304
2024-10-22 16:00:00,152.1558029365216,4.373355851535416,0.6674042949428719
2024-10-22 20:00:00,152.1558029365216,4.369663160186865,0.665713704364662
2024-10-23 00:00:00,152.1558029365216,4.347376102363648,0.6555274731067942
2024-10-23 04:00:00,152.1558029365216,4.332486092461169,0.6487918166997485
2024-10-23 08:00:00,152.1558029365216,4.304078680637298,0.6360297471177937
2024-10-23 12:00:00,152.1558029365216,4.291729097215396,0.6305549152174068
2024-10-23 16:00:00,152.1558029365216,4.307837474919784,0.6376550022738829
2024-10-23 20:00:00,152.1558029365216,4.320581731741346,0.6433142959402607
2024-10-24 00:00:00,152.1558029365216,4.355869681306105,0.659076925029755
2024-10-24 04:00:00,152.1558029365216,4.350031884944618,0.656427013193739
2024-10-24 08:00:00,152.1558029365216,4.360589560402543,0.6612065253102597
2024-10-24 12:00:00,152.1558029365216,4.387499287125237,0.6734476821471248
2024-10-24 16:00:00,152.1558029365216,4.426938760168201,0.6916086572044844
2024-10-24 20:00:00,152.1558029365216,4.419712154126135,0.6882216779136009
2024-10-25 00:00:00,152.1558029365216,4.407380716607665,0.6824610566395717
2024-10-25 04:00:00,152.1558029365216,4.376530736568158,0.6681301571810315
2024-10-25 08:00:00,152.1558029365216,4.413718173381531,0.6851614882732662
2024-10-25 12:00:00,152.1558029365216,4.386772802919951,0.6726129321111135
2024-10-25 16:00:00,152.1558029365216,4.332334444553911,0.6475722389969013
2024-10-25 20:00:00,152.1558029365216,4.322505197505213,0.6431645823855927
2024-10-26 00:00:00,152.1558029365216,4.336482079624239,0.6494036278976661
2024-10-26 04:00:00,154.32704277014653,4.342573270565804,0.6521401604761745
2024-10-26 08:00:00,154.32704277014653,4.350998802370388,0.6559360395465734
2024-10-26 12:00:00,154.32704277014653,4.334699244611977,0.6485643064011258
2024-10-26 16:00:00,154.32704277014653,4.353590426221364,0.6570438885401763
2024-10-26 20:00:00,154.32704277014653,4.348066942830049,0.6545430761184164
2024-10-27 00:00:00,154.32704277014653,4.360821568739289,0.6603031889596922
2024-10-27 04:00:00,154.32704277014653,4.355276699104643,0.6577844238294915
2024-10-27 08:00:00,154.32704277014653,4.350353326662567,0.6555536693248871
2024-10-27 12:00:00,154.32704277014653,4.393381800177327,0.675005519494277
2024-10-27 16:00:00,154.32704277014653,4.397141242527791,0.6767383379372459
2024-10-27 20:00:00,154.32704277014653,4.408268569739906,0.6818759638454474
2024-10-28 00:00:00,154.32704277014653,4.3892082423878085,0.6730311449247242
2024-10-28 04:00:00,154.32704277014653,4.433790782917981,0.6935396990691167
2024-10-28 08:00:00,154.32704277014653,4.455712330400626,0.7038266955842547
2024-10-28 12:00:00,164.44144909344593,4.438889781782566,0.6958547993347789
2024-10-28 16:00:00,164.44144909344593,4.51249604678534,0.7304710718361783
2024-10-28 20:00:00,164.44144909344593,4.534026809276202,0.7409271025946019
2024-10-29 00:00:00,164.44144909344593,4.5972737076228505,0.7719335410948355
2024-10-29 04:00:00,164.44144909344593,4.602447234305105,0.7745396196268747
2024-10-29 08:00:00,164.44144909344593,4.6305759768976875,0.7887408637557695
2024-10-29 12:00:00,164.44144909344593,4.692142434972874,0.8202013007918155
2024-10-29 16:00:00,164.44144909344593,4.700836266921071,0.8247604285495076
2024-10-29 20:00:00,164.44144909344593,4.71381447628332,0.8315914983257953
2024-10-30 00:00:00,164.44144909344593,4.681254244845283,0.81435907745924
2024-10-30 04:00:00,164.44144909344593,4.68086475598946,0.8141558089960982
2024-10-30 08:00:00,164.44144909344593,4.665051897283833,0.8059046856824751
2024-10-30 12:00:00,164.44144909344593,4.670064703107112,0.8085026270068251
2024-10-30 16:00:00,164.44144909344593,4.654554492148024,0.8004470343525028
2024-10-30 20:00:00,164.44144909344593,4.68843094965291,0.8179243095610531
2024-10-31 00:00:00,164.44144909344593,4.689014210834675,0.8182295695752315
2024-10-31 04:00:00,164.44144909344593,4.693126202166118,0.820382188065563
2024-10-31 08:00:00,173.23315864984056,4.680735790461492,0.8138844682340041
2024-10-31 12:00:00,173.23315864984056,4.57665607291544,0.7595924491833652
2024-10-31 16:00:00,173.23315864984056,4.54244262006109,0.7425571203092204
2024-10-31 20:00:00,173.23315864984056,4.5554000912479875,0.7489116282001111
2024-11-01 00:00:00,173.23315864984056,4.495646927380111,0.7194412161532914
2024-11-01 04:00:00,173.23315864984056,4.489406680803206,0.7164453243546877
2024-11-01 08:00:00,173.23315864984056,4.536606119835563,0.7390423977395696
2024-11-01 12:00:00,173.23315864984056,4.496799192248087,0.7195879819711847
2024-11-01 16:00:00,173.23315864984056,4.489037282054755,0.7158617466734936
2024-11-01 20:00:00,173.23315864984056,4.50381388006078,0.7229309692665679
2024-11-02 00:00:00,173.23315864984056,4.510552490914105,0.7261759193946835
2024-11-02 04:00:00,173.23315864984056,4.524415961136677,0.732871763144528
2024-11-02 08:00:00,173.23315864984056,4.511071593365876,0.7263871403201184
2024-11-02 12:00:00,173.23315864984056,4.497149148957147,0.7196616310673758
2024-11-02 16:00:00,173.23315864984056,4.5047205271644355,0.7232964874238846
2024-11-02 20:00:00,163.89593555320005,4.4959547596704885,0.7190740841917331
2024-11-03 00:00:00,163.89593555320005,4.431481716706173,0.6881390124642651
2024-11-03 04:00:00,163.89593555320005,4.432617779874656,0.6886682503829793
2024-11-03 08:00:00,163.89593555320005,4.430118829744783,0.6875035113737551
2024-11-03 12:00:00,163.89593555320005,4.412753200159702,0.6794186731724867
2024-11-03 16:00:00,163.89593555320005,4.450866078048142,0.6970230573865042
2024-11-03 20:00:00,163.89593555320005,4.457151689383628,0.6999761114351617
2024-11-04 00:00:00,163.89593555320005,4.474770713548787,0.7082770826934107
2024-11-04 04:00:00,163.89593555320005,4.446912863371734,0.6950488673613242
2024-11-04 08:00:00,163.89593555320005,4.458235259045751,0.7003579110940197
2024-11-04 12:00:00,163.89593555320005,4.448728101782982,0.6958773852261987
2024-11-04 16:00:00,163.89593555320005,4.397530083315637,0.6718519498176784
2024-11-04 20:00:00,163.89593555320005,4.397141890595773,0.671674026280508
2024-11-05 00:00:00,163.89593555320005,4.4226103141315285,0.6833451155959547
2024-11-05 04:00:00,160.3247632364798,4.464798891544546,0.7029010042644694
2024-11-05 08:00:00,160.3247632364798,4.459357712786659,0.7003311617433127
2024-11-05 12:00:00,160.3247632364798,4.513144762833061,0.7256725335317198
2024-11-05 16:00:00,160.3247632364798,4.471409184937882,0.7055404322091423
2024-11-05 20:00:00,160.3247632364798,4.49577783711202,0.7170757683925616
2024-11-06 00:00:00,160.3247632364798,4.818290163364996,0.8713977450624444
2024-11-06 04:00:00,160.3247632364798,4.754932445393812,0.8370226219167879
2024-11-06 08:00:00,160.3247632364798,4.8133311471840345,0.8678628294593833
2024-11-06 12:00:00,160.3247632364798,4.815015475863375,0.8687739030228017
2024-11-06 16:00:00,160.3247632364798,4.9138814865124285,0.9222891266259848
2024-11-06 20:00:00,160.3247632364798,4.89757868841412,0.9131094831236417
2024-11-07 00:00:00,160.3247632364798,4.863621222411765,0.8941162910573561
2024-11-07 04:00:00,160.3247632364798,4.844799384076211,0.8837358081739947
2024-11-07 08:00:00,160.3247632364798,4.844048921355673,0.8833251343403048
2024-11-07 12:00:00,160.3247632364798,4.92918496378598,0.9298994819601711
2024-11-07 16:00:00,214.12887748454983,4.959689523592286,0.9471636998195389
2024-11-07 20:00:00,214.12887748454983,4.916106951954851,0.9221944978543336
2024-11-08 00:00:00,214.12887748454983,4.918239095608191,0.9233943809111679
2024-11-08 04:00:00,214.12887748454983,4.934939807446062,0.932801005824184
2024-11-08 08:00:00,214.12887748454983,4.921069208475712,0.9249355550735567
2024-11-08 12:00:00,214.12887748454983,4.953035809644308,0.9429603245350993
2024-11-08 16:00:00,214.12887748454983,4.984458033709924,0.9609068396066239
2024-11-08 20:00:00,214.12887748454983,4.9583538554860445,0.9458097017264403
2024-11-09 00:00:00,214.12887748454983,4.947446223319061,0.939567784775526
2024-11-09 04:00:00,214.12887748454983,4.959604626686941,0.9464947791902943
2024-11-09 08:00:00,214.12887748454983,4.956884685375978,0.9449375520859329
2024-11-09 12:00:00,214.12887748454983,4.946048340686764,0.9387403114756798
2024-11-09 16:00:00,214.12887748454983,4.938596855055728,0.934497524430094
2024-11-09 20:00:00,214.12887748454983,4.969220659370306,0.95188173506351
2024-11-10 00:00:00,219.58539966851575,5.003471052099502,0.9715642922445017
2024-11-10 04:00:00,219.58539966851575,5.1088734763922,1.0329648064230461
2024-11-10 08:00:00,219.58539966851575,5.174434625494497,1.0727322972432436
2024-11-10 12:00:00,219.58539966851575,5.164714901934375,1.0666871954275707
2024-11-10 16:00:00,219.58539966851575,5.16827668355102,1.0688940782365102
2024-11-10 20:00:00,219.58539966851575,5.208523001228758,1.0938651004575972
2024-11-11 00:00:00,219.58539966851575,5.289027301807872,1.144586300010407
2024-11-11 04:00:00,219.58539966851575,5.256421057543274,1.1234175718017467
2024-11-11 08:00:00,219.58539966851575,5.322841544786704,1.1660043100101454
2024-11-11 12:00:00,219.58539966851575,5.44762962655733,1.248011320715709
2024-11-11 16:00:00,219.58539966851575,5.580008528574637,1.3389923783500846
2024-11-11 20:00:00,219.58539966851575,5.744992378720583,1.4577621526783884
2024-11-12 00:00:00,219.58539966851575,5.706073952333329,1.428136103439778
2024-11-12 04:00:00,219.58539966851575,5.766725986489104,1.4736767118065015
2024-11-12 08:00:00,304.2602199606306,5.648272121152445,1.382864679201303
2024-11-12 12:00:00,304.2602199606306,5.614342522073219,1.3579437601274456
2024-11-12 16:00:00,304.2602199606306,5.748640353378533,1.4553918057192679
2024-11-12 20:00:00,304.2602199606306,5.699888143466722,1.418363797814065
2024-11-13 00:00:00,304.2602199606306,5.647005148252056,1.3788854831290143
2024-11-13 04:00:00,304.2602199606306,5.66126264380631,1.389329667150144
2024-11-13 08:00:00,304.2602199606306,5.6815724462233455,1.4042823443922863
2024-11-13 12:00:00,304.2602199606306,5.997221732570887,1.6383341270809968
2024-11-13 16:00:00,304.2602199606306,5.845152581125176,1.5137063786337392
2024-11-13 20:00:00,304.2602199606306,5.856927328249051,1.522854220155839
2024-11-14 00:00:00,304.2602199606306,5.828530285512857,1.5007037542474526
2024-11-14 04:00:00,304.2602199606306,5.882475464146315,1.5423724399022218
2024-11-14 08:00:00,304.2602199606306,5.929294487274565,1.5791999820022917
2024-11-14 12:00:00,304.2602199606306,5.69962762013887,1.3956925276707768
2024-11-14 16:00:00,328.1322673481345,5.797874725867272,1.4678671119432167
2024-11-14 20:00:00,328.1322673481345,5.659291869079926,1.3626106719326812
2024-11-15 00:00:00,328.1322673481345,5.717139713087372,1.4043954524757236
2024-11-15 04:00:00,328.1322673481345,5.677853184087625,1.3754436555424605
2024-11-15 08:00:00,328.1322673481345,5.81584305867351,1.4757266100543005
2024-11-15 12:00:00,328.1322673481345,5.731863817587037,1.4117993000255427
2024-11-15 16:00:00,328.1322673481345,5.857101658535601,1.504340244026368
2024-11-15 20:00:00,328.1322673481345,5.899496969634154,1.5370067280802835
2024-11-16 00:00:00,328.1322673481345,5.913751872916489,1.5481482960982973
2024-11-16 04:00:00,328.1322673481345,5.905035358589002,1.541302663869889
2024-11-16 08:00:00,328.1322673481345,5.908415681171319,1.5439496083254989
2024-11-16 12:00:00,328.1322673481345,5.8663891207532375,1.5110032678859402
2024-11-16 16:00:00,328.1322673481345,5.903914849052034,1.539999723928393
2024-11-16 20:00:00,328.1322673481345,5.870648223516081,1.5139675425108596
2024-11-17 00:00:00,336.4292715319835,5.8486748305950575,1.4969675440023422
2024-11-17 04:00:00,336.4292715319835,5.868307401973265,1.5120424060914843
2024-11-17 08:00:00,336.4292715319835,5.876951980755001,1.5187245558863576
2024-11-17 12:00:00,336.4292715319835,5.849462233190439,1.4974128173534593
2024-11-17 16:00:00,336.4292715319835,5.8354633167601015,1.486662005027718
2024-11-17 20:00:00,336.4292715319835,5.823278990673033,1.4773496469506027
2024-11-18 00:00:00,336.4292715319835,5.875940346638628,1.5174297645793415
2024-11-18 04:00:00,336.4292715319835,5.944073029484527,1.5702144533909739
2024-11-18 08:00:00,336.4292715319835,5.850442111975805,1.4960124949558147
2024-11-18 12:00:00,336.4292715319835,5.982283765637907,1.5971519084184658
2024-11-18 16:00:00,336.4292715319835,5.872031200584842,1.5088461200702148
2024-11-18 20:00:00,336.4292715319835,5.862687356452969,1.5016432855739432
2024-11-19 00:00:00,336.4292715319835,5.925155925155952,1.549644569481228
2024-11-19 04:00:00,336.4292715319835,5.937599478434916,1.5594078997668979
2024-11-19 08:00:00,336.4292715319835,5.93967394403806,1.561042367397
2024-11-19 12:00:00,336.4292715319835,5.9876290303347925,1.5988524839859009
2024-11-19 16:00:00,336.4292715319835,6.041799736625198,1.6422474410914065
2024-11-19 20:00:00,336.4292715319835,5.982366718339312,1.5937832119952327
2024-11-20 00:00:00,336.4292715319835,5.964817037447986,1.579756796649585
2024-11-20 04:00:00,336.4292715319835,6.01733581845804,1.6214849338572337
2024-11-20 08:00:00,336.4292715319835,6.056496622269716,1.653142791401227
2024-11-20 12:00:00,336.4292715319835,6.139794095841505,1.7213518369429044
2024-11-20 16:00:00,336.4292715319835,6.091839009544772,1.6810177925438199
2024-11-20 20:00:00,336.4292715319835,6.110410045572167,1.6963915944150332
2024-11-21 00:00:00,336.4292715319835,6.208369409117565,1.7779789705518008
2024-11-21 04:00:00,336.4292715319835,6.28055705331269,1.839999174982992
2024-11-21 08:00:00,336.4292715319835,6.349445383422966,1.900545303053912
2024-11-21 12:00:00,336.4292715319835,6.265002773730979,1.8247180478199112
2024-11-21 16:00:00,336.4292715319835,6.340038028629078,1.890281394930988
2024-11-21 20:00:00,336.4292715319835,6.371617733213769,1.9185278476009737
2024-11-22 00:00:00,336.4292715319835,6.405277087945444,1.9489328775739938
2024-11-22 04:00:00,336.4292715319835,6.427129940222236,1.9688803716571899
2024-11-22 08:00:00,336.4292715319835,6.407472742260799,1.9508150742749892
2024-11-22 12:00:00,336.4292715319835,6.3940979152949495,1.9385988003506185
2024-11-22 16:00:00,336.4292715319835,6.421040693484612,1.9631047923616192
2024-11-22 20:00:00,336.4292715319835,6.408873865232995,1.951945499037334
2024-11-23 00:00:00,336.4292715319835,6.3942709494455405,1.9386027044948606
2024-11-23 04:00:00,336.4292715319835,6.3874130940839455,1.9323652505038738
2024-11-23 08:00:00,336.4292715319835,6.378932476501084,1.9246684018054017
2024-11-23 12:00:00,336.4292715319835,6.376988920629847,1.9229091573301103
2024-11-23 16:00:00,336.4292715319835,6.3189220296452495,1.8703809071786532
2024-11-23 20:00:00,336.4292715319835,6.329835494424051,1.880071960205264
2024-11-24 00:00:00,336.4292715319835,6.364034041714868,1.9105446620145878
2024-11-24 04:00:00,336.4292715319835,6.3790011717069355,1.9240244942049503
2024-11-24 08:00:00,336.4292715319835,6.304407251103039,1.8565277843765031
2024-11-24 12:00:00,336.4292715319835,6.215069783960085,1.7776032400074675
2024-11-24 16:00:00,336.4292715319835,6.242192076980135,1.8008753886517035
2024-11-24 20:00:00,336.4292715319835,6.344588113914826,1.889499304995703
2024-11-25 00:00:00,336.4292715319835,6.344507753485339,1.8894275079115084
2024-11-25 04:00:00,336.4292715319835,6.354134155256379,1.8980278859148694
2024-11-25 08:00:00,336.4292715319835,6.3632557120712026,1.9062019197522742
2024-11-25 12:00:00,336.4292715319835,6.2214888972994,1.778797245147166
2024-11-25 16:00:00,336.4292715319835,6.135225864652327,1.7048063818520824
2024-11-25 20:00:00,336.4292715319835,6.027680927618611,1.6151552594473093
2024-11-26 00:00:00,336.4292715319835,6.1219093638046544,1.6909025772580633
2024-11-26 04:00:00,336.4292715319835,6.077951560806951,1.6544784693716186
2024-11-26 08:00:00,336.4292715319835,5.985351719453992,1.5788586940642824
2024-11-26 12:00:00,336.4292715319835,6.014913340349778,1.6022526186068826
2024-11-26 16:00:00,336.4292715319835,5.94173933668949,1.5437763452121465
2024-11-26 20:00:00,336.4292715319835,5.959967544755603,1.5579844456521854
2024-11-27 00:00:00,336.4292715319835,6.000331810805655,1.589639097222302
2024-11-27 04:00:00,336.4292715319835,6.065732239048976,1.6416177615638858
2024-11-27 08:00:00,336.4292715319835,6.050880465157301,1.6295593975360374
2024-11-27 12:00:00,336.4292715319835,6.192679035260111,1.744122489865543
2024-11-27 16:00:00,336.4292715319835,6.2621506265521525,1.8028209775907869
2024-11-27 20:00:00,336.4292715319835,6.212581202917891,1.7600091057095757
2024-11-28 00:00:00,336.4292715319835,6.1871976762874805,1.7384358321158753
2024-11-28 04:00:00,336.4292715319835,6.176065812599508,1.7290525708758626
2024-11-28 08:00:00,336.4292715319835,6.185939128270828,1.7373449769297642
2024-11-28 12:00:00,336.4292715319835,6.157108528056188,1.7130534195318614
2024-11-28 16:00:00,336.4292715319835,6.164388923740574,1.7191301550640605
2024-11-28 20:00:00,336.4292715319835,6.198380089277873,1.7475686126648933
2024-11-29 00:00:00,336.4292715319835,6.259711946744394,1.799444245098439
2024-11-29 04:00:00,336.4292715319835,6.197153296592228,1.7454940934196597
2024-11-29 08:00:00,336.4292715319835,6.301677588772382,1.8338152269567245
2024-11-29 12:00:00,336.4292715319835,6.352327989796848,1.878033679269623
2024-11-29 16:00:00,336.4292715319835,6.307628148962343,1.8383878328901402
2024-11-29 20:00:00,336.4292715319835,6.316070530534401,1.8457695481067735
2024-11-30 00:00:00,336.4292715319835,6.262930252331779,1.7991813853510816
2024-11-30 04:00:00,336.4292715319835,6.272220954889315,1.8071883366142523
2024-11-30 08:00:00,336.4292715319835,6.238820179281557,1.7783174665286772
2024-11-30 12:00:00,336.4292715319835,6.263279560972859,1.799233221959447
2024-11-30 16:00:00,336.4292715319835,6.287534801250542,1.820136408711391
2024-11-30 20:00:00,336.4292715319835,6.2478931309979,1.7857096025259453
2024-12-01 00:00:00,336.4292715319835,6.243276294710241,1.7817509902132953
2024-12-01 04:00:00,336.4292715319835,6.252104276730243,1.7893091687864835
2024-12-01 08:00:00,336.4292715319835,6.293316215697794,1.824692887768537
2024-12-01 12:00:00,350.90068314778875,6.288075289945646,1.820134203785006
2024-12-01 16:00:00,350.90068314778875,6.29784232246829,1.8286156432450433
2024-12-01 20:00:00,350.90068314778875,6.298260326315221,1.8289797528881389
2024-12-02 00:00:00,350.90068314778875,6.252802894012402,1.7893779966923387
2024-12-02 04:00:00,350.90068314778875,6.2214519574245575,1.7624627026760964
2024-12-02 08:00:00,350.90068314778875,6.164985146281935,1.7144735921313328
2024-12-02 12:00:00,350.90068314778875,6.289370129769163,1.818247452596426
2024-12-02 16:00:00,350.90068314778875,6.2095281546653425,1.7490008675581319
2024-12-02 20:00:00,350.90068314778875,6.211123698031459,1.7503490891920739
2024-12-03 00:00:00,350.90068314778875,6.226595672979743,1.7634295035785952
2024-12-03 04:00:00,350.90068314778875,6.1922895464042895,1.7342820662305207
2024-12-03 08:00:00,350.90068314778875,6.155868774010948,1.7036808361394407
2024-12-03 12:00:00,350.90068314778875,6.200879039407748,1.7410515774927104
2024-12-03 16:00:00,350.90068314778875,6.184422001130262,1.7271894045950698
2024-12-03 20:00:00,350.90068314778875,6.211711495689083,1.7500536880398947
2024-12-04 00:00:00,350.90068314778875,6.206567780133896,1.7457062010145412
2024-12-04 04:00:00,350.90068314778875,6.259611496207538,1.790464631448993
2024-12-04 08:00:00,350.90068314778875,6.2337924678947445,1.7683092355236492
2024-12-04 12:00:00,350.90068314778875,6.204784945121635,1.7436239717695887
2024-12-04 16:00:00,350.90068314778875,6.299845500593662,1.8237636694819532
2024-12-04 20:00:00,350.90068314778875,6.389128530026317,1.9013042117215468
2024-12-05 00:00:00,350.90068314778875,6.672767146582641,2.1545233919576288
2024-12-05 04:00:00,350.90068314778875,6.625594278337454,2.108829433573943
2024-12-05 08:00:00,350.90068314778875,6.647033015175193,2.1293003395920884
2024-12-05 12:00:00,350.90068314778875,6.564410828438292,2.0498991466650724
2024-12-05 16:00:00,350.90068314778875,6.417687589757446,1.9124452991096381
2024-12-05 20:00:00,350.90068314778875,6.282735857860577,1.7918000659178057
2024-12-06 00:00:00,350.90068314778875,6.333911193948631,1.8355847988671703
2024-12-06 04:00:00,350.90068314778875,6.360044535231599,1.8583053403464007
2024-12-06 08:00:00,350.90068314778875,6.3555780507152395,1.8543902300118675
2024-12-06 12:00:00,350.90068314778875,6.435962458718102,1.9247523873119514
2024-12-06 16:00:00,350.90068314778875,6.574000938402468,2.04859861622531
2024-12-06 20:00:00,350.90068314778875,6.463884467625148,1.9456547080459248
2024-12-07 00:00:00,350.90068314778875,6.435291060291092,1.919834523042362
2024-12-07 04:00:00,350.90068314778875,6.442132713953194,1.925957715966572
2024-12-07 08:00:00,350.90068314778875,6.456053214157984,1.9384428490598997
2024-12-07 12:00:00,350.90068314778875,6.464867586750411,1.9463824478924827
2024-12-07 16:00:00,350.90068314778875,6.485699083891134,1.96519771047317
2024-12-07 20:00:00,350.90068314778875,6.469791607260467,1.9507375869384658
2024-12-08 00:00:00,350.90068314778875,6.47645569029612,1.9567655448925705
2024-12-08 04:00:00,350.90068314778875,6.459624716794323,1.9415098538432227
2024-12-08 08:00:00,350.90068314778875,6.461312933881543,1.9430320893850532
2024-12-08 12:00:00,350.90068314778875,6.474977447234336,1.9553595783344346
2024-12-08 16:00:00,350.90068314778875,6.48722398784746,1.966454469714896
2024-12-08 20:00:00,350.90068314778875,6.552588772351895,2.0258960149235183
2024-12-09 00:00:00,350.90068314778875,6.421760048942124,1.9045491403057837
2024-12-09 04:00:00,350.90068314778875,6.4532347665140986,1.9325532135674184
2024-12-09 08:00:00,350.90068314778875,6.356799658857046,1.8459148140919746
2024-12-09 12:00:00,350.90068314778875,6.338882523421207,1.830306249640352
2024-12-09 16:00:00,350.90068314778875,6.29081661749994,1.7886702068470366
2024-12-09 20:00:00,350.90068314778875,6.304176538902254,1.80006610097229
2024-12-10 00:00:00,350.90068314778875,6.281851893136213,1.78094266535226
2024-12-10 04:00:00,350.90068314778875,6.298990050860405,1.795518976676903
2024-12-10 08:00:00,350.90068314778875,6.3330836111385045,1.8246739526179006
2024-12-10 12:00:00,350.90068314778875,6.199339877955867,1.709072112543489
2024-12-10 16:00:00,350.90068314778875,6.2121528299832836,1.7196691725952933
2024-12-10 20:00:00,350.90068314778875,6.259883036691047,1.7593076847134
2024-12-11 00:00:00,350.90068314778875,6.3120803759831485,1.8033170597767698
2024-12-11 04:00:00,350.90068314778875,6.307943758068477,1.7997716516651958
2024-12-11 08:00:00,350.90068314778875,6.370029318595433,1.8529140873461896
2024-12-11 12:00:00,350.90068314778875,6.504116527807331,1.9699239470134184
2024-12-11 16:00:00,350.90068314778875,6.553439037541312,2.014739377042865
2024-12-11 20:00:00,350.90068314778875,6.553587445108672,2.0148762529189193
2024-12-12 00:00:00,350.90068314778875,6.547163147225521,2.008950872954958
2024-12-12 04:00:00,350.90068314778875,6.513082548307017,1.9775786981327208
2024-12-12 08:00:00,350.90068314778875,6.503907849917854,1.9692215087550502
2024-12-12 12:00:00,350.90068314778875,6.597146686298835,2.0539127096251732
2024-12-12 16:00:00,350.90068314778875,6.447065807414964,1.9137370976815327
2024-12-12 20:00:00,350.90068314778875,6.480957818551363,1.9439184550451405
2024-12-13 00:00:00,350.90068314778875,6.463122987748951,1.9278701527524562
2024-12-13 04:00:00,350.90068314778875,6.48910468112466,1.9511202121766422
2024-12-13 08:00:00,350.90068314778875,6.503580575588086,1.9641778888507828
2024-12-13 12:00:00,350.90068314778875,6.472459703133049,1.9359809923039597
2024-12-13 16:00:00,350.90068314778875,6.57544937033718,2.028396880817438
2024-12-13 20:00:00,350.90068314778875,6.572980879402356,2.0261124380224955
2024-12-14 00:00:00,350.90068314778875,6.615996391557519,2.065890857800924
2024-12-14 04:00:00,350.90068314778875,6.598887396892414,2.0498636502997654
2024-12-14 08:00:00,350.90068314778875,6.583333117310704,2.0353684102372527
2024-12-14 12:00:00,350.90068314778875,6.5859986209113694,2.037840690644226
2024-12-14 16:00:00,350.90068314778875,6.565806118798668,2.0190967894594323
2024-12-14 20:00:00,350.90068314778875,6.572705450510967,2.0254617741654997
2024-12-15 00:00:00,350.90068314778875,6.593043119851131,2.044263699248382
2024-12-15 04:00:00,350.90068314778875,6.592931004090635,2.044159410147676
2024-12-15 08:00:00,350.90068314778875,6.653807269767399,2.100784054601227
2024-12-15 12:00:00,350.90068314778875,6.6559180271774085,2.102783321485719
2024-12-15 16:00:00,350.90068314778875,6.691493070857192,2.136500657639285
2024-12-15 20:00:00,350.90068314778875,6.769976695475481,2.2116768464966743
2024-12-16 00:00:00,350.90068314778875,6.777642691607812,2.219190036089722
2024-12-16 04:00:00,350.90068314778875,6.804246530244069,2.2453225616489805
2024-12-16 08:00:00,350.90068314778875,6.724223096105923,2.166102141871847
2024-12-16 12:00:00,350.90068314778875,6.891037090226649,2.3273116131199196
2024-12-16 16:00:00,350.90068314778875,6.907310725265871,2.3437999091420836
2024-12-16 20:00:00,350.90068314778875,6.87332215200049,2.3092007352668404
2024-12-17 00:00:00,350.90068314778875,6.92567502760773,2.3619670524154057
2024-12-17 04:00:00,350.90068314778875,6.921738662698797,2.3579396193417534
2024-12-17 08:00:00,350.90068314778875,6.92190456810161,2.358109169916292
2024-12-17 12:00:00,350.90068314778875,6.900528693857906,2.3362625908831105
2024-12-17 16:00:00,350.90068314778875,6.900361492319133,2.336092766199741
2024-12-17 20:00:00,350.90068314778875,6.87818784639237,2.3135723400275277
2024-12-18 00:00:00,350.90068314778875,6.7894180867996665,2.223995580126026
2024-12-18 04:00:00,350.90068314778875,6.756157293875532,2.191310073573447
2024-12-18 08:00:00,350.90068314778875,6.806549763844061,2.240343357852243
2024-12-18 12:00:00,350.90068314778875,6.767679294487307,2.2019612696307256
2024-12-18 16:00:00,350.90068314778875,6.663293688854819,2.1000712195672206
2024-12-18 20:00:00,350.90068314778875,6.493901032242709,1.9399086965410461
2024-12-19 00:00:00,350.90068314778875,6.558004028390594,1.9973567354397876
2024-12-19 04:00:00,350.90068314778875,6.5880367947076515,2.024797774433164
2024-12-19 08:00:00,350.90068314778875,6.639455804356087,2.0722078449339913
2024-12-19 12:00:00,350.90068314778875,6.524739347058582,1.9647970797630132
2024-12-19 16:00:00,350.90068314778875,6.2992026171577615,1.7610492127367843
2024-12-19 20:00:00,350.90068314778875,6.316191071178634,1.7752974463930176
2024-12-20 00:00:00,350.90068314778875,6.293130220187609,1.7558522446497566
2024-12-20 04:00:00,350.90068314778875,6.340213006983612,1.7952620839448015
2024-12-20 08:00:00,350.90068314778875,6.0091442391941445,1.5140308988082352
2024-12-20 12:00:00,350.90068314778875,6.285716322499397,1.7230816370851076
2024-12-20 16:00:00,350.90068314778875,6.293776992031388,1.729710567317038
2024-12-20 20:00:00,350.90068314778875,6.3384573908265,1.7665489354602193
2024-12-21 00:00:00,350.90068314778875,6.317850125206766,1.749318997212481
2024-12-21 04:00:00,350.90068314778875,6.418465271333134,1.8328955223142407
2024-12-21 08:00:00,350.90068314778875,6.368050767053292,1.789705515709272
2024-12-21 12:00:00,350.90068314778875,6.320475448592687,1.7495931738128663
2024-12-21 16:00:00,350.90068314778875,6.30369437632533,1.7356574898313244
2024-12-21 20:00:00,350.90068314778875,6.305182340406811,1.7368865767040897
2024-12-22 00:00:00,350.90068314778875,6.285894541193824,1.7209469649346516
2024-12-22 04:00:00,350.90068314778875,6.235077586698566,1.6792090946763825
2024-12-22 08:00:00,350.90068314778875,6.292823035965212,1.7258644965874612
2024-12-22 12:00:00,350.90068314778875,6.18112463124935,1.633961557355199
2024-12-22 16:00:00,350.90068314778875,6.146053136389825,1.6061484273287974
2024-12-22 20:00:00,350.90068314778875,6.168717369777251,1.6239169636580533
2024-12-23 00:00:00,350.90068314778875,6.223082496461579,1.66685187840385
2024-12-23 04:00:00,350.90068314778875,6.1828284019680835,1.6345057156823621
2024-12-23 08:00:00,350.90068314778875,6.217072962085462,1.6616646107400346
2024-12-23 12:00:00,350.90068314778875,6.043257889579615,1.522295639252544
2024-12-23 16:00:00,350.90068314778875,6.0299349080521445,1.5122274688790363
2024-12-23 20:00:00,350.90068314778875,6.148964257754812,1.6017804018548885
2024-12-24 00:00:00,318.94481281552993,6.1144403803381655,1.5748004091647625
2024-12-24 04:00:00,318.94481281552993,6.106951306764304,1.5690138798694702
2024-12-24 08:00:00,318.94481281552993,6.1176709992171645,1.5772762740175157
2024-12-24 12:00:00,318.94481281552993,6.370508240832462,1.7728380404669735
2024-12-24 16:00:00,318.94481281552993,6.323917985701058,1.7339414688798285
2024-12-24 20:00:00,318.94481281552993,6.394070696439805,1.791646531427738
2024-12-25 00:00:00,318.94481281552993,6.352976705844567,1.7571023845729918
2024-12-25 04:00:00,318.94481281552993,6.356531358713434,1.7600518156765894
2024-12-25 08:00:00,318.94481281552993,6.34507870137549,1.750538480869703
2024-12-25 12:00:00,318.94481281552993,6.3847644402507555,1.7833850772536874
2024-12-25 16:00:00,318.94481281552993,6.417073221312655,1.810458432214196
2024-12-25 20:00:00,318.94481281552993,6.443713999823758,1.833007039857936
2024-12-26 00:00:00,318.94481281552993,6.415559982579964,1.8089805955699525
2024-12-26 04:00:00,318.94481281552993,6.332919649939631,1.7390748857502045
2024-12-26 08:00:00,332.2870283111855,6.201739025616861,1.6310048602957037
2024-12-26 12:00:00,332.2870283111855,6.224231520989656,1.6487508678856757
2024-12-26 16:00:00,332.2870283111855,6.228079100585365,1.651808450260122
2024-12-26 20:00:00,332.2870283111855,6.207946868794779,1.6357900647881907
2024-12-27 00:00:00,332.2870283111855,6.2485314779579415,1.6678721211534546
2024-12-27 04:00:00,332.2870283111855,6.163434967674398,1.599729663548798
2024-12-27 08:00:00,332.2870283111855,6.283173303746899,1.6929645086070066
2024-12-27 12:00:00,332.2870283111855,6.129021909882288,1.5683589186532203
2024-12-27 16:00:00,332.2870283111855,6.140444108025184,1.5771274170815672
2024-12-27 20:00:00,332.2870283111855,6.111218186342903,1.5546080349829514
2024-12-28 00:00:00,332.2870283111855,6.130393221727416,1.5692416136758853
2024-12-28 04:00:00,332.2870283111855,6.1165945583028165,1.5586451791198228
2024-12-28 08:00:00,332.2870283111855,6.140757124859398,1.5771166672262833
2024-12-28 12:00:00,332.2870283111855,6.12082644221051,1.561760411724412
2024-12-28 16:00:00,324.9956795664851,6.158444844230409,1.5905559991740998
2024-12-28 20:00:00,324.9956795664851,6.176087846910819,1.604226098265623
2024-12-29 00:00:00,324.9956795664851,6.167818499489352,1.5977822603808791
2024-12-29 04:00:00,324.9956795664851,6.174275848839469,1.6028006173128577
2024-12-29 08:00:00,324.9956795664851,6.158756564928664,1.5907145111322443
2024-12-29 12:00:00,324.9956795664851,6.124963060125183,1.5645294437864932
2024-12-29 16:00:00,324.9956795664851,6.0667516499811045,1.5199217632630055
2024-12-29 20:00:00,324.9956795664851,6.074872589835211,1.5260254546292633
2024-12-30 00:00:00,324.9956795664851,6.073868732534597,1.5252689391118268
2024-12-30 04:00:00,324.9956795664851,6.074448105308482,1.5257054151051794
2024-12-30 08:00:00,324.9956795664851,6.086857959052502,1.5350562799391554
2024-12-30 12:00:00,324.9956795664851,5.970663906761192,1.4471466831350677
2024-12-30 16:00:00,324.9956795664851,6.1188660365718,1.55490867942468
2024-12-30 20:00:00,324.9956795664851,6.013555637932225,1.4746251504670373
2024-12-31 00:00:00,324.9956795664851,5.995250309776522,1.4611588259273511
2024-12-31 04:00:00,324.9956795664851,6.018007864953031,1.4777981992067917
2024-12-31 08:00:00,324.9956795664851,6.1069182552973365,1.5432974230480085
2024-12-31 12:00:00,324.9956795664851,6.183346208283894,1.601240427012737
2024-12-31 16:00:00,324.9956795664851,6.102653967990657,1.5385521965863096
2024-12-31 20:00:00,324.9956795664851,6.0643609272038494,1.509589793183364
2025-01-01 00:00:00,324.9956795664851,6.081342900544924,1.5222716638362797
2025-01-01 04:00:00,324.9956795664851,6.071366542064826,1.514779867334639
2025-01-01 08:00:00,324.9956795664851,6.0558479062220005,1.5031643684282516
2025-01-01 12:00:00,324.9956795664851,6.119896464659587,1.5508581905239107
2025-01-01 16:00:00,324.9956795664851,6.132477408350257,1.5604226952568914
2025-01-01 20:00:00,324.9956795664851,6.130191024517738,1.5586773687021747
2025-01-02 00:00:00,324.9956795664851,6.157315261741727,1.5793673934674306
2025-01-02 04:00:00,324.9956795664851,6.209916995453186,1.619844838359656
2025-01-02 08:00:00,324.9956795664851,6.268955340339412,1.6660449526120384
2025-01-02 12:00:00,324.9956795664851,6.2509403466386315,1.651681894799173
2025-01-02 16:00:00,324.9956795664851,6.306851115454638,1.6960016928407708
2025-01-02 20:00:00,324.9956795664851,6.285273692069234,1.6785942675255707
2025-01-03 00:00:00,324.9956795664851,6.29029686698019,1.6826188524633512
2025-01-03 04:00:00,324.9956795664851,6.241153872076596,1.6431824324787754
2025-01-03 08:00:00,324.9956795664851,6.27054893950159,1.6663999941913856
2025-01-03 12:00:00,324.9956795664851,6.320046427590101,1.705861904779586
2025-01-03 16:00:00,324.9956795664851,6.3894324739088155,1.7620464666310567
2025-01-03 20:00:00,324.9956795664851,6.362354249511389,1.7396439653993914
2025-01-04 00:00:00,324.9956795664851,6.364027561035075,1.7410165546235632
2025-01-04 04:00:00,324.9956795664851,6.368685873673438,1.744839699326608
2025-01-04 08:00:00,324.9956795664851,6.343897921516408,1.7244661071068772
2025-01-04 12:00:00,324.9956795664851,6.328898388125354,1.7122341068720237
2025-01-04 16:00:00,324.9956795664851,6.3618409796714355,1.7389711906525693
2025-01-04 20:00:00,324.9956795664851,6.365356100393539,1.7418537023438876
2025-01-05 00:00:00,324.9956795664851,6.36324728718747,1.7401224979779686
2025-01-05 04:00:00,324.9956795664851,6.36848432453174,1.7444189300169357
2025-01-05 08:00:00,324.9956795664851,6.3278413892504,1.7110208864338885
2025-01-05 12:00:00,324.9956795664851,6.352944302445581,1.7313840432255194
2025-01-05 16:00:00,324.9956795664851,6.356226766762959,1.7340677782329446
2025-01-05 20:00:00,324.9956795664851,6.374630601251582,1.7491302504607429
2025-01-06 00:00:00,324.9956795664851,6.418307790814059,1.7850839072124791
2025-01-06 04:00:00,324.9956795664851,6.436526925928456,1.8002854303971043
2025-01-06 08:00:00,324.9956795664851,6.43272211881941,1.797092836526506
2025-01-06 12:00:00,324.9956795664851,6.619881559096058,1.9539515737128104
2025-01-06 16:00:00,324.9956795664851,6.5984480068021565,1.9349723263375855
2025-01-06 20:00:00,324.9956795664851,6.625561874938469,1.9588254738275614
2025-01-07 00:00:00,324.9956795664851,6.591374992871287,1.9285037576948192
2025-01-07 04:00:00,324.9956795664851,6.588570802722956,1.9260424087755754
2025-01-07 08:00:00,324.9956795664851,6.534525173552638,1.878644796953007
2025-01-07 12:00:00,324.9956795664851,6.347972324905025,1.7177456363435781
2025-01-07 16:00:00,324.9956795664851,6.250743982040772,1.6388163878517046
2025-01-07 20:00:00,324.9956795664851,6.283317822906383,1.6644369592809036
2025-01-08 00:00:00,324.9956795664851,6.2554891357884195,1.6423216867419863
2025-01-08 04:00:00,324.9956795664851,6.199229706399314,1.5980104847094316
2025-01-08 08:00:00,324.9956795664851,6.165389540701293,1.5718409722937587
2025-01-08 12:00:00,324.9956795664851,6.18864546015422,1.5896279783554954
2025-01-08 16:00:00,324.9956795664851,6.107644739502626,1.5272099519987927
2025-01-08 20:00:00,324.9956795664851,6.160573747543854,1.5669144754006745
2025-01-09 00:00:00,324.9956795664851,6.093647119208247,1.5158470065124237
2025-01-09 04:00:00,324.9956795664851,6.0413927499339275,1.4768508383595342
2025-01-09 08:00:00,324.9956795664851,6.0571822781922835,1.4884303427937942
2025-01-09 12:00:00,324.9956795664851,6.107653164386362,1.5256369489294999
2025-01-09 16:00:00,324.9956795664851,5.956366230992195,1.4122665940988324
2025-01-09 20:00:00,324.9956795664851,5.998030521409604,1.4419026590626571
2025-01-10 00:00:00,324.9956795664851,6.072146167844454,1.4953539781036822
2025-01-10 04:00:00,324.9956795664851,6.1237647824306505,1.533489473461695
2025-01-10 08:00:00,324.9956795664851,6.161438270228827,1.5617916204348323
2025-01-10 12:00:00,324.9956795664851,6.074400796345967,1.49560525708317
2025-01-10 16:00:00,324.9956795664851,6.177841518863997,1.572011059193319
2025-01-10 20:00:00,324.9956795664851,6.1388958736215935,1.5422807796896119
2025-01-11 00:00:00,324.9956795664851,6.105250776385473,1.5169227082059311
2025-01-11 04:00:00,324.9956795664851,6.107804812293624,1.5188264506770675
2025-01-11 08:00:00,324.9956795664851,6.132385382697136,1.5371637854391935
2025-01-11 12:00:00,324.9956795664851,6.118426646481542,1.526666957959147
2025-01-11 16:00:00,324.9956795664851,6.107992752007748,1.5188565765377395
2025-01-11 20:00:00,324.9956795664851,6.1307224402611284,1.5358129505322655
2025-01-12 00:00:00,353.44847071475965,6.132174760603722,1.536904416870309
2025-01-12 04:00:00,353.44847071475965,6.11282669106862,1.522356820941968
2025-01-12 08:00:00,353.44847071475965,6.108371223707916,1.5190280117985828
2025-01-12 12:00:00,353.44847071475965,6.161305416292981,1.558518991492108
2025-01-12 16:00:00,353.44847071475965,6.133980277995274,1.5377830869533515
2025-01-12 20:00:00,353.44847071475965,6.127162602848422,1.5326555327105795
2025-01-13 00:00:00,353.44847071475965,6.109286943763286,1.5192412186600865
2025-01-13 04:00:00,353.44847071475965,6.065283776007002,1.486413446701262
2025-01-13 08:00:00,353.44847071475965,5.887776660220583,1.3559089360134904
2025-01-13 12:00:00,353.44847071475965,5.970245254846285,1.4128845538977157
2025-01-13 16:00:00,353.44847071475965,5.982456799788502,1.421554299858695
2025-01-13 20:00:00,353.44847071475965,6.126581933938575,1.5242955536740124
2025-01-14 00:00:00,353.44847071475965,6.147663585319478,1.5400309185857277
2025-01-14 04:00:00,353.44847071475965,6.147832082994211,1.5401575479751843
2025-01-14 08:00:00,353.44847071475965,6.256969323054144,1.6221808734861933
2025-01-14 12:00:00,353.44847071475965,6.25201873175692,1.618330404944555
2025-01-14 16:00:00,353.44847071475965,6.256305701442892,1.6216594417015848
2025-01-14 20:00:00,353.44847071475965,6.25780014620417,1.6228215398660022
2025-01-15 00:00:00,353.44847071475965,6.306810935239897,1.660951120041833
2025-01-15 04:00:00,353.44847071475965,6.305788932035849,1.6601436609073135
2025-01-15 08:00:00,353.44847071475965,6.270847050772271,1.632545904319617
2025-01-15 12:00:00,353.44847071475965,6.415381763885538,1.7454299622537122
2025-01-15 16:00:00,353.44847071475965,6.470628263022312,1.7905226309920472
2025-01-15 20:00:00,449.4752536515955,6.512911458360371,1.8256238677279475
2025-01-16 00:00:00,449.4752536515955,6.446852593049635,1.7700733008467573
2025-01-16 04:00:00,449.4752536515955,6.467717789725306,1.7872597931790026
2025-01-16 08:00:00,449.4752536515955,6.426158486320616,1.752806865072402
2025-01-16 12:00:00,449.4752536515955,6.435066828770105,1.7600964162880093
2025-01-16 16:00:00,449.4752536515955,6.507717193502764,1.8197096184553638
2025-01-16 20:00:00,449.4752536515955,6.479856751053792,1.7963383285277232
2025-01-17 00:00:00,449.4752536515955,6.548839051021129,1.85370790667519
2025-01-17 04:00:00,449.4752536515955,6.574033989869435,1.875102870112574
2025-01-17 08:00:00,449.4752536515955,6.625691488534415,1.9193054666425617
2025-01-17 12:00:00,449.4752536515955,6.739906989283582,2.01856202062302
2025-01-17 16:00:00,449.4752536515955,6.858822927089793,2.1254058670221094
2025-01-17 20:00:00,449.4752536515955,6.744928219990597,2.0195250994627227
2025-01-18 00:00:00,449.4752536515955,6.711380332951439,1.9893909908259306
2025-01-18 04:00:00,449.4752536515955,6.663548379570856,1.9468558702956251
2025-01-18 08:00:00,449.4752536515955,6.7132901892877275,1.9904543235806553
2025-01-18 12:00:00,513.4606746461354,6.776779465058801,2.0469270068237484
2025-01-18 16:00:00,513.4606746461354,6.7646638341775835,2.035948423774083
2025-01-18 20:00:00,513.4606746461354,6.775954474520594,2.0461427935047465
2025-01-19 00:00:00,513.4606746461354,6.803677526557861,2.0712574795699994
2025-01-19 04:00:00,513.4606746461354,6.815544299334858,2.0820953573692207
2025-01-19 08:00:00,513.4606746461354,6.763446762511635,2.034349190026171
2025-01-19 12:00:00,513.4606746461354,6.800588834566426,2.067864620924232
2025-01-19 16:00:00,513.4606746461354,6.88248194482612,2.142568680906237
2025-01-19 20:00:00,513.4606746461354,6.5669745853661405,1.8479091994603518
2025-01-20 00:00:00,513.4606746461354,6.603289722678783,1.8785658171070405
2025-01-20 04:00:00,513.4606746461354,6.942146323380771,2.1677691325970088
2025-01-20 08:00:00,513.4606746461354,7.014635319186476,2.235675828987716
2025-01-20 12:00:00,513.4606746461354,6.801991253674578,2.0323566930054207
2025-01-20 16:00:00,513.4606746461354,6.7199225169923755,1.9587931113737316
2025-01-20 20:00:00,513.4606746461354,6.627143808877007,1.877660794499991
2025-01-21 00:00:00,513.4606746461354,6.6709532043073505,1.9148981866266488
2025-01-21 04:00:00,475.12605377649965,6.609583758898005,1.862049859200475
2025-01-21 08:00:00,475.12605377649965,6.724239945873395,1.9589525740771452
2025-01-21 12:00:00,475.12605377649965,6.736213001799069,1.9694167970587613
2025-01-21 16:00:00,475.12605377649965,6.9363584282537225,2.1449619132578834
2025-01-21 20:00:00,475.12605377649965,6.878841098915944,2.0916028710206858
2025-01-22 00:00:00,475.12605377649965,6.843598514109767,2.059454945009832
2025-01-22 04:00:00,475.12605377649965,6.810207459521705,2.0293096761069163
2025-01-22 08:00:00,475.12605377649965,6.811219741706057,2.030214597452058
2025-01-22 12:00:00,475.12605377649965,6.751572860986856,1.9768779092284579
2025-01-22 16:00:00,475.12605377649965,6.7807352720071234,2.002494396221704
2025-01-22 20:00:00,475.12605377649965,6.720896563165921,1.9494794910566267
2025-01-23 00:00:00,475.12605377649965,6.64018552890127,1.8792457784014267
2025-01-23 04:00:00,475.12605377649965,6.656323717732726,1.8929476349687884
2025-01-23 08:00:00,475.12605377649965,6.606695967980288,1.850607717843469
2025-01-23 12:00:00,475.12605377649965,6.821791674659536,2.0313596898358934
2025-01-23 16:00:00,475.12605377649965,6.7250040180215045,1.9448968277852188
2025-01-23 20:00:00,475.12605377649965,6.73409641177724,1.9527854927102282
2025-01-24 00:00:00,475.12605377649965,6.732891653402906,1.9517374079197405
2025-01-24 04:00:00,475.12605377649965,6.807746745402637,2.016834616110507
2025-01-24 08:00:00,475.12605377649965,6.831939123086287,2.038336014407096
2025-01-24 12:00:00,475.12605377649965,6.860446337379036,2.063851734256082
2025-01-24 16:00:00,475.12605377649965,6.854027872107704,2.0580590671189625
2025-01-24 20:00:00,475.12605377649965,6.796321306919841,2.006076413152609
2025-01-25 00:00:00,475.12605377649965,6.817830683167371,2.0251232402829844
2025-01-25 04:00:00,475.12605377649965,6.764921117165535,1.9779755198175244
2025-01-25 08:00:00,475.12605377649965,6.783391702656071,1.9941772013911383
2025-01-25 12:00:00,475.12605377649965,6.798089884436546,2.0071400879352175
2025-01-25 16:00:00,475.12605377649965,6.808288530233697,2.0161735566757426
2025-01-25 20:00:00,475.12605377649965,6.78830794635037,1.9984226969580847
2025-01-26 00:00:00,475.12605377649965,6.808759027586986,2.016484593343867
2025-01-26 04:00:00,475.12605377649965,6.804606856040801,2.0127954673587
2025-01-26 08:00:00,475.12605377649965,6.792963666716814,2.0024633383205104
2025-01-26 12:00:00,475.12605377649965,6.802575810992299,2.0109638842347843
2025-01-26 16:00:00,475.12605377649965,6.810003966176066,2.0175515734643152
2025-01-26 20:00:00,475.12605377649965,6.650473608079622,1.8757627904071728
2025-01-27 00:00:00,475.12605377649965,6.571126756912322,1.8086235700779116
2025-01-27 04:00:00,475.12605377649965,6.418985021852881,1.6829980244749758
2025-01-27 08:00:00,475.12605377649965,6.400392599582154,1.6683737451635379
2025-01-27 12:00:00,475.12605377649965,6.552746900938949,1.7875151473783046
2025-01-27 16:00:00,475.12605377649965,6.46123905413185,1.7126282344189971
2025-01-27 20:00:00,475.12605377649965,6.615661340411992,1.8354226235251154
2025-01-28 00:00:00,475.12605377649965,6.651531255022555,1.8652774404780224
2025-01-28 04:00:00,475.12605377649965,6.661472617831747,1.8736409581694975
2025-01-28 08:00:00,475.12605377649965,6.6596768214598905,1.8721256726637807
2025-01-28 12:00:00,475.12605377649965,6.660712434091514,1.8729990470240871
2025-01-28 16:00:00,475.12605377649965,6.637787029308254,1.8536591062580308
2025-01-28 20:00:00,475.12605377649965,6.56723057221813,1.7945486141860783
2025-01-29 00:00:00,475.12605377649965,6.612769013018416,1.8318798506631673
2025-01-29 04:00:00,475.12605377649965,6.659275667380433,1.8705298940322073
2025-01-29 08:00:00,475.12605377649965,6.652158584826941,1.8645325229938765
2025-01-29 12:00:00,475.12605377649965,6.609047806678756,1.8282819825457541
2025-01-29 16:00:00,475.12605377649965,6.712946713258462,1.9145076406718402
2025-01-29 20:00:00,475.12605377649965,6.722619127856063,1.9227832515660603
2025-01-30 00:00:00,475.12605377649965,6.817415919660336,2.0041237291909977
2025-01-30 04:00:00,475.12605377649965,6.8132728210658655,2.0004698745765492
2025-01-30 08:00:00,475.12605377649965,6.824196654932343,2.0100920346479327
2025-01-30 12:00:00,475.12605377649965,6.841264821314724,2.0251745067802993
2025-01-30 16:00:00,475.12605377649965,6.850808918452338,2.0336503351767288
2025-01-30 20:00:00,475.12605377649965,6.786758415810812,1.9766105048228257
2025-01-31 00:00:00,475.12605377649965,6.762230338913659,1.9551794541705427
2025-01-31 04:00:00,475.12605377649965,6.75212695910953,1.946415812759052
2025-01-31 08:00:00,475.12605377649965,6.787604792592351,1.9770970854209493
2025-01-31 12:00:00,475.12605377649965,6.834784789585315,2.0183249282588642
2025-01-31 16:00:00,475.12605377649965,6.630533852479016,1.8373778594016068
2025-01-31 20:00:00,475.12605377649965,6.638131801473473,1.84369423010563
2025-02-01 00:00:00,475.12605377649965,6.626442599322925,1.833954450057249
2025-02-01 04:00:00,475.12605377649965,6.621083077130485,1.8295044969665775
2025-02-01 08:00:00,475.12605377649965,6.61216047718544,1.8221081526522418
2025-02-01 12:00:00,475.12605377649965,6.615081967638103,1.8245233715160578
2025-02-01 16:00:00,475.12605377649965,6.588881227285244,1.802843883631246
2025-02-01 20:00:00,475.12605377649965,6.521874238520149,1.7478407037186499
2025-02-02 00:00:00,475.12605377649965,6.429278933643048,1.6733949982733283
2025-02-02 04:00:00,475.12605377649965,6.4575632125507685,1.6954802607152522
2025-02-02 08:00:00,475.12605377649965,6.407098158968507,1.655730358443279
2025-02-02 12:00:00,475.12605377649965,6.438352533427369,1.6799607426242622
2025-02-02 16:00:00,475.12605377649965,6.368768826374834,1.6254912666670502
2025-02-02 20:00:00,475.12605377649965,6.331662398058929,1.5970794133831354
2025-02-03 00:00:00,475.12605377649965,6.094349624898275,1.4175022404132374
2025-02-03 04:00:00,475.12605377649965,6.178227119311928,1.4760301606522672
2025-02-03 08:00:00,475.12605377649965,6.163637812952048,1.46557363851688
2025-02-03 12:00:00,475.12605377649965,6.405633525334296,1.6381969564978258
2025-02-03 16:00:00,475.12605377649965,6.602516577578945,1.7892514380089366
2025-02-03 20:00:00,475.12605377649965,6.56677692463231,1.7601955963412936
2025-02-04 00:00:00,475.12605377649965,6.521488638072203,1.723777619843604
2025-02-04 04:00:00,475.12605377649965,6.380100943068547,1.611661679192075
2025-02-04 08:00:00,475.12605377649965,6.4137797398396135,1.6371842343874723
2025-02-04 12:00:00,475.12605377649965,6.438373271602721,1.6560175015577014
2025-02-04 16:00:00,475.12605377649965,6.406785142134292,1.631643101518528
2025-02-04 20:00:00,475.12605377649965,6.335715415204215,1.5773442166177454
2025-02-05 00:00:00,475.12605377649965,6.353658473359243,1.590745566183423
2025-02-05 04:00:00,475.12605377649965,6.3422803438389685,1.5821994462613047
2025-02-05 08:00:00,475.12605377649965,6.363897947439116,1.5983781825791696
2025-02-05 12:00:00,475.12605377649965,6.358599343636771,1.5943857366981637
2025-02-05 16:00:00,475.12605377649965,6.3102379187167426,1.5580066088752782
2025-02-05 20:00:00,475.12605377649965,6.261142232775669,1.5216412273403395
2025-02-06 00:00:00,475.12605377649965,6.309309237301776,1.5567592124425182
2025-02-06 04:00:00,475.12605377649965,6.3637430591919575,1.5970522225845765
2025-02-06 08:00:00,475.12605377649965,6.407965921993374,1.6303468829766425
2025-02-06 12:00:00,475.12605377649965,6.307845899803525,1.5539277658553103
2025-02-06 16:00:00,475.12605377649965,6.220350889926969,1.4892649979085537
2025-02-06 20:00:00,475.12605377649965,6.257378253949346,1.5158600685946664
2025-02-07 00:00:00,475.12605377649965,6.315036214038727,1.557763272679039
2025-02-07 04:00:00,475.12605377649965,6.270514591898652,1.5248161229909383
2025-02-07 08:00:00,475.12605377649965,6.334864501946816,1.5717604904346698
2025-02-07 12:00:00,475.12605377649965,6.3694700359289085,1.5975187103839983
2025-02-07 16:00:00,475.12605377649965,6.279685401879935,1.5299623994244644
2025-02-07 20:00:00,475.12605377649965,6.254296690705688,1.5114055270747044
2025-02-08 00:00:00,475.12605377649965,6.266767462839802,1.5204465407309953
2025-02-08 04:00:00,475.12605377649965,6.235056848523203,1.4973656010944
2025-02-08 08:00:00,475.12605377649965,6.229229421249392,1.4931671842933967
2025-02-08 12:00:00,475.12605377649965,6.211325895241128,1.4802925786026073
2025-02-08 16:00:00,475.12605377649965,6.259039900249398,1.514406400047686
2025-02-08 20:00:00,475.12605377649965,6.250274780823431,1.508044104950955
2025-02-09 00:00:00,475.12605377649965,6.305701442858571,1.5481635495531283
2025-02-09 04:00:00,475.12605377649965,6.2900071805932365,1.5366038753456688
2025-02-09 08:00:00,475.12605377649965,6.2573562196380355,1.5126746849503137
2025-02-09 12:00:00,475.12605377649965,6.2530880439234755,1.509579274782963
2025-02-09 16:00:00,475.12605377649965,6.2256481975933555,1.4897062345991943
2025-02-09 20:00:00,475.12605377649965,6.2514419512549395,1.5082224345628694
2025-02-10 00:00:00,475.12605377649965,6.27426884970528,1.5247440821872449
2025-02-10 04:00:00,475.12605377649965,6.314115309439521,1.5537939946780448
2025-02-10 08:00:00,475.12605377649965,6.32910706601482,1.5648616265764752
2025-02-10 12:00:00,475.12605377649965,6.3004320021153175,1.5435920351469463
2025-02-10 16:00:00,475.12605377649965,6.310626759504588,1.5510851148124598
2025-02-10 20:00:00,475.12605377649965,6.314179468169516,1.5537047691213455
2025-02-11 00:00:00,475.12605377649965,6.325616571875946,1.56214761557346
2025-02-11 04:00:00,475.12605377649965,6.368497285891324,1.593916536938865
2025-02-11 08:00:00,475.12605377649965,6.360885727469292,1.5882014420132706
2025-02-11 12:00:00,475.12605377649965,6.286747398655152,1.5326683264492296
2025-02-11 16:00:00,475.12605377649965,6.159291221011942,1.439449352902198
2025-02-11 20:00:00,475.12605377649965,6.207078457701921,1.472953519759439
2025-02-12 00:00:00,475.12605377649965,6.176040537948291,1.450857417643768
2025-02-12 04:00:00,475.12605377649965,6.22596186249555,1.4860395332271872
2025-02-12 08:00:00,475.12605377649965,6.2275865689207555,1.4872029091188483
2025-02-12 12:00:00,475.12605377649965,6.209539819888969,1.4742737379078914
2025-02-12 16:00:00,475.12605377649965,6.299548685458933,1.5383836609638575
2025-02-12 20:00:00,475.12605377649965,6.342640669635705,1.5699535436742236
2025-02-13 00:00:00,475.12605377649965,6.31856040771255,1.5520722409922763
2025-02-13 04:00:00,475.12605377649965,6.2260039869142325,1.4838663955889526
2025-02-13 08:00:00,475.12605377649965,6.216599224392263,1.4771419808146404
2025-02-13 12:00:00,475.12605377649965,6.22132299189658,1.4805092601114247
2025-02-13 16:00:00,475.12605377649965,6.197328923014729,1.4633794111000806
2025-02-13 20:00:00,475.12605377649965,6.260864211612363,1.5083873012897384
2025-02-14 00:00:00,475.12605377649965,6.294682991067052,1.5328304847307517
2025-02-14 04:00:00,475.12605377649965,6.282636055391688,1.5240297665959408
2025-02-14 08:00:00,475.12605377649965,6.2789725271022245,1.5213636916643283
2025-02-14 12:00:00,475.12605377649965,6.281359361471603,1.5230986458141906
2025-02-14 16:00:00,475.12605377649965,6.347206956620944,1.5709986514804415
2025-02-14 20:00:00,475.12605377649965,6.318693909716376,1.5498268391181789
2025-02-15 00:00:00,475.12605377649965,6.3285905558349675,1.5571090819318063
2025-02-15 04:00:00,475.12605377649965,6.3086994053328445,1.5424268122430025
2025-02-15 08:00:00,475.12605377649965,6.32615382023115,1.555229208966043
2025-02-15 12:00:00,475.12605377649965,6.327296364079429,1.5560718619978202
2025-02-15 16:00:00,475.12605377649965,6.320730139308715,1.5512273674377421
2025-02-15 20:00:00,475.12605377649965,6.323177244000209,1.5530290655096894
2025-02-16 00:00:00,475.12605377649965,6.321719739113776,1.5519551366772024
2025-02-16 04:00:00,475.12605377649965,6.302395000025944,1.537722714489892
2025-02-16 08:00:00,475.12605377649965,6.3080344875856325,1.5418506538456034
2025-02-16 12:00:00,475.12605377649965,6.280492246514712,1.5216544948896822
2025-02-16 16:00:00,475.12605377649965,6.2900486569439416,1.5286005530872941
2025-02-16 20:00:00,475.12605377649965,6.229107584469203,1.4841710603260034
2025-02-17 00:00:00,475.12605377649965,6.235407453300244,1.4886741530448675
2025-02-17 04:00:00,475.12605377649965,6.225873725250307,1.4818457550758195
2025-02-17 08:00:00,475.12605377649965,6.2255470989885175,1.4816125301048895
2025-02-17 12:00:00,475.12605377649965,6.1993832985105035,1.462932429862926
2025-02-17 16:00:00,475.12605377649965,6.191081547690049,1.4570552805167314
2025-02-17 20:00:00,475.12605377649965,6.207195109938276,1.4684321380726488
2025-02-18 00:00:00,475.12605377649965,6.234413965087306,1.4877495790203579
2025-02-18 04:00:00,475.12605377649965,6.186257977716854,1.4532744621903368
2025-02-18 08:00:00,475.12605377649965,6.198144192533243,1.4616513836703278
2025-02-18 12:00:00,475.12605377649965,6.192061426475414,1.4573480552148466
2025-02-18 16:00:00,475.12605377649965,6.098587989485767,1.3913490337765295
2025-02-18 20:00:00,475.12605377649965,6.2001791259896235,1.4608808974760894
2025-02-19 00:00:00,475.12605377649965,6.202675483847577,1.4626454665799054
2025-02-19 04:00:00,475.12605377649965,6.2012140905532664,1.4616116383799391
2025-02-19 08:00:00,475.12605377649965,6.2488399583162915,1.4952875548668847
2025-02-19 12:00:00,476.5002518529093,6.217806575038519,1.4730095806619716
2025-02-19 16:00:00,476.5002518529093,6.234837801546054,1.4851137653997544
2025-02-19 20:00:00,476.5002518529093,6.263212161902959,1.505389747466202
2025-02-20 00:00:00,476.5002518529093,6.2898399790544675,1.5245900756210318
2025-02-20 04:00:00,476.5002518529093,6.27769972159002,1.5157620691340228
2025-02-20 08:00:00,476.5002518529093,6.2997340329011395,1.5317227433233387
2025-02-20 12:00:00,476.5002518529093,6.2800230452973835,1.5173451039587131
2025-02-20 16:00:00,476.5002518529093,6.378466515623647,1.588701235921373
2025-02-20 20:00:00,476.5002518529093,6.370832274822324,1.5829967953164052
2025-02-21 00:00:00,476.5002518529093,6.360268118684602,1.5751219881060543
2025-02-21 04:00:00,476.5002518529093,6.362715871444075,1.5769405478527259
2025-02-21 08:00:00,476.5002518529093,6.391849119405253,1.5986017696936141
2025-02-21 12:00:00,476.5002518529093,6.357808700701493,1.5730612386683727
2025-02-21 16:00:00,476.5002518529093,6.175122873688982,1.4374598041855695
2025-02-21 20:00:00,476.5002518529093,6.233246146587815,1.478050025719025
2025-02-22 00:00:00,476.5002518529093,6.240834374562578,1.483448070472672
2025-02-22 04:00:00,476.5002518529093,6.240122795920824,1.4829406431481773
2025-02-22 08:00:00,476.5002518529093,6.2590405483173805,1.4964278315369408
2025-02-22 12:00:00,476.5002518529093,6.259818229893067,1.4969856219897815
2025-02-22 16:00:00,476.5002518529093,6.262928308127834,1.4992168732320987
2025-02-22 20:00:00,476.5002518529093,6.257161799244117,1.4950757205670306
2025-02-23 00:00:00,476.5002518529093,6.248282619853716,1.4887109919803008
2025-02-23 04:00:00,502.6285425823685,6.254429544641539,1.4931046766398735
2025-02-23 08:00:00,502.6285425823685,6.2289695459895205,1.4748706669112919
2025-02-23 12:00:00,502.6285425823685,6.184913236658896,1.4435762331316582
2025-02-23 16:00:00,502.6285425823685,6.205639098718923,1.4580886575115273
2025-02-23 20:00:00,502.6285425823685,6.238172759369791,1.48102116816566
2025-02-24 00:00:00,502.6285425823685,6.184720760468914,1.44295062496017
2025-02-24 04:00:00,502.6285425823685,6.213158631487833,1.462855053316047
2025-02-24 08:00:00,502.6285425823685,6.2098813517142935,1.4605401991997093
2025-02-24 12:00:00,502.6285425823685,6.112833171748408,1.3920641236977764
2025-02-24 16:00:00,502.6285425823685,6.088178073527224,1.3752201447755752
2025-02-24 20:00:00,502.6285425823685,5.933248998086928,1.2702322897964027
2025-02-25 00:00:00,502.6285425823685,5.9722011240091275,1.2952497371268017
2025-02-25 04:00:00,502.6285425823685,5.788543843094988,1.1757550785146822
2025-02-25 08:00:00,502.6285425823685,5.783319119042334,1.1725713784312457
2025-02-25 12:00:00,662.4989800843471,5.653178643827045,1.0934132030279018
2025-02-25 16:00:00,662.4989800843471,5.699579663108364,1.1203372524765498
2025-02-25 20:00:00,662.4989800843471,5.747092767042914,1.1483554766957214
2025-02-26 00:00:00,662.4989800843471,5.761324339877979,1.1568865228800778
2025-02-26 04:00:00,662.4989800843471,5.74966041237864,1.1498600964552874
2025-02-26 08:00:00,662.4989800843471,5.742971054691776,1.1458467330963935
2025-02-26 12:00:00,662.4989800843471,5.674971225781722,1.1051444305430607
2025-02-26 16:00:00,662.4989800843471,5.43450300962772,0.9646580214149088
2025-02-26 20:00:00,662.4989800843471,5.459978561911251,0.9782242274599213
2025-02-27 00:00:00,662.4989800843471,5.523244902297294,1.012229123035934
2025-02-27 04:00:00,662.4989800843471,5.5910127228706,1.0494879606227532
2025-02-27 08:00:00,662.4989800843471,5.618658654818279,1.0650561988887473
2025-02-27 12:00:00,662.4989800843471,5.541035664477083,1.0209142503642843
2025-02-27 16:00:00,662.4989800843471,5.451157708639027,0.9712352599382179
2025-02-27 20:00:00,721.0255122654215,5.489691830714297,0.9918321863549423
2025-02-28 00:00:00,721.0255122654215,5.213865025585745,0.8423298581976508
2025-02-28 04:00:00,721.0255122654215,5.132995862734038,0.8031352241920714
2025-02-28 08:00:00,721.0255122654215,5.217814351854274,0.8429486497802987
2025-02-28 12:00:00,721.0255122654215,5.444098304135734,0.9526185647178548
2025-02-28 16:00:00,721.0255122654215,5.472933440826233,0.967755444138279
2025-02-28 20:00:00,721.0255122654215,5.466449520688946,0.9643158724277542
2025-03-01 00:00:00,721.0255122654215,5.5300185088215255,0.997957773273127
2025-03-01 04:00:00,721.0255122654215,5.491737781326334,0.97723313220216
2025-03-01 08:00:00,721.0255122654215,5.484780123495858,0.9735188686892953
2025-03-01 12:00:00,721.0255122654215,5.495616468185071,0.9792890467739435
2025-03-01 16:00:00,721.0255122654215,5.54003569558435,1.0030348429608305
2025-03-01 20:00:00,721.0255122654215,5.5775666084269835,1.023419989557968
2025-03-02 00:00:00,721.0255122654215,5.565158698886905,1.0165898590314633
2025-03-02 04:00:00,721.0255122654215,5.588447021738818,1.0293521219566018
2025-03-02 08:00:00,721.0255122654215,5.580247017591184,1.0248209749474666
2025-03-02 12:00:00,721.0255122654215,5.665928085192451,1.0720273557529396
2025-03-02 16:00:00,721.0255122654215,6.060861360113259,1.2961985425627462
2025-03-02 20:00:00,721.0255122654215,6.1093368449977214,1.3272999895967146
2025-03-03 00:00:00,721.0255122654215,6.008236944022507,1.2614058176511111
2025-03-03 04:00:00,721.0255122654215,5.985787869204356,1.2472665316141278
2025-03-03 08:00:00,721.0255122654215,6.010181796029705,1.2625155159594146
2025-03-03 12:00:00,721.0255122654215,5.8349040340935865,1.152057512412913
2025-03-03 16:00:00,721.0255122654215,5.54785074735202,0.9820280345391715
2025-03-03 20:00:00,721.0255122654215,5.587681653454746,1.0031795046572047
2025-03-04 00:00:00,721.0255122654215,5.442715975134952,0.9251006484937194
2025-03-04 04:00:00,721.0255122654215,5.391044218974417,0.8987526402467515
2025-03-04 08:00:00,721.0255122654215,5.439749119923708,0.9231117383415502
2025-03-04 12:00:00,721.0255122654215,5.377996018270357,0.8916737004329157
2025-03-04 16:00:00,721.0255122654215,5.716360735375725,1.059976680784125
2025-03-04 20:00:00,721.0255122654215,5.656465644620284,1.0266578950567002
2025-03-05 00:00:00,721.0255122654215,5.628042679164899,1.0111814489581823
2025-03-05 04:00:00,721.0255122654215,5.678338587004449,1.038291205510389
2025-03-05 08:00:00,721.0255122654215,5.820574602993582,1.1163152977226822
2025-03-05 12:00:00,721.0255122654215,5.725307961903998,1.0615023542945903
2025-03-05 16:00:00,721.0255122654215,5.816410118155781,1.1121748180219844
2025-03-05 20:00:00,721.0255122654215,5.871885385289402,1.1439976402829868
2025-03-06 00:00:00,721.0255122654215,5.936627376465309,1.1818379659736131
2025-03-06 04:00:00,721.0255122654215,5.919872874985122,1.171831726052571
2025-03-06 08:00:00,721.0255122654215,5.92010099491399,1.1719671942504382
2025-03-06 12:00:00,721.0255122654215,5.8857981086784354,1.1515949789601687
2025-03-06 16:00:00,721.0255122654215,5.737098262659386,1.0643126803394278
2025-03-06 20:00:00,721.0255122654215,5.82819782663925,1.1150134440416435
2025-03-07 00:00:00,721.0255122654215,5.637624364245338,1.005635564823717
2025-03-07 04:00:00,721.0255122654215,5.726664368185592,1.053284249199844
2025-03-07 08:00:00,721.0255122654215,5.765663803070314,1.0748033157196029
2025-03-07 12:00:00,721.0255122654215,5.732679087105549,1.0563568280481637
2025-03-07 16:00:00,721.0255122654215,5.69133947874599,1.0335039645461677
2025-03-07 20:00:00,721.0255122654215,5.625343476029288,0.9975508480399601
2025-03-08 00:00:00,721.0255122654215,5.5681430519336015,0.9671205293537984
2025-03-08 04:00:00,721.0255122654215,5.5861606379063,0.9765088534976307
2025-03-08 08:00:00,721.0255122654215,5.570525349827122,0.9683093056009777
2025-03-08 12:00:00,721.0255122654215,5.599307344943281,0.9833185939290187
2025-03-08 16:00:00,721.0255122654215,5.588518309216589,0.9776344661680013
2025-03-08 20:00:00,721.0255122654215,5.587800897963017,0.9772579624531875
2025-03-09 00:00:00,721.0255122654215,5.580883420347286,0.9736285417543241
2025-03-09 04:00:00,721.0255122654215,5.573683385092387,0.9698602352169137
2025-03-09 08:00:00,721.0255122654215,5.5101338389992,0.936686026997597
2025-03-09 12:00:00,721.0255122654215,5.384175346457166,0.872449714381695
2025-03-09 16:00:00,721.0255122654215,5.355689518407747,0.8586022163268655
2025-03-09 20:00:00,721.0255122654215,5.232136006138523,0.7991794366242458
2025-03-10 00:00:00,721.0255122654215,5.317235108693986,0.8381746688340237
2025-03-10 04:00:00,721.0255122654215,5.33481589684834,0.8464886352025727
2025-03-10 08:00:00,721.0255122654215,5.416681788252885,0.88545823491769
2025-03-10 12:00:00,721.0255122654215,5.1873856160016,0.7730099546465545
2025-03-10 16:00:00,721.0255122654215,5.123679885525295,0.74453019578249
2025-03-10 20:00:00,721.0255122654215,5.093546020603401,0.7313937941036713
2025-03-11 00:00:00,721.0255122654215,5.153584982450343,0.7572571851018027
2025-03-11 04:00:00,721.0255122654215,5.212083486709446,0.783044135051458
2025-03-11 08:00:00,721.0255122654215,5.296033564736831,0.8208811822154651
2025-03-11 12:00:00,721.0255122654215,5.264401366645781,0.8061722821409173
2025-03-11 16:00:00,721.0255122654215,5.385704786889351,0.8619002452948166
2025-03-11 20:00:00,721.0255122654215,5.374621528299858,0.8565791237285897
2025-03-12 00:00:00,721.0255122654215,5.3224345580954315,0.8316272630408853
2025-03-12 04:00:00,721.0255122654215,5.343177269922931,0.8413503725372218
2025-03-12 08:00:00,721.0255122654215,5.379252622083071,0.8583919244712364
2025-03-12 12:00:00,721.0255122654215,5.297240915383085,0.8191309759589629
2025-03-12 16:00:00,721.0255122654215,5.373515924326423,0.8545149938930517
2025-03-12 20:00:00,721.0255122654215,5.423040631270083,0.878141761868149
2025-03-13 00:00:00,721.0255122654215,5.416366827214732,0.8748997359734497
2025-03-13 04:00:00,721.0255122654215,5.3888142170561375,0.8615481081449872
2025-03-13 08:00:00,721.0255122654215,5.377399795728998,0.8560733936509295
2025-03-13 12:00:00,721.0255122654215,5.252248795889718,0.7963018803427799
2025-03-13 16:00:00,721.0255122654215,5.198243995002124,0.7717386163968775
2025-03-13 20:00:00,721.0255122654215,5.256853966953742,0.7978425730625264
2025-03-14 00:00:00,721.0255122654215,5.306948973719573,0.8206516120886547
2025-03-14 04:00:00,721.0255122654215,5.325229675292046,0.8291322403874302
2025-03-14 08:00:00,721.0255122654215,5.395370072739175,0.8618945821584343
2025-03-14 12:00:00,721.0255122654215,5.490728739481883,0.9075943861307304
2025-03-14 16:00:00,721.0255122654215,5.479673995883498,0.9021124781512687
2025-03-14 20:00:00,721.0255122654215,5.442682275600007,0.8838427640326435
2025-03-15 00:00:00,721.0255122654215,5.475655326341139,0.8999063467460495
2025-03-15 04:00:00,721.0255122654215,5.432579543863859,0.8786682477065367
2025-03-15 08:00:00,721.0255122654215,5.45049408702778,0.8873607703598411
2025-03-15 12:00:00,721.0255122654215,5.466195478040892,0.8950295054521017
2025-03-15 16:00:00,721.0255122654215,5.463211773062174,0.8935638586403959
2025-03-15 20:00:00,721.0255122654215,5.46570424251225,0.894786864838143
2025-03-16 00:00:00,721.0255122654215,5.465308921044609,0.894592711381824
2025-03-16 04:00:00,721.0255122654215,5.461525500178895,0.8927348361293242
2025-03-16 08:00:00,721.0255122654215,5.34072951716346,0.8334993081991704
2025-03-16 12:00:00,721.0255122654215,5.399756196826051,0.8611352499778845
2025-03-16 16:00:00,721.0255122654215,5.385345757228579,0.8542408623132963
2025-03-16 20:00:00,721.0255122654215,5.351390883498143,0.8380827685216622
2025-03-17 00:00:00,721.0255122654215,5.422750944883142,0.871609923859073
2025-03-17 04:00:00,721.0255122654215,5.4157660681975175,0.8682418430281431
2025-03-17 08:00:00,721.0255122654215,5.412322234953185,0.8665855232653499
2025-03-17 12:00:00,721.0255122654215,5.4133805299640985,0.8670938650247588
2025-03-17 16:00:00,721.0255122654215,5.475043550168266,0.8967246804950428
2025-03-17 20:00:00,721.0255122654215,5.4444210419896475,0.8816782473785879
2025-03-18 00:00:00,721.0255122654215,5.388529715213034,0.8545248549484206
2025-03-18 04:00:00,721.0255122654215,5.389580233408189,0.8550246353834073
2025-03-18 08:00:00,766.1753476922703,5.35181666416083,0.8370517428974478
2025-03-18 12:00:00,766.1753476922703,5.288896392075969,0.8075285771853767
2025-03-18 16:00:00,766.1753476922703,5.334714798243503,0.828515756512696
2025-03-18 20:00:00,766.1753476922703,5.3604962386134725,0.8405278304735074
2025-03-19 00:00:00,766.1753476922703,5.381373100512778,0.8503483299150986
2025-03-19 04:00:00,766.1753476922703,5.391277523447126,0.8550435309411304
2025-03-19 08:00:00,766.1753476922703,5.436084943566267,0.8763625751997923
2025-03-19 12:00:00,766.1753476922703,5.491277653060723,0.9030557701334336
2025-03-19 16:00:00,766.1753476922703,5.536663797885772,0.9254474005833307
2025-03-19 20:00:00,766.1753476922703,5.628207288431756,0.9713515886243981
2025-03-20 00:00:00,766.1753476922703,5.566321980910538,0.9393099160139383
2025-03-20 04:00:00,766.1753476922703,5.561485449577747,0.9368614400603826
2025-03-20 08:00:00,766.1753476922703,5.5411218575183945,0.9265703778858106
2025-03-20 12:00:00,766.1753476922703,5.488601780372382,0.9002236114841236
2025-03-20 16:00:00,766.1753476922703,5.455098610023825,0.883738350092852
2025-03-20 20:00:00,766.1753476922703,5.458248220405356,0.8852690821736041
2025-03-21 00:00:00,766.1753476922703,5.473061110218247,0.8924765558022162
2025-03-21 04:00:00,766.1753476922703,5.439751712195632,0.8761815485524888
2025-03-21 08:00:00,766.1753476922703,5.446785842047717,0.8795805133100358
2025-03-21 12:00:00,766.1753476922703,5.4156111799503615,0.8644776841819769
2025-03-21 16:00:00,766.1753476922703,5.440942861142393,0.876608543857278
2025-03-21 20:00:00,766.1753476922703,5.449525225398073,0.8807567442841312
2025-03-22 00:00:00,766.1753476922703,5.460409527117787,0.8860341336437305
2025-03-22 04:00:00,766.1753476922703,5.461574753345357,0.8866013604456305
2025-03-22 08:00:00,766.1753476922703,5.459276056221223,0.885481887716857
2025-03-22 12:00:00,766.1753476922703,5.450840803396942,0.8813773525089142
2025-03-22 16:00:00,766.1753476922703,5.45489122827031,0.8833421609926994
2025-03-22 20:00:00,766.1753476922703,5.433440178140956,0.8729210822668996
2025-03-23 00:00:00,766.1753476922703,5.458313027203332,0.8849090863365526
2025-03-23 04:00:00,766.1753476922703,5.461905268015024,0.8866562231453433
2025-03-23 08:00:00,766.1753476922703,5.487839004360232,0.899286051524761
2025-03-23 12:00:00,766.1753476922703,5.520852883384087,0.9155158940306853
2025-03-23 16:00:00,766.1753476922703,5.5093030158491825,0.9097699952399502
2025-03-23 20:00:00,766.1753476922703,5.57873118658658,0.944164727048804
2025-03-24 00:00:00,766.1753476922703,5.607866378751698,0.958957564257505
2025-03-24 04:00:00,766.1753476922703,5.630059466717853,0.9703427657630269
2025-03-24 08:00:00,766.1753476922703,5.6828770070665655,0.9976521317576891
2025-03-24 12:00:00,766.1753476922703,5.725681249060333,1.020195507174887
2025-03-24 16:00:00,766.1753476922703,5.717385330851697,1.0157610347778794
2025-03-24 20:00:00,766.1753476922703,5.670475578206284,0.9907588198854393
2025-03-25 00:00:00,766.1753476922703,5.607141190682371,0.9575610207718018
2025-03-25 04:00:00,766.1753476922703,5.6016935312446865,0.9547700443252122
2025-03-25 08:00:00,766.1753476922703,5.66219780590108,0.9857076538213428
2025-03-25 12:00:00,766.1753476922703,5.688375863874649,0.999379330257567
2025-03-25 16:00:00,766.1753476922703,5.71053071583,1.0110563545817013
2025-03-25 20:00:00,766.1753476922703,5.663652070447614,0.9861565923704643
2025-03-26 00:00:00,766.1753476922703,5.6481399152845855,0.9780536507248885
2025-03-26 04:00:00,766.1753476922703,5.712100336476928,1.0112805489891041
2025-03-26 08:00:00,766.1753476922703,5.700079323520753,1.0048958835251096
2025-03-26 12:00:00,766.1753476922703,5.62215303736504,0.9636818232997646
2025-03-26 16:00:00,766.1753476922703,5.610142393496541,0.9575056631497605
2025-03-26 20:00:00,766.1753476922703,5.632305022267648,0.9688534192690458
2025-03-27 00:00:00,766.1753476922703,5.681623643593751,0.9943043748102597
2025-03-27 04:00:00,766.1753476922703,5.664113494849189,0.9851113596129609
2025-03-27 08:00:00,766.1753476922703,5.634531135778051,0.9696763309937633
2025-03-27 12:00:00,766.1753476922703,5.636510983456153,0.9706984984391991
2025-03-27 16:00:00,766.1753476922703,5.6421064023932175,0.9735893637863731
2025-03-27 20:00:00,766.1753476922703,5.6532272489255355,0.9793463296044438
2025-03-28 00:00:00,766.1753476922703,5.624397944846855,0.9643634506799116
2025-03-28 04:00:00,766.1753476922703,5.522381027680312,0.911887761425068
2025-03-28 08:00:00,766.1753476922703,5.5251204110306675,0.9132447902891684
2025-03-28 12:00:00,766.1753476922703,5.447086545590318,0.8745502375312324
2025-03-28 16:00:00,766.1753476922703,5.43020891119398,0.8664209344367743
2025-03-28 20:00:00,766.1753476922703,5.47127373873013,0.8860773197590837
2025-03-29 00:00:00,766.1753476922703,5.45454840030903,0.8779512724721474
2025-03-29 04:00:00,766.1753476922703,5.426391142725339,0.8643548947462515
2025-03-29 08:00:00,766.1753476922703,5.333182117471425,0.8198138682553279
2025-03-29 12:00:00,766.1753476922703,5.341002353782933,0.8234202357335011
2025-03-29 16:00:00,766.1753476922703,5.3633069094416035,0.8337362894974831
2025-03-29 20:00:00,766.1753476922703,5.356187234616193,0.8304159884006449
2025-03-30 00:00:00,766.1753476922703,5.3847197235601545,0.8436869033089962
2025-03-30 04:00:00,766.1753476922703,5.383927784488914,0.8433146562895082
2025-03-30 08:00:00,766.1753476922703,5.386207039573655,0.8443856936224692
2025-03-30 12:00:00,766.1753476922703,5.361438529456018,0.8327369533631281
2025-03-30 16:00:00,766.1753476922703,5.349724052654259,0.8272784867583847
2025-03-30 20:00:00,766.1753476922703,5.339431437000047,0.822503552900454
2025-03-31 00:00:00,766.1753476922703,5.283698238810489,0.7967475782805202
2025-03-31 04:00:00,766.1753476922703,5.30984842986093,0.8085774181668924
2025-03-31 08:00:00,766.1753476922703,5.3274758789098255,0.8166302792395376
2025-03-31 12:00:00,766.1753476922703,5.406104022687596,0.8527881846728702
2025-03-31 16:00:00,766.1753476922703,5.344115672357599,0.8234530483934337
2025-03-31 20:00:00,766.1753476922703,5.349801820811827,0.8260815148593471
2025-04-01 00:00:00,766.1753476922703,5.376556011219384,0.8384751377715449
2025-04-01 04:00:00,766.1753476922703,5.407835660329457,0.8531093430373052
2025-04-01 08:00:00,766.1753476922703,5.439253995987195,0.8679784759265978
2025-04-01 12:00:00,766.1753476922703,5.526780113126778,0.9098798759060631
2025-04-01 16:00:00,766.1753476922703,5.506763885504565,0.8999939953396823
2025-04-01 20:00:00,766.1753476922703,5.518839336171038,0.9059146231258783
2025-04-02 00:00:00,766.1753476922703,5.479414768691608,0.8865000560324242
2025-04-02 04:00:00,766.1753476922703,5.471400111986179,0.8826100455559182
2025-04-02 08:00:00,766.1753476922703,5.480510651645346,0.8870190013948459
2025-04-02 12:00:00,766.1753476922703,5.6224867923746045,0.9559553884815598
2025-04-02 16:00:00,766.1753476922703,5.631712040066187,0.9606609176716716
2025-04-02 20:00:00,766.1753476922703,5.347616535584146,0.8152773578764662
2025-04-03 00:00:00,766.1753476922703,5.4103287778475115,0.8439599704976795
2025-04-03 04:00:00,766.1753476922703,5.408564736806662,0.8431344494881868
2025-04-03 08:00:00,766.1753476922703,5.3851863325055636,0.8322011581255934
2025-04-03 12:00:00,766.1753476922703,5.316704989086564,0.8004528119489968
2025-04-03 16:00:00,766.1753476922703,5.314721253000584,0.7995568319398857
2025-04-03 20:00:00,766.1753476922703,5.392773912412346,0.8347840061111657
2025-04-04 00:00:00,766.1753476922703,5.367203094135792,0.8229091655557456
2025-04-04 04:00:00,766.1753476922703,5.44330766120046,0.8579146300480021
2025-04-04 08:00:00,766.1753476922703,5.358255219539538,0.8176995226736836
2025-04-04 12:00:00,766.1753476922703,5.369891280115749,0.8230267051925039
2025-04-04 16:00:00,766.1753476922703,5.444418449717733,0.8572943547473314
2025-04-04 20:00:00,766.1753476922703,5.43663385714511,0.853616999308094
2025-04-05 00:00:00,766.1753476922703,5.419404321835774,0.845501265593068
2025-04-05 04:00:00,766.1753476922703,5.413009835079691,0.8425083831705652
2025-04-05 08:00:00,766.1753476922703,5.408301621206889,0.8403099521062676
2025-04-05 12:00:00,766.1753476922703,5.354224884773544,0.8151035806878254
2025-04-05 16:00:00,766.1753476922703,5.36989128011575,0.8222585294701701
2025-04-05 20:00:00,766.1753476922703,5.413829641074061,0.8424425649660239
2025-04-06 00:00:00,766.1753476922703,5.401266843286824,0.8365778981999693
2025-04-06 04:00:00,766.1753476922703,5.380581809509521,0.8269664630031771
2025-04-06 08:00:00,766.1753476922703,5.369631404855874,0.8219174082398754
2025-04-06 12:00:00,766.1753476922703,5.3496948895951695,0.8127624955185319
2025-04-06 16:00:00,766.1753476922703,5.159551096271825,0.7260986312282061
2025-04-06 20:00:00,766.1753476922703,5.082797165091459,0.6936941119212545
2025-04-07 00:00:00,766.1753476922703,5.0359917513907835,0.6745302703382039
2025-04-07 04:00:00,766.1753476922703,4.8686761526537365,0.607298566066609
2025-04-07 08:00:00,766.1753476922703,4.969749482841781,0.645120976039792
2025-04-07 12:00:00,766.1753476922703,5.086031024310356,0.6904043420041808
2025-04-07 16:00:00,766.1753476922703,5.063383640690404,0.6811815205674776
2025-04-07 20:00:00,766.1753476922703,5.130316101637828,0.7081949717054243
2025-04-08 00:00:00,766.1753476922703,5.178322385304959,0.7280755061772516
2025-04-08 04:00:00,766.1753476922703,5.151881211731616,0.7169225674062145
2025-04-08 08:00:00,766.1753476922703,5.183377315546922,0.7300713183280001
2025-04-08 12:00:00,766.1753476922703,5.087203379285704,0.6894334321619152
2025-04-08 16:00:00,766.1753476922703,4.980664891824523,0.646118162695719
2025-04-08 20:00:00,766.1753476922703,4.946211653817668,0.632709794542033
2025-04-09 00:00:00,766.1753476922703,4.865262130536474,0.601645076837936
2025-04-09 04:00:00,766.1753476922703,5.03510713859844,0.6646548860841527
2025-04-09 08:00:00,766.1753476922703,4.940222857616902,0.6270795380939316
2025-04-09 12:00:00,766.1753476922703,5.006843597866072,0.6524487395815813
2025-04-09 16:00:00,766.1753476922703,5.335678475329381,0.7810015276631824
2025-04-09 20:00:00,766.1753476922703,5.3540278721077055,0.7890591197661349
2025-04-10 00:00:00,766.1753476922703,5.299588865673686,0.7649899915188475
2025-04-10 04:00:00,766.1753476922703,5.287963174185151,0.7599555230768785
2025-04-10 08:00:00,766.1753476922703,5.306510879765276,0.7679522304092014
2025-04-10 12:00:00,766.1753476922703,5.103988988028919,0.6800260156197359
2025-04-10 16:00:00,766.1753476922703,5.161818686132932,0.7031407005916664
2025-04-10 20:00:00,766.1753476922703,5.159094208346111,0.7020273190475306
2025-04-11 00:00:00,766.1753476922703,5.239175320534455,0.7347185975310558
2025-04-11 04:00:00,766.1753476922703,5.266638497311846,0.746272538079608
2025-04-11 08:00:00,766.1753476922703,5.322560931351488,0.7700448418788836
2025-04-11 12:00:00,766.1753476922703,5.347969732633108,0.78107294467616
2025-04-11 16:00:00,766.1753476922703,5.434586610397117,0.8190242251560964
2025-04-11 20:00:00,766.1753476922703,5.406431945085345,0.8062950032697132
2025-04-12 00:00:00,766.1753476922703,5.377222873170537,0.7932266086385016
2025-04-12 04:00:00,766.1753476922703,5.425943975819321,0.8147880405903273
2025-04-12 08:00:00,766.1753476922703,5.413201663201696,0.8090476842708157
2025-04-12 12:00:00,766.1753476922703,5.509122204882836,0.8520560351227745
2025-04-12 16:00:00,766.1753476922703,5.504909763014533,0.8501015114892401
2025-04-12 20:00:00,766.1753476922703,5.5265228301388225,0.860114373727448
2025-04-13 00:00:00,766.1753476922703,5.536594454611943,0.8648168327106303
2025-04-13 04:00:00,766.1753476922703,5.470542718048985,0.8338649610803187
2025-04-13 08:00:00,766.1753476922703,5.478031791622846,0.8372895990181187
2025-04-13 12:00:00,766.1753476922703,5.434027975798581,0.8171123134300129
2025-04-13 16:00:00,766.1753476922703,5.442559790751842,0.8209610888238448
2025-04-13 20:00:00,766.1753476922703,5.428217398292243,0.8144708269345886
2025-04-14 00:00:00,766.1753476922703,5.48045362166313,0.837984004607729
2025-04-14 04:00:00,766.1753476922703,5.481408225797285,0.8384218933576633
2025-04-14 08:00:00,766.1753476922703,5.503882575266647,0.8487347468386738
2025-04-14 12:00:00,766.1753476922703,5.4503268854890115,0.8239588322818542
2025-04-14 16:00:00,766.1753476922703,5.503592240811724,0.8481161686553637
2025-04-14 20:00:00,766.1753476922703,5.4821094353513615,0.8381845200910487
2025-04-15 00:00:00,766.1753476922703,5.53320181873801,0.8616197572133268
2025-04-15 04:00:00,766.1753476922703,5.555029396363592,0.8718166049429467
2025-04-15 08:00:00,766.1753476922703,5.546763937350002,0.8679250155913729
2025-04-15 12:00:00,766.1753476922703,5.503272743297711,0.8475092764132119
2025-04-15 16:00:00,766.1753476922703,5.443675115744972,0.8199750011414579
2025-04-15 20:00:00,766.1753476922703,5.420699161659291,0.809592470455631
2025-04-16 00:00:00,766.1753476922703,5.424047728910601,0.8110928164917935
2025-04-16 04:00:00,766.1753476922703,5.4025001166522655,0.801426356466673
2025-04-16 08:00:00,766.1753476922703,5.446888884856495,0.821180726481571
2025-04-16 12:00:00,766.1753476922703,5.498635168834699,0.8445847569115381
2025-04-16 16:00:00,766.1753476922703,5.4654171483972265,0.8292779946760955
2025-04-16 20:00:00,766.1753476922703,5.445739860328418,0.8203209792019056
2025-04-17 00:00:00,766.1753476922703,5.443397094581662,0.8192622691235452
2025-04-17 04:00:00,766.1753476922703,5.487190288312512,0.8390356444504067
2025-04-17 08:00:00,766.1753476922703,5.4801924502672925,0.8358255668448226
2025-04-17 12:00:00,766.1753476922703,5.478229452356664,0.8349273919050249
2025-04-17 16:00:00,766.1753476922703,5.498795889693674,0.8443308763898785
2025-04-17 20:00:00,766.1753476922703,5.505202041673392,0.8472818380315684
2025-04-18 00:00:00,766.1753476922703,5.497431058528345,0.8436938428049041
2025-04-18 04:00:00,766.1753476922703,5.486198744303511,0.8385223540216622
2025-04-18 08:00:00,766.1753476922703,5.487133906398275,0.8389511505478036
2025-04-18 12:00:00,766.1753476922703,5.468047008259007,0.8301963203791857
2025-04-18 16:00:00,766.1753476922703,5.4802462399096115,0.8357528329032117
2025-04-18 20:00:00,766.1753476922703,5.474534168736193,0.8331395125581349
2025-04-19 00:00:00,766.1753476922703,5.50104144524347,0.8452415063065536
2025-04-19 04:00:00,766.1753476922703,5.522666177591395,0.8552095031986912
2025-04-19 08:00:00,766.1753476922703,5.522666825659375,0.8552098042673475
2025-04-19 12:00:00,766.1753476922703,5.52096823948448,0.854420703134134
2025-04-19 16:00:00,766.1753476922703,5.514122049346519,0.8512421701281124
2025-04-19 20:00:00,766.1753476922703,5.513568599291822,0.8509858536983697
2025-04-20 00:00:00,766.1753476922703,5.519517863345824,0.8537405521075937
2025-04-20 04:00:00,766.1753476922703,5.494580207485474,0.8421687326427799
2025-04-20 08:00:00,766.1753476922703,5.452184896386921,0.8226746107610625
2025-04-20 12:00:00,766.1753476922703,5.4661073407956495,0.8289768410150569
2025-04-20 16:00:00,766.1753476922703,5.485999787433732,0.8380273644749735
2025-04-20 20:00:00,766.1753476922703,5.520193798248691,0.853697534657842
2025-04-21 00:00:00,766.1753476922703,5.651513109119124,0.9146230978030826
2025-04-21 04:00:00,766.1753476922703,5.666368123350697,0.9218353640787108
2025-04-21 08:00:00,766.1753476922703,5.636371648840507,0.907195398725651
2025-04-21 12:00:00,766.1753476922703,5.7059015662507235,0.9407687106423515
2025-04-21 16:00:00,766.1753476922703,5.665092725566572,0.9205834620953112
2025-04-21 20:00:00,766.1753476922703,5.6716466370456695,0.9237785143982322
2025-04-22 00:00:00,766.1753476922703,5.7132085327222795,0.9440868950330202
2025-04-22 04:00:00,766.1753476922703,5.73390004717938,0.9543444871682193
2025-04-22 08:00:00,766.1753476922703,5.742796076337254,0.9587864252808385
2025-04-22 12:00:00,766.1753476922703,5.893180899103623,1.0341087550588903
2025-04-22 16:00:00,766.1753476922703,5.92429982735472,1.0504905818024428
2025-04-22 20:00:00,766.1753476922703,6.055740975005345,1.1204115978003482
2025-04-23 00:00:00,766.1753476922703,6.037978727816664,1.1105526749193984
2025-04-23 04:00:00,766.1753476922703,6.100511455249641,1.1450572123736782
2025-04-23 08:00:00,766.1753476922703,6.057232827494703,1.120687204113248
2025-04-23 12:00:00,766.1753476922703,6.039687683079235,1.1109487875454636
2025-04-23 16:00:00,766.1753476922703,6.059298220146132,1.1217703582230105
2025-04-23 20:00:00,766.1753476922703,6.071818893514685,1.1287242923616887
2025-04-24 00:00:00,766.1753476922703,6.005901955091511,1.0919632899432135
2025-04-24 04:00:00,766.1753476922703,5.975416837324598,1.0753353314417375
2025-04-24 08:00:00,766.1753476922703,6.002401739932942,1.0899039314140497
2025-04-24 12:00:00,766.1753476922703,6.0401562362285866,1.1104700859588665
2025-04-24 16:00:00,766.1753476922703,6.063072568060131,1.1231094449341534
2025-04-24 20:00:00,766.1753476922703,6.090573332780349,1.1383919778018428
2025-04-25 00:00:00,766.1753476922703,6.047240915383093,1.1140941291518809
2025-04-25 04:00:00,766.1753476922703,6.0770799093742065,1.1305860046156477
2025-04-25 08:00:00,766.1753476922703,6.133034746812835,1.1618156858319861
2025-04-25 12:00:00,766.1753476922703,6.16061327969062,1.177488761272963
2025-04-25 16:00:00,766.1753476922703,6.175504585729058,1.186027365161025
2025-04-25 20:00:00,766.1753476922703,6.133229815274736,1.1616703103234687
2025-04-26 00:00:00,766.1753476922703,6.13979539197747,1.1654009884924441
2025-04-26 04:00:00,766.1753476922703,6.128798974497262,1.1591392639642675
2025-04-26 08:00:00,766.1753476922703,6.101175076860896,1.1434657472570229
2025-04-26 12:00:00,766.1753476922703,6.116027498820551,1.151816549632331
2025-04-26 16:00:00,766.1753476922703,6.111767099921748,1.149409498015596
2025-04-26 20:00:00,766.1753476922703,6.132537678672376,1.1611281548810837
2025-04-27 00:00:00,766.1753476922703,6.1019624794562795,1.1437609278808933
2025-04-27 04:00:00,766.1753476922703,6.096114962075095,1.1404727258008804
2025-04-27 08:00:00,766.1753476922703,6.086655113774848,1.135163426824189
2025-04-27 12:00:00,766.1753476922703,6.085428321089203,1.1344770349572237
2025-04-27 16:00:00,766.1753476922703,6.119932756466456,1.153774521086838
2025-04-27 20:00:00,766.1753476922703,6.075591945292727,1.1286961581967319
2025-04-28 00:00:00,766.1753476922703,6.082113453372838,1.1323307675559267
2025-04-28 04:00:00,766.1753476922703,6.136717069073711,1.1628280714381545
2025-04-28 08:00:00,766.1753476922703,6.177383334802322,1.185945256808212
2025-04-28 12:00:00,766.1753476922703,6.081049325750107,1.1304621234589445
2025-04-28 16:00:00,766.1753476922703,6.1428549209098176,1.1649309530653902
2025-04-28 20:00:00,766.1753476922703,6.157370347520008,1.1731890691886935
2025-04-29 00:00:00,766.1753476922703,6.134531135778053,1.1601341226519761
2025-04-29 04:00:00,766.1753476922703,6.151306375433593,1.1696514895913426
2025-04-29 08:00:00,766.1753476922703,6.165053841487793,1.177493601412964
2025-04-29 12:00:00,766.1753476922703,6.146477620916559,1.1668497134161395
2025-04-29 16:00:00,766.1753476922703,6.176139044281224,1.1837425220231996
2025-04-29 20:00:00,766.1753476922703,6.108482691400432,1.1448406929601915
2025-04-30 00:00:00,766.1753476922703,6.158774062764123,1.1731172444463638
2025-04-30 04:00:00,766.1753476922703,6.13208338301858,1.1578652009277686
2025-04-30 08:00:00,766.1753476922703,6.168094576448726,1.1782641934620741
2025-04-30 12:00:00,766.1753476922703,6.092139065019399,1.134735843675582
2025-04-30 16:00:00,766.1753476922703,6.101690290904789,1.1400729436239854
2025-04-30 20:00:00,766.1753476922703,6.1029857787962865,1.1407991115988285
2025-05-01 00:00:00,766.1753476922703,6.142556809639139,1.1629895271430113
2025-05-01 04:00:00,766.1753476922703,6.158320415178306,1.1719432456287544
2025-05-01 08:00:00,766.1753476922703,6.233118477195819,1.2146460010837126
2025-05-01 12:00:00,766.1753476922703,6.276817053001627,1.2401925876999151
2025-05-01 16:00:00,766.1753476922703,6.255363410600353,1.227475960119141
2025-05-01 20:00:00,766.1753476922703,6.253202103887924,1.2262036349841434
2025-05-02 00:00:00,766.1753476922703,6.292890435035108,1.2495513415402166
2025-05-02 04:00:00,766.1753476922703,6.244134984783398,1.2205078810358474
2025-05-02 08:00:00,766.1753476922703,6.281656176606336,1.2425100849138961
2025-05-02 12:00:00,766.1753476922703,6.307657960089416,1.257939524521141
2025-05-02 16:00:00,766.1753476922703,6.281348992383939,1.2421990909709362
2025-05-02 20:00:00,766.1753476922703,6.2789453082470885,1.240773033803886
2025-05-03 00:00:00,766.1753476922703,6.243324899808725,1.2196563461722776
2025-05-03 04:00:00,766.1753476922703,6.242364463062751,1.219093471682584
2025-05-03 08:00:00,766.1753476922703,6.217695107346015,1.2046401740501675
2025-05-03 12:00:00,766.1753476922703,6.248585915668244,1.2225948862408031
2025-05-03 16:00:00,766.1753476922703,6.244416246286604,1.220147380581711
2025-05-03 20:00:00,766.1753476922703,6.212147645439449,1.2012317058833244
2025-05-04 00:00:00,766.1753476922703,6.203451221219334,1.1961868706199434
2025-05-04 04:00:00,766.1753476922703,6.213675141667694,1.2021011845899274
2025-05-04 08:00:00,766.1753476922703,6.184072044421204,1.1849200876756856
2025-05-04 12:00:00,766.1753476922703,6.186949466251244,1.186574102167742
2025-05-04 16:00:00,766.1753476922703,6.194497514011261,1.1909169457821034
2025-05-04 20:00:00,766.1753476922703,6.109830672798284,1.1420843282606783
2025-05-05 00:00:00,766.1753476922703,6.093878479477014,1.1331387039205214
2025-05-05 04:00:00,766.1753476922703,6.141215956989055,1.1595454962920022
2025-05-05 08:00:00,766.1753476922703,6.094313333091418,1.132977927254039
2025-05-05 12:00:00,766.1753476922703,6.076953536118155,1.12329598325937
2025-05-05 16:00:00,766.1753476922703,6.114337985597368,1.144026996761501
2025-05-05 20:00:00,766.1753476922703,6.139386461082252,1.1580871283325367
2025-05-06 00:00:00,766.1753476922703,6.121261943892897,1.1478305154622008
2025-05-06 04:00:00,766.1753476922703,6.117825887464322,1.145897575592423
2025-05-06 08:00:00,766.1753476922703,6.079690327196592,1.1244686659478087
2025-05-06 12:00:00,766.1753476922703,6.128062769272277,1.151308830075657
2025-05-06 16:00:00,766.1753476922703,6.154280359392611,1.1660857069511021
2025-05-06 20:00:00,766.1753476922703,6.275502771138714,1.2349917593785984
2025-05-07 00:00:00,766.1753476922703,6.254303171385497,1.2224757911994002
2025-05-07 04:00:00,766.1753476922703,6.285923704252913,1.2410175862847885
2025-05-07 08:00:00,766.1753476922703,6.289333189894318,1.2430369704709059
2025-05-07 12:00:00,766.1753476922703,6.281328254208585,1.238290633759283
2025-05-07 16:00:00,766.1753476922703,6.233118477195815,1.2097786473220804
2025-05-07 20:00:00,766.1753476922703,6.28823601080462,1.241871739486272
2025-05-08 00:00:00,766.1753476922703,6.425774830076606,1.3233598893152736
2025-05-08 04:00:00,766.1753476922703,6.432226346814907,1.3273458732794572
2025-05-08 08:00:00,766.1753476922703,6.442388052737212,1.3336367425807825
2025-05-08 12:00:00,766.1753476922703,6.529808534796099,1.3879274028018729
2025-05-08 16:00:00,766.1753476922703,6.564927986686125,1.4103215891198049
2025-05-08 20:00:00,766.1753476922703,6.69205364965967,1.49225153597666
2025-05-09 00:00:00,766.1753476922703,6.63952385149396,1.4571109007840641
2025-05-09 04:00:00,766.1753476922703,6.715848761671739,1.5073617295071429
2025-05-09 08:00:00,766.1753476922703,6.672398395902171,1.478104630001898
2025-05-09 12:00:00,766.1753476922703,6.668359636252439,1.4754205684470307
2025-05-09 16:00:00,766.1753476922703,6.687359693282421,1.4880322494928309
2025-05-09 20:00:00,766.1753476922703,6.673284952898453,1.4786367622354517
2025-05-10 00:00:00,766.1753476922703,6.6897620812833125,1.4895895484290087
2025-05-10 04:00:00,766.1753476922703,6.724334563798439,1.5126840058964246
2025-05-10 08:00:00,766.1753476922703,6.703287260020462,1.4984798108983377
2025-05-10 12:00:00,766.1753476922703,6.684093430664538,1.4856078133240047
2025-05-10 16:00:00,766.1753476922703,6.687500972102004,1.4878798956503088
2025-05-10 20:00:00,766.1753476922703,6.792370036447378,1.5578758058562532
2025-05-11 00:00:00,766.1753476922703,6.740362581073339,1.522091025573402
2025-05-11 04:00:00,766.1753476922703,6.700081267724694,1.494802363513095
2025-05-11 08:00:00,766.1753476922703,6.782161669630532,1.5497392995878796
2025-05-11 12:00:00,766.1753476922703,6.7496280089796645,1.5274372541961254
2025-05-11 16:00:00,766.1753476922703,6.767125844432613,1.5393165069651977
2025-05-11 20:00:00,766.1753476922703,6.747554191444501,1.5259606292089207
2025-05-12 00:00:00,766.1753476922703,6.746396093964709,1.5251749173307456
2025-05-12 04:00:00,766.1753476922703,6.77023592266738,1.541343509389832
2025-05-12 08:00:00,766.1753476922703,6.724541297483976,1.510134354460106
2025-05-12 12:00:00,766.1753476922703,6.64446342563553,1.4561849443989447
2025-05-12 16:00:00,766.1753476922703,6.601220441619479,1.4277538530189653
2025-05-12 20:00:00,766.1753476922703,6.661576308708515,1.4669163030011068
2025-05-13 00:00:00,766.1753476922703,6.592108605824352,1.4210247747033975
2025-05-13 04:00:00,766.1753476922703,6.653422317387442,1.4606759584307958
2025-05-13 08:00:00,766.1753476922703,6.722357308392258,1.5060774131643575
2025-05-13 12:00:00,766.1753476922703,6.719334071266776,1.5040454343775518
2025-05-13 16:00:00,766.1753476922703,6.791248230774453,1.5523368999279
2025-05-13 20:00:00,766.1753476922703,6.746628750369436,1.5217396679310866
2025-05-14 00:00:00,766.1753476922703,6.713170296711481,1.499099446551117
2025-05-14 04:00:00,766.1753476922703,6.721537502397889,1.5047048190618448
2025-05-14 08:00:00,766.1753476922703,6.736338078919163,1.5146447318311373
2025-05-14 12:00:00,766.1753476922703,6.708426439099793,1.4958171948011254
2025-05-14 16:00:00,766.1753476922703,6.695949834353861,1.4874712495569797
2025-05-14 20:00:00,766.1753476922703,6.708010379456802,1.4955088160882737
2025-05-15 00:00:00,766.1753476922703,6.659133740492881,1.4628185963346663
2025-05-15 04:00:00,766.1753476922703,6.596035249713593,1.4212358698226606
2025-05-15 08:00:00,766.1753476922703,6.634376247530899,1.4460196676586932
2025-05-15 12:00:00,766.1753476922703,6.691389379980442,1.483299183212646
2025-05-15 16:00:00,766.1753476922703,6.685291708359078,1.4792441189404066
2025-05-15 20:00:00,766.1753476922703,6.724593790990339,1.5053330513897007
2025-05-16 00:00:00,766.1753476922703,6.741429300967993,1.5166391839505937
2025-05-16 04:00:00,766.1753476922703,6.721124035026816,1.5029347776924855
2025-05-16 08:00:00,766.1753476922703,6.717335429617263,1.5003932265474853
2025-05-16 12:00:00,766.1753476922703,6.751788019556137,1.5234793593405813
2025-05-16 16:00:00,766.1753476922703,6.742019690897534,1.5168669566510131
2025-05-16 20:00:00,766.1753476922703,6.705164064889787,1.491990843636993
2025-05-17 00:00:00,766.1753476922703,6.708053151943462,1.493919427958945
2025-05-17 04:00:00,766.1753476922703,6.70433713014764,1.4914366939839367
2025-05-17 08:00:00,766.1753476922703,6.674722367677516,1.4716725282323604
2025-05-17 12:00:00,766.1753476922703,6.6711813242362235,1.469330293124996
2025-05-17 16:00:00,766.1753476922703,6.685378549468362,1.4787111263379003
2025-05-17 20:00:00,766.1753476922703,6.683307972273096,1.4773371792170638
2025-05-18 00:00:00,766.1753476922703,6.69426356147058,1.4846023386151428
2025-05-18 04:00:00,766.1753476922703,6.734682913298909,1.5114940184983578
2025-05-18 08:00:00,766.1753476922703,6.726980625359713,1.5063080450982484
2025-05-18 12:00:00,766.1753476922703,6.838283708607934,1.5810771305519784
2025-05-18 16:00:00,766.1753476922703,6.732387456514673,1.5076244268340577
2025-05-18 20:00:00,766.1753476922703,6.898959721278959,1.6195290446893622
2025-05-19 00:00:00,766.1753476922703,6.714365334066118,1.489528587958586
2025-05-19 04:00:00,766.1753476922703,6.689765321623211,1.4731566361918556
2025-05-19 08:00:00,766.1753476922703,6.672728910571838,1.4619018458708404
2025-05-19 12:00:00,766.1753476922703,6.790871703278222,1.5395521606289435
2025-05-19 16:00:00,766.1753476922703,6.83826426656854,1.5717851314754392
2025-05-19 20:00:00,766.1753476922703,6.841896039526996,1.5742894365948992
2025-05-20 00:00:00,766.1753476922703,6.85409138276972,1.5827077171117703
2025-05-20 04:00:00,766.1753476922703,6.8061207428414745,1.5494763968232403
2025-05-20 08:00:00,766.1753476922703,6.817918820412618,1.5575342215732366
2025-05-20 12:00:00,766.1753476922703,6.826338519605385,1.5633045907900822
2025-05-20 16:00:00,766.1753476922703,6.936042819147591,1.638674967432488
2025-05-20 20:00:00,766.1753476922703,6.924605715441161,1.6305687477771313
2025-05-21 00:00:00,766.1753476922703,6.924190951934128,1.630275748966768
2025-05-21 04:00:00,766.1753476922703,6.903684136851254,1.6157909823491674
2025-05-21 08:00:00,766.1753476922703,6.90493361191619,1.6166682924212568
2025-05-21 12:00:00,766.1753476922703,7.062213877986981,1.7271414845493114
2025-05-21 16:00:00,766.1753476922703,7.038263877727752,1.7095697826507261
2025-05-21 20:00:00,766.1753476922703,7.105675908980183,1.7586922254654742
2025-05-22 00:00:00,766.1753476922703,7.24415831523067,1.8615176009918268
2025-05-22 04:00:00,766.1753476922703,7.1965000440686575,1.824777634770602
2025-05-22 08:00:00,766.1753476922703,7.192386108533276,1.8216481895500576
2025-05-22 12:00:00,766.1753476922703,7.2124042803594275,1.8368584685513258
2025-05-22 16:00:00,766.1753476922703,7.205738253119834,1.8317653478204268
2025-05-22 20:00:00,766.1753476922703,7.238673715918139,1.8568828461318225
2025-05-23 00:00:00,766.1753476922703,7.200035902966111,1.8271484383252243
2025-05-23 04:00:00,766.1753476922703,7.175111856533337,1.8081735610620586
2025-05-23 08:00:00,766.1753476922703,7.06888897817829,1.7278670498625355
2025-05-23 12:00:00,766.1753476922703,7.060052571274551,1.721387331603295
2025-05-23 16:00:00,766.1753476922703,7.04554038500426,1.71077221506669
2025-05-23 20:00:00,766.1753476922703,6.954955387000309,1.6447856664620417
2025-05-24 00:00:00,766.1753476922703,7.022872911276936,1.6929713546005665
2025-05-24 04:00:00,766.1753476922703,6.972417578714372,1.6564822565657271
2025-05-24 08:00:00,766.1753476922703,7.077457084938417,1.7313469973823434
2025-05-24 12:00:00,766.1753476922703,7.059385061255421,1.718084206708516
2025-05-24 16:00:00,766.1753476922703,7.061348707234029,1.719517919042157
2025-05-24 20:00:00,766.1753476922703,6.983704330649504,1.662796079184635
2025-05-25 00:00:00,766.1753476922703,7.005339432085104,1.6782498098138063
2025-05-25 04:00:00,766.1753476922703,6.978513306131796,1.6589698272166833
2025-05-25 08:00:00,766.1753476922703,6.951177150678434,1.639474332216601
2025-05-25 12:00:00,766.1753476922703,6.932251621466121,1.6260832538303278
2025-05-25 16:00:00,766.1753476922703,6.980794505420476,1.6602430513972737
2025-05-25 20:00:00,766.1753476922703,7.064212519636495,1.719760995245628
2025-05-26 00:00:00,766.1753476922703,7.104349961893638,1.7490750089948817
2025-05-26 04:00:00,766.1753476922703,7.134879796351154,1.7716241390763727
2025-05-26 08:00:00,766.1753476922703,7.114018488083362,1.7560842568268493
2025-05-26 12:00:00,766.1753476922703,7.12938417988297,1.7674632472707499
2025-05-26 16:00:00,766.1753476922703,7.072394377880698,1.7250777993975066
2025-05-26 20:00:00,766.1753476922703,7.092118326844048,1.739510823627408
2025-05-27 00:00:00,766.1753476922703,7.056952214059482,1.7136348451138588
2025-05-27 04:00:00,766.1753476922703,7.099400666732374,1.7445580306824873
2025-05-27 08:00:00,766.1753476922703,7.101884711298714,1.7463892669094077
2025-05-27 12:00:00,766.1753476922703,7.137827857590988,1.7729050697373174
2025-05-27 16:00:00,766.1753476922703,7.120832922890318,1.7602413827620298
2025-05-27 20:00:00,766.1753476922703,7.059933974834262,1.71507945450346
2025-05-28 00:00:00,766.1753476922703,7.055103924181269,1.7115593419916342
2025-05-28 04:00:00,766.1753476922703,7.052045043316902,1.7093331000358627
2025-05-28 08:00:00,766.1753476922703,7.055540721999614,1.7118750347127172
2025-05-28 12:00:00,766.1753476922703,6.941281800695803,1.628707633695536
2025-05-28 16:00:00,766.1753476922703,6.930828464182616,1.6213492972388992
2025-05-28 20:00:00,766.1753476922703,6.984992041725246,1.6593612371556858
2025-05-29 00:00:00,766.1753476922703,7.002042710272174,1.671512955419079
2025-05-29 04:00:00,766.1753476922703,6.991404026316782,1.663894022432298
2025-05-29 08:00:00,766.1753476922703,7.049673114511057,1.705496647816592
2025-05-29 12:00:00,766.1753476922703,6.935616390416926,1.6227169114612672
2025-05-29 16:00:00,766.1753476922703,6.852135513606872,1.5641211834288757
2025-05-29 20:00:00,766.1753476922703,6.842933596362561,1.557819682096303
2025-05-30 00:00:00,766.1753476922703,6.87109733462605,1.5770544263052466
2025-05-30 04:00:00,766.1753476922703,6.806529673736693,1.5325957130418237
2025-05-30 08:00:00,766.1753476922703,6.861776820941446,1.569914968972127
2025-05-30 12:00:00,766.1753476922703,6.8399038785572825,1.554901950962171
2025-05-30 16:00:00,766.1753476922703,6.781415743385856,1.515013971349785
2025-05-30 20:00:00,766.1753476922703,6.738965994577004,1.4865632915982487
2025-05-31 00:00:00,766.1753476922703,6.719428689191818,1.4736339604401447
2025-05-31 04:00:00,766.1753476922703,6.723512165532153,1.4763205948357672
2025-05-31 08:00:00,766.1753476922703,6.707385641924331,1.4656976116362799
2025-05-31 12:00:00,766.1753476922703,6.775944753500901,1.5106422136577855
2025-05-31 16:00:00,766.1753476922703,6.785143430405314,1.5167945260572153
2025-05-31 20:00:00,766.1753476922703,6.778264836868366,1.512181471168621
2025-06-01 00:00:00,766.1753476922703,6.764600323515572,1.5030361112268382
2025-06-01 04:00:00,766.1753476922703,6.757790425184477,1.498496808408087
2025-06-01 08:00:00,766.1753476922703,6.745265215340065,1.4901646528680692
2025-06-01 12:00:00,766.1753476922703,6.786250330514708,1.517327959859209
2025-06-01 16:00:00,766.1753476922703,6.8126163282024015,1.5350133664678771
2025-06-01 20:00:00,766.1753476922703,6.8463800218788124,1.5578361933809672
2025-06-02 00:00:00,766.1753476922703,6.793649322639386,1.5218409119994396
2025-06-02 04:00:00,766.1753476922703,6.829837438628,1.5461603401112773
2025-06-02 08:00:00,766.1753476922703,6.742994385139061,1.4871809194477599
2025-06-02 12:00:00,766.1753476922703,6.7683435641665435,1.5039533560924154
2025-06-02 16:00:00,766.1753476922703,6.767490706705208,1.5033848309448292
2025-06-02 20:00:00,766.1753476922703,6.8603173718510755,1.565248617539714
2025-06-03 00:00:00,766.1753476922703,6.8359519600168355,1.5485709953006253
2025-06-03 04:00:00,766.1753476922703,6.8157795480115055,1.534861824001842
2025-06-03 08:00:00,766.1753476922703,6.823328891907483,1.5399619888445755
2025-06-03 12:00:00,766.1753476922703,6.909095504482076,1.5980321736630787
2025-06-03 16:00:00,766.1753476922703,6.884997096655488,1.5813107239381652
2025-06-03 20:00:00,766.1753476922703,6.8291388213458415,1.542822999748386
2025-06-04 00:00:00,766.1753476922703,6.838366013241363,1.5490767562989218
2025-06-04 04:00:00,766.1753476922703,6.825500567707588,1.5403336314366913
2025-06-04 08:00:00,766.1753476922703,6.810180888734543,1.5299619012562098
2025-06-04 12:00:00,766.1753476922703,6.824043710889136,1.5393050846842016
2025-06-04 16:00:00,766.1753476922703,6.799109295368686,1.5224316555766129
2025-06-04 20:00:00,766.1753476922703,6.785068254519664,1.5129996002276767
2025-06-05 00:00:00,766.1753476922703,6.807769427781934,1.528185976303246
2025-06-05 04:00:00,766.1753476922703,6.773480150973954,1.5050945397417963
2025-06-05 08:00:00,766.1753476922703,6.793554056646364,1.518476047539302
2025-06-05 12:00:00,766.1753476922703,6.774351154338724,1.5055995118022256
2025-06-05 16:00:00,766.1753476922703,6.604769909944511,1.3925312195242778
2025-06-05 20:00:00,766.1753476922703,6.578452517355297,1.3758851631301956
2025-06-06 00:00:00,766.1753476922703,6.64226258677634,1.4159228441242133
2025-06-06 04:00:00,766.1753476922703,6.684849725996896,1.4431575864279869
2025-06-06 08:00:00,766.1753476922703,6.735240251761486,1.4757932353305143
2025-06-06 12:00:00,766.1753476922703,6.8106941585744964,1.5253925195838605
2025-06-06 16:00:00,766.1753476922703,6.754151523478245,1.4874009240407857
2025-06-06 20:00:00,766.1753476922703,6.758599862091172,1.4903397667393754
2025-06-07 00:00:00,766.1753476922703,6.7963912982616606,1.5153399507936116
2025-06-07 04:00:00,766.1753476922703,6.796097075398858,1.5151431488561387
2025-06-07 08:00:00,766.1753476922703,6.814435455021528,1.527408396072952
2025-06-07 12:00:00,766.1753476922703,6.840883109274668,1.5451925703142302
2025-06-07 16:00:00,766.1753476922703,6.851757689974685,1.5525614966799652
2025-06-07 20:00:00,766.1753476922703,6.840496860758742,1.5449066157052886
2025-06-08 00:00:00,766.1753476922703,6.835276025113966,1.5413692833924588
2025-06-08 04:00:00,766.1753476922703,6.832350646253425,1.5393902459250515
2025-06-08 08:00:00,766.1753476922703,6.849217263494108,1.5507908490584532
2025-06-08 12:00:00,766.1753476922703,6.868517375998708,1.563900568040852
2025-06-08 16:00:00,766.1753476922703,6.888313908575789,1.5774230533958669
2025-06-08 20:00:00,766.1753476922703,6.85228197697029,1.5526691294339514
2025-06-09 00:00:00,766.1753476922703,6.847429892005986,1.5493708052131507
2025-06-09 04:00:00,766.1753476922703,6.841051606949398,1.5450411535877095
2025-06-09 08:00:00,766.1753476922703,6.983529352294975,1.6415763031569743
2025-06-09 12:00:00,766.1753476922703,6.975538674104795,1.635941340961745
2025-06-09 16:00:00,766.1753476922703,7.035731876130915,1.6782918541937693
2025-06-09 20:00:00,766.1753476922703,7.145793261129957,1.7570534368509334
2025-06-10 00:00:00,766.1753476922703,7.10075253653811,1.7238287309084133
2025-06-10 04:00:00,766.1753476922703,7.077235445689348,1.7067012067493006
2025-06-10 08:00:00,766.1753476922703,7.099019602760288,1.7224611941538326
2025-06-10 12:00:00,766.1753476922703,7.064940299977743,1.6976548350290057
2025-06-10 16:00:00,766.1753476922703,7.09804879692664,1.7215220430474576
2025-06-10 20:00:00,766.1753476922703,7.14653011442292,1.7567972260450586
2025-06-11 00:00:00,766.1753476922703,7.110793053748203,1.730442015311262
2025-06-11 04:00:00,766.1753476922703,7.092892768079839,1.7173736812284899
2025-06-11 08:00:00,766.1753476922703,7.080278124854223,1.7082106823017662
2025-06-11 12:00:00,766.1753476922703,7.11161934042237,1.7308951298414317
2025-06-11 16:00:00,766.1753476922703,7.047244803790975,1.683890826064482
2025-06-11 20:00:00,766.1753476922703,7.040942342688015,1.6793730364622845
2025-06-12 00:00:00,766.1753476922703,6.990064469802661,1.6429675709502918
2025-06-12 04:00:00,766.1753476922703,6.975384433925617,1.6326162402906548
2025-06-12 08:00:00,766.1753476922703,6.927908269865912,1.5992802899047818
2025-06-12 12:00:00,766.1753476922703,6.935685085622778,1.6046660316064758
2025-06-12 16:00:00,766.1753476922703,6.920640187473142,1.5942234999553149
2025-06-12 20:00:00,766.1753476922703,6.8482464576604585,1.5441941173301212
2025-06-13 00:00:00,766.1753476922703,6.757872729817903,1.4830596737502344
2025-06-13 04:00:00,766.1753476922703,6.797909073470207,1.5094183915579034
2025-06-13 08:00:00,766.1753476922703,6.807272359641472,1.5156555077944907
2025-06-13 12:00:00,766.1753476922703,6.8330259330883125,1.5328577923709885
2025-06-13 16:00:00,766.1753476922703,6.81184253503459,1.5186015300238904
2025-06-13 20:00:00,766.1753476922703,6.873836069908425,1.5600632093390523
2025-06-14 00:00:00,766.1753476922703,6.819542878769847,1.5230965974713202
2025-06-14 04:00:00,766.1753476922703,6.809677339914283,1.5164864028012743
2025-06-14 08:00:00,766.1753476922703,6.810028592759301,1.5167210703795575
2025-06-14 12:00:00,766.1753476922703,6.794428948419009,1.5062980704145479
2025-06-14 16:00:00,766.1753476922703,6.781750794531378,1.4978659804409817
2025-06-14 20:00:00,766.1753476922703,6.831585277969353,1.5308863816571914
2025-06-15 00:00:00,766.1753476922703,6.835403046437994,1.5334529468916813
2025-06-15 04:00:00,766.1753476922703,6.832451096790283,1.53146622751803
2025-06-15 08:00:00,766.1753476922703,6.802802634785212,1.511529479659001
2025-06-15 12:00:00,766.1753476922703,6.84126482131473,1.5371674697254345
2025-06-15 16:00:00,766.1753476922703,6.823779299153397,1.5253809756079337
2025-06-15 20:00:00,766.1753476922703,6.843209673321925,1.5384113163353783
2025-06-16 00:00:00,766.1753476922703,6.864455285901702,1.5527398956317102
2025-06-16 04:00:00,766.1753476922703,6.938332443320007,1.602872938206056
2025-06-16 08:00:00,766.1753476922703,6.926809146572272,1.5948867049143758
2025-06-16 12:00:00,766.1753476922703,6.961867680072202,1.6191032183723084
2025-06-16 16:00:00,766.1753476922703,7.041388213458072,1.6745848609925587
2025-06-16 20:00:00,766.1753476922703,6.9210115304255275,1.5887008144472252
2025-06-17 00:00:00,766.1753476922703,6.97258996479698,1.6242199146540128
2025-06-17 04:00:00,766.1753476922703,6.918677837630489,1.5865444664946038
2025-06-17 08:00:00,766.1753476922703,6.846285403953766,1.5367428348412857
2025-06-17 12:00:00,766.1753476922703,6.755566255878009,1.4756533567246646
2025-06-17 16:00:00,766.1753476922703,6.78437222950942,1.4945300711581557
2025-06-17 20:00:00,766.1753476922703,6.775626552122844,1.4887503125874075
2025-06-18 00:00:00,766.1753476922703,6.816692675794953,1.515819634066371
2025-06-18 04:00:00,766.1753476922703,6.80297955734368,1.5066715258056624
2025-06-18 08:00:00,766.1753476922703,6.794382935592445,1.5009597850449277
2025-06-18 12:00:00,766.1753476922703,6.791817882528639,1.4992598331000155
2025-06-18 16:00:00,766.1753476922703,6.727490654859765,1.4566600916375507
2025-06-18 20:00:00,766.1753476922703,6.7973763615908585,1.502055793479603
2025-06-19 00:00:00,766.1753476922703,6.811195763190808,1.51121705414758
2025-06-19 04:00:00,766.1753476922703,6.781568039361089,1.4914963223919253
2025-06-19 08:00:00,766.1753476922703,6.790211970074845,1.4971996011008089
2025-06-19 12:00:00,766.1753476922703,6.746188712211188,1.4680790356148838
2025-06-19 16:00:00,766.1753476922703,6.7561372037681595,1.4745738903456793
2025-06-19 20:00:00,766.1753476922703,6.782588098361199,1.491893164969688
2025-06-20 00:00:00,766.1753476922703,6.778572669158738,1.4892434722736128
2025-06-20 04:00:00,766.1753476922703,6.85732005744478,1.541145564212743
2025-06-20 08:00:00,766.1753476922703,6.868083170452283,1.5484024183757439
2025-06-20 12:00:00,766.1753476922703,6.754034223173909,1.47126575823506
2025-06-20 16:00:00,766.1753476922703,6.695010135783237,1.4326932033058843
2025-06-20 20:00:00,766.1753476922703,6.6944119690379384,1.4323091906996064
2025-06-21 00:00:00,766.1753476922703,6.707235938221008,1.4405404837573592
2025-06-21 04:00:00,766.1753476922703,6.704814108180725,1.4389800447404786
2025-06-21 08:00:00,766.1753476922703,6.731782809089575,1.4563440261190497
2025-06-21 12:00:00,766.1753476922703,6.711450324293249,1.4431479262407367
2025-06-21 16:00:00,766.1753476922703,6.626177539519218,1.3881398862947474
2025-06-21 20:00:00,766.1753476922703,6.618070857160665,1.3830449990568272
2025-06-22 00:00:00,766.1753476922703,6.634621865295214,1.3934214922331143
2025-06-22 04:00:00,766.1753476922703,6.63781100782351,1.3954308696313802
2025-06-22 08:00:00,766.1753476922703,6.658216724301545,1.408300217669537
2025-06-22 12:00:00,766.1753476922703,6.409794769832208,1.2506667069085493
2025-06-22 16:00:00,766.1753476922703,6.408280234963558,1.2497801676020548
2025-06-22 20:00:00,766.1753476922703,6.543145125751143,1.3286865791346798
2025-06-23 00:00:00,766.1753476922703,6.555475915201633,1.3361984503242041
2025-06-23 04:00:00,766.1753476922703,6.605824316547541,1.3669858973646378
2025-06-23 08:00:00,766.1753476922703,6.564216408044371,1.3411553175230604
2025-06-23 12:00:00,766.1753476922703,6.5727508152695515,1.3463863907786273
2025-06-23 16:00:00,766.1753476922703,6.685552879754908,1.415706756973853
2025-06-23 20:00:00,766.1753476922703,6.82635472130488,1.505153713147191
2025-06-24 00:00:00,766.1753476922703,6.799503320700363,1.4873921902086207
2025-06-24 04:00:00,766.1753476922703,6.800419688823713,1.4879935571287068
2025-06-24 08:00:00,766.1753476922703,6.815730942913022,1.4980442812658779
2025-06-24 12:00:00,766.1753476922703,6.82057395492561,1.5012376495973125
2025-06-24 16:00:00,766.1753476922703,6.846396871646283,1.5182888545514763
2025-06-24 20:00:00,766.1753476922703,6.874899549463175,1.5372515142682153
2025-06-25 00:00:00,766.1753476922703,6.884556410429263,1.5437294376341018
2025-06-25 04:00:00,766.1753476922703,6.9084053120836515,1.55977241092575
2025-06-25 08:00:00,766.1753476922703,6.947160425340013,1.5860226758025846
2025-06-25 12:00:00,766.1753476922703,6.936141973548494,1.5784762050187038
2025-06-25 16:00:00,766.1753476922703,6.98368942508597,1.610937703563891
2025-06-25 20:00:00,766.1753476922703,6.956399282459169,1.5920525339849438
2025-06-26 00:00:00,766.1753476922703,6.989658779247344,1.614887996984112
2025-06-26 04:00:00,766.1753476922703,6.987079468687985,1.6131002283128408
2025-06-26 08:00:00,766.1753476922703,6.955416163333906,1.5911699989553403
2025-06-26 12:00:00,766.1753476922703,6.954650795049835,1.5906447258344365
2025-06-26 16:00:00,766.1753476922703,6.968868110389344,1.6003999378472722
2025-06-26 20:00:00,766.1753476922703,6.930896511320489,1.574239414863994
2025-06-27 00:00:00,766.1753476922703,6.965289479005227,1.5976748096509563
2025-06-27 04:00:00,766.1753476922703,6.925883705497209,1.5705585159728526
2025-06-27 08:00:00,766.1753476922703,6.933264551718454,1.5755797023141689
2025-06-27 12:00:00,766.1753476922703,6.954304078680674,1.5899233573329645
2025-06-27 16:00:00,766.1753476922703,6.921432126544383,1.5673773697353666
2025-06-27 20:00:00,766.1753476922703,6.937411538720802,1.5782331154404812
2025-06-28 00:00:00,766.1753476922703,6.953777847481126,1.5894029229337654
2025-06-28 04:00:00,766.1753476922703,6.965758680222557,1.5976181856281186
2025-06-28 08:00:00,766.1753476922703,6.958525593500691,1.592641393544629
2025-06-28 12:00:00,766.1753476922703,6.963443781398929,1.5960183630718865
2025-06-28 16:00:00,766.1753476922703,6.948956869779848,1.5860571810644941
2025-06-28 20:00:00,766.1753476922703,6.9535613927758915,1.58921004424962
2025-06-29 00:00:00,766.1753476922703,6.947987360082158,1.5853882722495658
2025-06-29 04:00:00,766.1753476922703,6.960391381214358,1.5938793022180602
2025-06-29 08:00:00,766.1753476922703,7.030054152560422,1.6417361151337735
2025-06-29 12:00:00,766.1753476922703,6.9829791425801755,1.608755681842215
2025-06-29 16:00:00,766.1753476922703,6.960691436688978,1.5933515945226402
2025-06-29 20:00:00,766.1753476922703,7.022265671579921,1.635635930599315
2025-06-30 00:00:00,766.1753476922703,7.0317799575904685,1.6422841729675137
2025-06-30 04:00:00,766.1753476922703,6.974123941705026,1.6018871911494965
2025-06-30 08:00:00,766.1753476922703,6.976723990439738,1.6036788074726278
2025-06-30 12:00:00,766.1753476922703,6.971945137157144,1.6003833872680369
2025-06-30 16:00:00,766.1753476922703,6.982671310289801,1.6077698435378855
2025-06-30 20:00:00,766.1753476922703,6.943821579108398,1.5809342285787649
2025-07-01 00:00:00,766.1753476922703,6.946794914999441,1.5829650908768487
2025-07-01 04:00:00,766.1753476922703,6.945927151974571,1.5823718797950483
2025-07-01 08:00:00,766.1753476922703,6.908780543443922,1.5569844487944464
2025-07-01 12:00:00,766.1753476922703,6.866615944546155,1.5284774100946388
2025-07-01 16:00:00,766.1753476922703,6.830541240453996,1.5043872160051426
2025-07-01 20:00:00,766.1753476922703,6.848856289629395,1.5164885670709087
2025-07-02 00:00:00,766.1753476922703,6.88213846879686,1.5385968032757298
2025-07-02 04:00:00,766.1753476922703,6.939511927043138,1.577076682684213
2025-07-02 08:00:00,766.1753476922703,6.965433998164711,1.594749868217652
2025-07-02 12:00:00,766.1753476922703,7.04694474831636,1.650736009826451
2025-07-02 16:00:00,766.1753476922703,7.107759447535049,1.6934732601579678
2025-07-02 20:00:00,766.1753476922703,7.054194036737718,1.6551862620437665
2025-07-03 00:00:00,766.1753476922703,7.039846459734281,1.6450867755995207
2025-07-03 04:00:00,766.1753476922703,7.082086882585676,1.6746992798321139
2025-07-03 08:00:00,766.1753476922703,7.102772564430959,1.6893738935710305
2025-07-03 12:00:00,766.1753476922703,7.07222588020597,1.6675775723189836
2025-07-03 16:00:00,766.1753476922703,7.116007408713185,1.6985476358847484
2025-07-03 20:00:00,766.1753476922703,7.101838698472155,1.688401681320127
2025-07-04 00:00:00,766.1753476922703,7.079207516551697,1.6722605689010361
2025-07-04 04:00:00,766.1753476922703,7.044498939760825,1.6476638392949288
2025-07-04 08:00:00,766.1753476922703,7.056682617779915,1.6562128954620157
2025-07-04 12:00:00,766.1753476922703,6.971480472415674,1.5962217213438519
2025-07-04 16:00:00,766.1753476922703,6.964736677018513,1.5915894515957658
2025-07-04 20:00:00,766.1753476922703,6.998112826043042,1.6144709168337608
2025-07-05 00:00:00,766.1753476922703,7.009161088961629,1.6221174493805979
2025-07-05 04:00:00,766.1753476922703,7.002598752598794,1.6175613205424593
2025-07-05 08:00:00,766.1753476922703,7.006406151979759,1.6201997847133018
2025-07-05 12:00:00,766.1753476922703,7.002892975461594,1.6177625660958304
2025-07-05 16:00:00,766.1753476922703,7.008322488995845,1.6215254382881945
2025-07-05 20:00:00,766.1753476922703,7.011973703993694,1.6240597985472864
2025-07-06 00:00:00,766.1753476922703,7.00240627640881,1.6174119950163326
2025-07-06 04:00:00,766.1753476922703,7.001746543205436,1.6169548405663359
2025-07-06 08:00:00,766.1753476922703,7.004060145893104,1.6185577225223824
2025-07-06 12:00:00,766.1753476922703,7.057848492075465,1.655847326529945
2025-07-06 16:00:00,766.1753476922703,7.034030049616124,1.6390831365734637
2025-07-06 20:00:00,766.1753476922703,7.077151196851984,1.6692276532013917
2025-07-07 00:00:00,766.1753476922703,7.089181282759876,1.677739956319957
2025-07-07 04:00:00,766.1753476922703,7.067899378373234,1.6626301009310636
2025-07-07 08:00:00,766.1753476922703,7.04074079354632,1.6434640043804742
2025-07-07 12:00:00,766.1753476922703,7.018096002198287,1.6276066249263212
2025-07-07 16:00:00,766.1753476922703,7.002807430488268,1.6169696456403042
2025-07-07 20:00:00,766.1753476922703,7.016174480638361,1.6262291238819948
2025-07-08 00:00:00,766.1753476922703,6.992752007714641,1.609942339227336
2025-07-08 04:00:00,766.1753476922703,7.030540203545232,1.6360422851385727
2025-07-08 08:00:00,766.1753476922703,7.048152098962612,1.6483374167173996
2025-07-08 12:00:00,766.1753476922703,7.0165250854154,1.6261477750594517
2025-07-08 16:00:00,766.1753476922703,7.049157252399187,1.6488362391168334
2025-07-08 20:00:00,766.1753476922703,7.0589495595730405,1.655707660914376
2025-07-09 00:00:00,766.1753476922703,7.023528108004458,1.6307828892208558
2025-07-09 04:00:00,766.1753476922703,7.045431509583669,1.6460400471456895
2025-07-09 08:00:00,766.1753476922703,7.067717271270927,1.6616600653809697
2025-07-09 12:00:00,766.1753476922703,7.0685629999844855,1.6622565721067746
2025-07-09 16:00:00,766.1753476922703,7.242159673581159,1.7847265330801343
2025-07-09 20:00:00,766.1753476922703,7.208718717758657,1.7600033991651098
2025-07-10 00:00:00,766.1753476922703,7.198383329617782,1.7524332668135092
2025-07-10 04:00:00,766.1753476922703,7.208460138634741,1.759792809034047
2025-07-10 08:00:00,766.1753476922703,7.194850062992246,1.7498249742459888
2025-07-10 12:00:00,766.1753476922703,7.2200216713932805,1.768190572682276
2025-07-10 16:00:00,766.1753476922703,7.342727510745007,1.8583429232830126
2025-07-10 20:00:00,766.1753476922703,7.5182366329498915,1.9915997279555726
2025-07-11 00:00:00,766.1753476922703,7.5747287187437236,2.0364944133152543
2025-07-11 04:00:00,766.1753476922703,7.616540768660512,2.070218395741487
2025-07-11 08:00:00,766.1753476922703,7.635660718266745,2.0858091235808267
2025-07-11 12:00:00,766.1753476922703,7.5760825327533965,2.0369847739291274
2025-07-11 16:00:00,766.1753476922703,7.654253788605451,2.100038597818114
2025-07-11 20:00:00,766.1753476922703,7.61659131796293,2.0690391127385004
2025-07-12 00:00:00,766.1753476922703,7.632583043430965,2.0820715195300425
2025-07-12 04:00:00,766.1753476922703,7.629833290992933,2.079821227117472
2025-07-12 08:00:00,766.1753476922703,7.634888869302876,2.0839555372721064
2025-07-12 12:00:00,766.1753476922703,7.588876690809401,2.046278236739694
2025-07-12 16:00:00,766.1753476922703,7.618101316355723,2.0699187770997964
2025-07-12 20:00:00,766.1753476922703,7.609614218093063,2.063000673758513
2025-07-13 00:00:00,766.1753476922703,7.631233765897151,2.080584143987585
2025-07-13 04:00:00,766.1753476922703,7.647137354119942,2.093592035438918
2025-07-13 08:00:00,766.1753476922703,7.651868898440015,2.097478165520717
2025-07-13 12:00:00,766.1753476922703,7.6907678827878785,2.1294663391604436
2025-07-13 16:00:00,766.1753476922703,7.709486678314654,2.145015259212929
2025-07-13 20:00:00,766.1753476922703,7.717623819868255,2.151807265033995
2025-07-14 00:00:00,766.1753476922703,7.825436408977602,2.2419873196424014
2025-07-14 04:00:00,766.1753476922703,7.9541297483941324,2.3525992344347655
2025-07-14 08:00:00,766.1753476922703,7.871902883124873,2.2796383198904113
2025-07-14 12:00:00,766.1753476922703,7.768924233076397,2.190173010066402
2025-07-14 16:00:00,766.1753476922703,7.772889112976439,2.1935262824184183
2025-07-14 20:00:00,766.1753476922703,7.766523141211464,2.188136809015423
2025-07-15 00:00:00,766.1753476922703,7.592017228239217,2.040641151838052
2025-07-15 04:00:00,766.1753476922703,7.568080837407564,2.0213397266611444
2025-07-15 08:00:00,766.1753476922703,7.589782041777097,2.0387280873767346
2025-07-15 12:00:00,766.1753476922703,7.542955889901069,2.000993489520849
2025-07-15 16:00:00,766.1753476922703,7.544552729403146,2.002264317095916
2025-07-15 20:00:00,766.1753476922703,7.631524748420054,2.0715093644204576
2025-07-16 00:00:00,766.1753476922703,7.613675660122088,2.056974436693233
2025-07-16 04:00:00,766.1753476922703,7.659466847434473,2.094088429696934
2025-07-16 08:00:00,766.1753476922703,7.697042476967708,2.1249078167162074
2025-07-16 12:00:00,766.1753476922703,7.718214857865774,2.142442872994025
2025-07-16 16:00:00,766.1753476922703,7.726924891513464,2.149696136807878
2025-07-16 20:00:00,766.1753476922703,7.688058310564588,2.117257097957444
2025-07-17 00:00:00,766.1753476922703,7.655549276496951,2.0903985673582954
2025-07-17 04:00:00,766.1753476922703,7.667405680186273,2.1001109766411683
2025-07-17 08:00:00,766.1753476922703,7.646878126928047,2.0832434173704004
2025-07-17 12:00:00,766.1753476922703,7.7043611086629,2.130223782947926
2025-07-17 16:00:00,766.1753476922703,7.70939465266153,2.1343990448497885
2025-07-17 20:00:00,766.1753476922703,7.723516053940038,2.146127866667355
2025-07-18 00:00:00,766.1753476922703,7.79127350542567,2.202611010015064
2025-07-18 04:00:00,766.1753476922703,7.734011514871908,2.154046719173036
2025-07-18 08:00:00,766.1753476922703,7.7231129556566405,2.1449404465706934
2025-07-18 12:00:00,766.1753476922703,7.638145410901066,2.0741463285362474
2025-07-18 16:00:00,766.1753476922703,7.606682358552726,2.048514854794055
2025-07-18 20:00:00,766.1753476922703,7.6423312819822,2.0773161162745932
2025-07-19 00:00:00,766.1753476922703,7.668104945536411,2.098333281600636
2025-07-19 04:00:00,766.1753476922703,7.657769557395537,2.0898486211526013
2025-07-19 08:00:00,766.1753476922703,7.668397872263253,2.0985502028618686
2025-07-19 12:00:00,766.1753476922703,7.650968083948178,2.0842405831419235
2025-07-19 16:00:00,766.1753476922703,7.64771283848595,2.081580247367671
2025-07-19 20:00:00,766.1753476922703,7.636833073242095,2.072696373885796
2025-07-20 00:00:00,766.1753476922703,7.644480923470993,2.0789234334347335
2025-07-20 04:00:00,766.1753476922703,7.649113313390165,2.0827027811964136
2025-07-20 08:00:00,766.1753476922703,7.63932554269217,2.074707730102553
2025-07-20 12:00:00,766.1753476922703,7.690694651106166,2.1165605948820674
2025-07-20 16:00:00,766.1753476922703,7.657247862671846,2.088945863975312
2025-07-20 20:00:00,766.1753476922703,7.599576941222869,2.041746882699114
2025-07-21 00:00:00,766.1753476922703,7.673384107299363,2.1012352801808643
2025-07-21 04:00:00,766.1753476922703,7.735512440312983,2.1522738741316854
2025-07-21 08:00:00,766.1753476922703,7.651749653931742,2.0823571912446015
2025-07-21 12:00:00,766.1753476922703,7.667497057771415,2.0952137486773683
2025-07-21 16:00:00,766.1753476922703,7.567338799570762,2.0131062663877377
2025-07-21 20:00:00,766.1753476922703,7.6070452766213785,2.044795091171681
2025-07-22 00:00:00,766.1753476922703,7.596004790518548,2.0358919503464525
2025-07-22 04:00:00,766.1753476922703,7.64614451397498,2.0762075091932415
2025-07-22 08:00:00,766.1753476922703,7.722053364509768,2.138043585613129
2025-07-22 12:00:00,766.1753476922703,7.706308552942013,2.1249655511357295
2025-07-22 16:00:00,766.1753476922703,7.730290956600228,2.14480453678899
2025-07-22 20:00:00,766.1753476922703,7.7738618630140275,2.1810713778198063
2025-07-23 00:00:00,766.1753476922703,7.687004552029534,2.107964086380533
2025-07-23 04:00:00,766.1753476922703,7.669907222588065,2.0938985724895134
2025-07-23 08:00:00,766.1753476922703,7.682098029354932,2.1038829095143976
2025-07-23 12:00:00,766.1753476922703,7.683972890020315,2.1054233040641215
2025-07-23 16:00:00,766.1753476922703,7.6727127088723535,2.0961673703943036
2025-07-23 20:00:00,766.1753476922703,7.69619545211819,2.115413663860635
2025-07-24 00:00:00,766.1753476922703,7.678887500583306,2.1011416209799196
2025-07-24 04:00:00,766.1753476922703,7.6741753983026255,2.0972735629219654
2025-07-24 08:00:00,766.1753476922703,7.686086239702244,2.107038895931595
2025-07-24 12:00:00,766.1753476922703,7.7180133087240765,2.1332960471646647
2025-07-24 16:00:00,766.1753476922703,7.708342190262434,2.1252766160129086
2025-07-24 20:00:00,766.1753476922703,7.669300630959031,2.092984025339512
2025-07-25 00:00:00,766.1753476922703,7.479978587833994,1.9379837074595008
2025-07-25 04:00:00,766.1753476922703,7.473520590415896,1.9329641100239767
2025-07-25 08:00:00,766.1753476922703,7.5528162442127975,1.994491599384289
2025-07-25 12:00:00,766.1753476922703,7.499901493667124,1.9525715968179376
2025-07-25 16:00:00,766.1753476922703,7.56221452605497,2.0012404989047887
2025-07-25 20:00:00,766.1753476922703,7.62220682700737,2.0488690164011283
2025-07-26 00:00:00,766.1753476922703,7.614126067368007,2.0423526287866856
2025-07-26 04:00:00,766.1753476922703,7.602127088723144,2.0326970969391955
2025-07-26 08:00:00,766.1753476922703,7.632692566919544,2.05721537639096
2025-07-26 12:00:00,766.1753476922703,7.655633525334317,2.0757649872862927
2025-07-26 16:00:00,766.1753476922703,7.662244466795632,2.081142502069224
2025-07-26 20:00:00,766.1753476922703,7.642016969012024,2.064660527813351
2025-07-27 00:00:00,766.1753476922703,7.659050787791479,2.0784667206343594
2025-07-27 04:00:00,766.1753476922703,7.653420373183508,2.0738828773970113
2025-07-27 08:00:00,766.1753476922703,7.651914263198596,2.0726585245363753
2025-07-27 12:00:00,766.1753476922703,7.685162094763136,2.0996758430050435
2025-07-27 16:00:00,766.1753476922703,7.709416686972841,2.119555754729752
2025-07-27 20:00:00,766.1753476922703,7.738939423789843,2.1439058797482575
2025-07-28 00:00:00,766.1753476922703,7.7306726686402945,2.1370355022968948
2025-07-28 04:00:00,766.1753476922703,7.705528279094408,2.1161830659903687
2025-07-28 08:00:00,766.1753476922703,7.700829138173322,2.1123114654660213
2025-07-28 12:00:00,766.1753476922703,7.658536869883547,2.077509585717947
2025-07-28 16:00:00,766.1753476922703,7.651656332142661,2.0719101938153774
2025-07-28 20:00:00,766.1753476922703,7.651240920567649,2.0715727392410206
2025-07-29 00:00:00,766.1753476922703,7.69676964034824,2.1085534286726446
2025-07-29 04:00:00,766.1753476922703,7.704385735246129,2.1148127856862113
2025-07-29 08:00:00,766.1753476922703,7.685592411901684,2.0993367846680338
2025-07-29 12:00:00,766.1753476922703,7.608318730201567,2.0360143468705636
2025-07-29 16:00:00,766.1753476922703,7.616437725851735,2.0425323670319573
2025-07-29 20:00:00,766.1753476922703,7.6440110741856815,2.0647157518898314
2025-07-30 00:00:00,766.1753476922703,7.657692437305948,2.0758021274854137
2025-07-30 04:00:00,766.1753476922703,7.6551740451366825,2.0737541147718175
2025-07-30 08:00:00,766.1753476922703,7.619982657700906,2.0451545228869668
2025-07-30 12:00:00,766.1753476922703,7.647202808985895,2.067071665490133
2025-07-30 16:00:00,766.1753476922703,7.57699890087675,2.0101424145402693
2025-07-30 20:00:00,766.1753476922703,7.636852515281488,2.057779067476004
2025-07-31 00:00:00,766.1753476922703,7.677411201725461,2.0905651462178905
2025-07-31 04:00:00,766.1753476922703,7.690361544164582,2.101144311703541
2025-07-31 08:00:00,766.1753476922703,7.67126168466572,2.08548904208719
2025-07-31 12:00:00,766.1753476922703,7.667044706321559,2.0820497921349768
2025-07-31 16:00:00,766.1753476922703,7.568513098750051,2.0017785582028838
2025-07-31 20:00:00,766.1753476922703,7.502299345192158,1.9492403897141977
2025-08-01 00:00:00,766.1753476922703,7.494778516287289,1.9433782255465297
2025-08-01 04:00:00,766.1753476922703,7.4580810188666,1.9148315044135034
2025-08-01 08:00:00,766.1753476922703,7.472589964796992,1.9260068402779433
2025-08-01 12:00:00,766.1753476922703,7.47597093544729,1.928621103590903
2025-08-01 16:00:00,766.1753476922703,7.344468869406569,1.8268479712759773
2025-08-01 20:00:00,766.1753476922703,7.342476060368872,1.8253609097011825
2025-08-02 00:00:00,766.1753476922703,7.382133284253029,1.8549376133922413
2025-08-02 04:00:00,766.1753476922703,7.386840201989872,1.8584857904910639
2025-08-02 08:00:00,766.1753476922703,7.374178897869715,1.8489292603023941
2025-08-02 12:00:00,766.1753476922703,7.312845096199255,1.8027945534592265
2025-08-02 16:00:00,766.1753476922703,7.273229348665801,1.7734958114737114
2025-08-02 20:00:00,766.1753476922703,7.293768567147664,1.7885205891353189
2025-08-03 00:00:00,766.1753476922703,7.362324438384333,1.8389527845432585
2025-08-03 04:00:00,766.1753476922703,7.368532929630232,1.8436050335822713
2025-08-03 08:00:00,766.1753476922703,7.379043296125636,1.8514941065201704
2025-08-03 12:00:00,766.1753476922703,7.3853217787133465,1.8562201555657716
2025-08-03 16:00:00,766.1753476922703,7.408271810079836,1.8735248764986354
2025-08-03 20:00:00,766.1753476922703,7.401506628439343,1.8683922073326968
2025-08-04 00:00:00,766.1753476922703,7.424954376014272,1.8861492361571404
2025-08-04 04:00:00,766.1753476922703,7.4302918638954,1.8902168565815205
2025-08-04 08:00:00,766.1753476922703,7.419930553035336,1.8823093107666078
2025-08-04 12:00:00,766.1753476922703,7.441505384148821,1.8987288062832537
2025-08-04 16:00:00,766.1753476922703,7.438370031262844,1.8963288141303967
2025-08-04 20:00:00,766.1753476922703,7.456348085088778,1.9100787222482314
2025-08-05 00:00:00,766.1753476922703,7.404620595081987,1.8703259195800455
2025-08-05 04:00:00,766.1753476922703,7.386011323043786,1.8562244257665694
2025-08-05 08:00:00,766.1753476922703,7.441574727422652,1.8981163795732257
2025-08-05 12:00:00,766.1753476922703,7.318890922382238,1.8042378061319972
2025-08-05 16:00:00,766.1753476922703,7.3631228581353705,1.8369497012417393
2025-08-05 20:00:00,766.1753476922703,7.396383651059504,1.8618433794278413
2025-08-06 00:00:00,766.1753476922703,7.356217693811252,1.8315112366771091
2025-08-06 04:00:00,766.1753476922703,7.40274508634862,1.8662636512163775
2025-08-06 08:00:00,766.1753476922703,7.402666022055092,1.8662038538782013
2025-08-06 12:00:00,766.1753476922703,7.4796033564737225,1.9243913026587034
2025-08-06 16:00:00,766.1753476922703,7.469630886401503,1.916693995558965
2025-08-06 20:00:00,766.1753476922703,7.452280810447935,1.9033379996971471
2025-08-07 00:00:00,766.1753476922703,7.423361424920071,1.8811796698637195
2025-08-07 04:00:00,766.1753476922703,7.439042077757831,1.893100735122469
2025-08-07 08:00:00,766.1753476922703,7.5512576407215235,1.9787711867148507
2025-08-07 12:00:00,766.1753476922703,7.562292942280516,1.9874464317404825
2025-08-07 16:00:00,766.1753476922703,7.612334807472007,2.0269009439518837
2025-08-07 20:00:00,766.1753476922703,7.612984819655685,2.0274201711043927
2025-08-08 00:00:00,766.1753476922703,7.565373857456194,1.9893822290558094
2025-08-08 04:00:00,766.1753476922703,7.570548032206429,1.9934640146326064
2025-08-08 08:00:00,766.1753476922703,7.575364473431847,1.9972687863164862
2025-08-08 12:00:00,766.1753476922703,7.531048288841348,1.9622164799139359
2025-08-08 16:00:00,766.1753476922703,7.54697261523949,1.9746637413674017
2025-08-08 20:00:00,766.1753476922703,7.561316303835048,1.9859228103601474
2025-08-09 00:00:00,766.1753476922703,7.542475023460101,1.9710772489646982
2025-08-09 04:00:00,766.1753476922703,7.566583152306385,1.989977802484418
2025-08-09 08:00:00,766.1753476922703,7.589524110721159,2.008077913364401
2025-08-09 12:00:00,766.1753476922703,7.575426687957901,1.9968879930716636
2025-08-09 16:00:00,766.1753476922703,7.55230491857678,1.9786032473176876
2025-08-09 20:00:00,766.1753476922703,7.547545507333579,1.974862540351015
2025-08-10 00:00:00,766.1753476922703,7.6796055599048545,2.0785255592674523
2025-08-10 04:00:00,766.1753476922703,7.634778697746322,2.042127682575167
2025-08-10 08:00:00,766.1753476922703,7.66862599219212,2.0692878006497515
2025-08-10 12:00:00,766.1753476922703,7.700019701266627,2.094701461169054
2025-08-10 16:00:00,766.1753476922703,7.690174252518435,2.086666439177366
2025-08-10 20:00:00,766.1753476922703,7.731062805564095,2.1199507713336736
2025-08-11 00:00:00,766.1753476922703,7.888866062494535,2.2497654467523827
2025-08-11 04:00:00,766.1753476922703,7.876433526371225,2.239128826749908
2025-08-11 08:00:00,766.1753476922703,7.8132073661999275,2.1852066356832553
2025-08-11 12:00:00,766.1753476922703,7.797191014148663,2.171768221543653
2025-08-11 16:00:00,766.1753476922703,7.7177962059508625,2.1054262064179543
2025-08-11 20:00:00,766.1753476922703,7.691659624327996,2.0840359121837526
2025-08-12 00:00:00,766.1753476922703,7.70278695154011,2.0930806765061307
2025-08-12 04:00:00,766.1753476922703,7.7111483246147,2.099896791967295
2025-08-12 08:00:00,766.1753476922703,7.681045566955833,2.0753040796074083
2025-08-12 12:00:00,766.1753476922703,7.772473701401425,2.1494116390868516
2025-08-12 16:00:00,766.1753476922703,7.755122977379878,2.13501705265611
2025-08-12 20:00:00,766.1753476922703,7.785505052338014,2.1601099808997613
2025-08-13 00:00:00,766.1753476922703,7.743246483583185,2.1249357094046455
2025-08-13 04:00:00,766.1753476922703,7.749622824435835,2.130185179792237
2025-08-13 08:00:00,766.1753476922703,7.813782202497958,2.1830927958358233
2025-08-13 12:00:00,766.1753476922703,7.836478191216391,2.2021158943231636
2025-08-13 16:00:00,766.1753476922703,7.95465921993358,2.301745465947808
2025-08-13 20:00:00,766.1753476922703,7.991094897890456,2.3333743469157615
2025-08-14 00:00:00,766.1753476922703,7.993085114656233,2.335117757852087
2025-08-14 04:00:00,766.1753476922703,7.888627573477993,2.243568378914679
2025-08-14 08:00:00,766.1753476922703,7.838360828697532,2.200679976065147
2025-08-14 12:00:00,766.1753476922703,7.663873709696696,2.053714181586568
2025-08-14 16:00:00,766.1753476922703,7.6436974092834875,2.0374940470201035
2025-08-14 20:00:00,766.1753476922703,7.666325998932028,2.0555895893601357
2025-08-15 00:00:00,766.1753476922703,7.709994115542789,2.0907160864219154
2025-08-15 04:00:00,766.1753476922703,7.709186622840034,2.0900591839815177
2025-08-15 08:00:00,766.1753476922703,7.71239844774762,2.0926714845291077
2025-08-15 12:00:00,766.1753476922703,7.6002314898824075,2.0013658047897036
2025-08-15 16:00:00,766.1753476922703,7.578265225709161,1.9840127030977999
2025-08-15 20:00:00,766.1753476922703,7.604562528191002,2.004666842519119
2025-08-16 00:00:00,766.1753476922703,7.610238307557554,2.009155482066524
2025-08-16 04:00:00,766.1753476922703,7.621024751012328,2.01769856880967
2025-08-16 08:00:00,766.1753476922703,7.606926032113111,2.0065004822500287
2025-08-16 12:00:00,766.1753476922703,7.626250123132961,2.0217919933492645
2025-08-16 16:00:00,766.1753476922703,7.62595330799824,2.0215559277390915
2025-08-16 20:00:00,766.1753476922703,7.607064718660774,2.0065344589995426
2025-08-17 00:00:00,766.1753476922703,7.626784779216245,2.022139287866469
2025-08-17 04:00:00,766.1753476922703,7.6475897055698,2.038687726105609
2025-08-17 08:00:00,766.1753476922703,7.6671633027618515,2.0543414629903585
2025-08-17 12:00:00,766.1753476922703,7.6631550023071675,2.0511195082092937
2025-08-17 16:00:00,766.1753476922703,7.619339774265006,2.0159367659966443
2025-08-17 20:00:00,766.1753476922703,7.608642764191436,2.007446071317409
2025-08-18 00:00:00,766.1753476922703,7.4734551355499415,1.9004433315051434
2025-08-18 04:00:00,766.1753476922703,7.466130671242934,1.8948556632459657
2025-08-18 08:00:00,766.1753476922703,7.449364504539112,1.8820902293169715
2025-08-18 12:00:00,766.1753476922703,7.527007584987679,1.940940061271339
2025-08-18 16:00:00,766.1753476922703,7.537937251465975,1.9493951454271068
2025-08-18 20:00:00,766.1753476922703,7.532302948450125,1.9450238635045254
2025-08-19 00:00:00,766.1753476922703,7.440468475381238,1.873882178351738
2025-08-19 04:00:00,766.1753476922703,7.451365090392566,1.8821151166707368
2025-08-19 08:00:00,766.1753476922703,7.485749633193568,1.9081703429281451
2025-08-19 12:00:00,766.1753476922703,7.374130940839215,1.8228131687357723
2025-08-19 16:00:00,766.1753476922703,7.331753775644093,1.791387504318739
2025-08-19 20:00:00,766.1753476922703,7.314933819297952,1.7790585061511692
2025-08-20 00:00:00,766.1753476922703,7.357250714170957,1.8099340685161134
2025-08-20 04:00:00,766.1753476922703,7.354931926939451,1.8082227558922859
2025-08-20 08:00:00,766.1753476922703,7.366373567121738,1.816661597073085
2025-08-20 12:00:00,766.1753476922703,7.346105889123387,1.8016666289469299
2025-08-20 16:00:00,766.1753476922703,7.405904417749847,1.8456642305793545
2025-08-20 20:00:00,766.1753476922703,7.405553164904829,1.845401617895459
2025-08-21 00:00:00,766.1753476922703,7.385034036530338,1.8300620348054863
2025-08-21 04:00:00,766.1753476922703,7.381237006237049,1.8272392444363226
2025-08-21 08:00:00,766.1753476922703,7.33280234963531,1.7912689706494038
2025-08-21 12:00:00,766.1753476922703,7.309693541613783,1.7743337982075693
2025-08-21 16:00:00,766.1753476922703,7.2709150979101524,1.7460948975285469
2025-08-21 20:00:00,766.1753476922703,7.290764772061571,1.7603954694455644
2025-08-22 00:00:00,766.1753476922703,7.318582442023881,1.7805456601470266
2025-08-22 04:00:00,766.1753476922703,7.329313799700375,1.788378190212678
2025-08-22 08:00:00,766.1753476922703,7.279099548426274,1.7516208316369815
2025-08-22 12:00:00,766.1753476922703,7.5416156853189715,1.9411341351560392
2025-08-22 16:00:00,766.1753476922703,7.5600882150134465,1.9553980513175717
2025-08-22 20:00:00,766.1753476922703,7.578247079805729,1.9694882872324602
2025-08-23 00:00:00,766.1753476922703,7.48964192947988,1.900406293500591
2025-08-23 04:00:00,766.1753476922703,7.5045928577724546,1.9117871466128267
2025-08-23 08:00:00,766.1753476922703,7.472880299251916,1.8875509237098156
2025-08-23 12:00:00,766.1753476922703,7.440654470891423,1.863131467093368
2025-08-23 16:00:00,766.1753476922703,7.461460045312958,1.878760544030361
2025-08-23 20:00:00,766.1753476922703,7.481170384848733,1.8936494563897528
2025-08-24 00:00:00,766.1753476922703,7.455114811723334,1.8738637332956383
2025-08-24 04:00:00,766.1753476922703,7.445535718914815,1.8666405388586338
2025-08-24 08:00:00,766.1753476922703,7.435298189038882,1.8589407081121447
2025-08-24 12:00:00,766.1753476922703,7.413897688211947,1.8428893294788748
2025-08-24 16:00:00,766.1753476922703,7.297245451858962,1.7558997981922846
2025-08-24 20:00:00,766.1753476922703,7.355156158460442,1.7977040921709697
2025-08-25 00:00:00,766.1753476922703,7.317778837729007,1.7702974562060767
2025-08-25 04:00:00,766.1753476922703,7.2267064926042925,1.7042015228032694
2025-08-25 08:00:00,766.1753476922703,7.207486092461199,1.6906038617278114
2025-08-25 12:00:00,766.1753476922703,7.271364209020113,1.7355540381758898
2025-08-25 16:00:00,766.1753476922703,7.175157869359908,1.6666654652084145
2025-08-25 20:00:00,766.1753476922703,7.136004842363987,1.6393817458224766
2025-08-26 00:00:00,766.1753476922703,7.120942446378898,1.6290007199241847
2025-08-26 04:00:00,766.1753476922703,7.148397198272552,1.6478425281273303
2025-08-26 08:00:00,766.1753476922703,7.120745433713058,1.6287197433875942
2025-08-26 12:00:00,766.1753476922703,7.107123692846928,1.6193726889979219
2025-08-26 16:00:00,766.1753476922703,7.201074107869663,1.6835930724257329
2025-08-26 20:00:00,766.1753476922703,7.243016419450378,1.7130110943045707
2025-08-27 00:00:00,766.1753476922703,7.220653537673531,1.6971442803837204
2025-08-27 04:00:00,766.1753476922703,7.175744370881571,1.6654778937498327
2025-08-27 08:00:00,766.1753476922703,7.214426900524201,1.6924123390133319
2025-08-27 12:00:00,766.1753476922703,7.258361373074634,1.7233317361370282
2025-08-27 16:00:00,766.1753476922703,7.2635906336031475,1.7270564407206597
2025-08-27 20:00:00,766.1753476922703,7.210534604237891,1.6892112088554063
2025-08-28 00:00:00,766.1753476922703,7.258362021142616,1.7228247811466666
2025-08-28 04:00:00,766.1753476922703,7.330563274765317,1.7742372521457903
2025-08-28 08:00:00,766.1753476922703,7.317282417656529,1.764594040346248
2025-08-28 12:00:00,766.1753476922703,7.302334729703855,1.7537799431557668
2025-08-28 16:00:00,766.1753476922703,7.251968830522494,1.7174912599854495
2025-08-28 20:00:00,766.1753476922703,7.295100346846031,1.7481359045144542
2025-08-29 00:00:00,766.1753476922703,7.239193466437904,1.7079447541652626
2025-08-29 04:00:00,766.1753476922703,7.130003732871611,1.6306612694022773
2025-08-29 08:00:00,766.1753476922703,7.135151336834675,1.634193104192528
2025-08-29 12:00:00,766.1753476922703,7.024164510760566,1.5579337942223825
2025-08-29 16:00:00,766.1753476922703,7.012873870417557,1.5504211270054469
2025-08-29 20:00:00,766.1753476922703,7.023592266734456,1.5575300648265469
2025-08-30 00:00:00,766.1753476922703,7.027402906455321,1.560065171808588
2025-08-30 04:00:00,766.1753476922703,7.033109793084901,1.563865913784869
2025-08-30 08:00:00,766.1753476922703,7.043203451869333,1.5705991211637167
2025-08-30 12:00:00,766.1753476922703,7.055514799280431,1.5788352277406519
2025-08-30 16:00:00,766.1753476922703,7.05281559614482,1.5770231996525954
2025-08-30 20:00:00,766.1753476922703,7.052037914569133,1.5765015263420932
2025-08-31 00:00:00,766.1753476922703,7.078447332811469,1.5942132099744946
2025-08-31 04:00:00,766.1753476922703,7.045034243912095,1.5716372472506426
2025-08-31 08:00:00,766.1753476922703,7.024393278757414,1.557823215182169
2025-08-31 12:00:00,766.1753476922703,7.052190858612352,1.5763175022353402
2025-08-31 16:00:00,766.1753476922703,7.059404503294825,1.5811547200287308
2025-08-31 20:00:00,766.1753476922703,7.015099335859982,1.5513845072953893
2025-09-01 00:00:00,766.1753476922703,6.977100517935976,1.5261742680954278
2025-09-01 04:00:00,766.1753476922703,7.092001674607708,1.6015748682025945
2025-09-01 08:00:00,766.1753476922703,7.049870127176908,1.5730313776820344
2025-09-01 12:00:00,766.1753476922703,7.04996409703397,1.5730942799189753
2025-09-01 16:00:00,766.1753476922703,7.078045530664033,1.591892138464366
2025-09-01 20:00:00,766.1753476922703,7.0793274091279565,1.5927570434329816
2025-09-02 00:00:00,766.1753476922703,7.149627231298103,1.6402066938485909
2025-09-02 04:00:00,766.1753476922703,7.143907383308929,1.6362700971606248
2025-09-02 08:00:00,766.1753476922703,7.111466396379163,1.6139788436543534
2025-09-02 12:00:00,766.1753476922703,7.182483629802881,1.6623318720842297
2025-09-02 16:00:00,766.1753476922703,7.180982056293827,1.6612892883634585
2025-09-02 20:00:00,766.1753476922703,7.20910885468247,1.6808103295717671
2025-09-03 00:00:00,766.1753476922703,7.197054790259329,1.6723790811036932
2025-09-03 04:00:00,766.1753476922703,7.200027478082392,1.6744513708422697
2025-09-03 08:00:00,766.1753476922703,7.221925047049786,1.689728985193263
2025-09-03 12:00:00,766.1753476922703,7.272796439255344,1.7254364449218769
2025-09-03 16:00:00,766.1753476922703,7.270917042114101,1.7240988107604922
2025-09-03 20:00:00,766.1753476922703,7.239289380498908,1.7015999099497487
2025-09-04 00:00:00,766.1753476922703,7.203208843794929,1.6761576456143237
2025-09-04 04:00:00,766.1753476922703,7.158776655036057,1.6451400722600324
2025-09-04 08:00:00,766.1753476922703,7.181241283485724,1.6606276879177917
2025-09-04 12:00:00,766.1753476922703,7.097012536227051,1.6021952034928335
2025-09-04 16:00:00,766.1753476922703,7.115785769464124,1.6149097298204769
2025-09-04 20:00:00,766.1753476922703,7.17611312156205,1.6559831534873262
2025-09-05 00:00:00,766.1753476922703,7.213759390505078,1.6820452790859275
2025-09-05 04:00:00,766.1753476922703,7.320207796517076,1.7565075791597453
2025-09-05 08:00:00,766.1753476922703,7.281302979557396,1.7285015685019542
2025-09-05 12:00:00,766.1753476922703,7.175202586050518,1.6529403548935373
2025-09-05 16:00:00,766.1753476922703,7.23338094472763,1.693147731208943
2025-09-05 20:00:00,766.1753476922703,7.171519615721663,1.6497073111662097
2025-09-06 00:00:00,766.1753476922703,7.198882990030175,1.6685909903892167
2025-09-06 04:00:00,766.1753476922703,7.182252269534119,1.657026750316764
2025-09-06 08:00:00,766.1753476922703,7.179363182480443,1.6550271152361746
2025-09-06 12:00:00,766.1753476922703,7.153643308568547,1.6372398459578144
2025-09-06 16:00:00,766.1753476922703,7.1312370062370585,1.621855590944533
2025-09-06 20:00:00,766.1753476922703,7.1409295109420325,1.6284686832869706
2025-09-07 00:00:00,766.1753476922703,7.169520974072149,1.6480292890507175
2025-09-07 04:00:00,766.1753476922703,7.177574514856363,1.6535829952777925
2025-09-07 08:00:00,766.1753476922703,7.212486584992873,1.677712318653616
2025-09-07 12:00:00,766.1753476922703,7.214940170364164,1.6794245202724787
2025-09-07 16:00:00,766.1753476922703,7.210403694505993,1.6762566483517392
2025-09-07 20:00:00,766.1753476922703,7.202455140734496,1.670713068545907
2025-09-08 00:00:00,766.1753476922703,7.196931657343182,1.6668693142820703
2025-09-08 04:00:00,766.1753476922703,7.211725753184659,1.677148621727853
2025-09-08 08:00:00,766.1753476922703,7.261759193492414,1.7120557375795888
2025-09-08 12:00:00,766.1753476922703,7.299303067694642,1.738610131711727
2025-09-08 16:00:00,766.1753476922703,7.2646677225854805,1.713860907835013
2025-09-08 20:00:00,766.1753476922703,7.2625887205064785,1.7123894900662011
2025-09-09 00:00:00,766.1753476922703,7.239437788066269,1.6960137534295205
2025-09-09 04:00:00,766.1753476922703,7.322592038614534,1.754456448863051
2025-09-09 08:00:00,766.1753476922703,7.286460952608135,1.728485966069224
2025-09-09 12:00:00,766.1753476922703,7.185827012510354,1.6568691602012102
2025-09-09 16:00:00,766.1753476922703,7.213095768893824,1.675731607659305
2025-09-09 20:00:00,766.1753476922703,7.228964361445708,1.6867912842365664
2025-09-10 00:00:00,766.1753476922703,7.2289313099787424,1.6867681477579692
2025-09-10 04:00:00,766.1753476922703,7.29424165677288,1.7324858650667403
2025-09-10 08:00:00,766.1753476922703,7.277802764398826,1.7207724546744658
2025-09-10 12:00:00,766.1753476922703,7.378512528450237,1.7922082685484686
2025-09-10 16:00:00,766.1753476922703,7.360400972620477,1.7790106165870947
2025-09-10 20:00:00,766.1753476922703,7.385382697103449,1.7971248823347816
2025-09-11 00:00:00,766.1753476922703,7.413898336279935,1.8179414737565815
2025-09-11 04:00:00,766.1753476922703,7.39339152119706,1.8028562157953072
2025-09-11 08:00:00,766.1753476922703,7.387974320954424,1.7988933119906143
2025-09-11 12:00:00,766.1753476922703,7.3996602827650735,1.8074295348977776
2025-09-11 16:00:00,766.1753476922703,7.415193176103454,1.818811656147693
2025-09-11 20:00:00,766.1753476922703,7.484063360310297,1.8694894567747027
2025-09-12 00:00:00,766.1753476922703,7.465363358754934,1.855475897268451
2025-09-12 04:00:00,766.1753476922703,7.45840051638062,1.850284166237623
2025-09-12 08:00:00,766.1753476922703,7.447172738631646,1.841927986110797
2025-09-12 12:00:00,766.1753476922703,7.46063505477476,1.8519169917638723
2025-09-12 16:00:00,766.1753476922703,7.558579512756625,1.9248538146967809
2025-09-12 20:00:00,766.1753476922703,7.519495180966557,1.89499438475468
2025-09-13 00:00:00,766.1753476922703,7.514801872657289,1.8914460908820414
2025-09-13 04:00:00,766.1753476922703,7.503247468646526,1.8827214966735841
2025-09-13 08:00:00,766.1753476922703,7.515910716970622,1.8922539171103818
2025-09-13 12:00:00,766.1753476922703,7.502597456462848,1.88219842139176
2025-09-13 16:00:00,766.1753476922703,7.504440561797225,1.8835855769619299
2025-09-13 20:00:00,766.1753476922703,7.512293201507721,1.8894985236145019
2025-09-14 00:00:00,766.1753476922703,7.496849093482566,1.8778449771423469
2025-09-14 04:00:00,766.1753476922703,7.50497651401647,1.8839523573108972
2025-09-14 08:00:00,766.1753476922703,7.504297338773704,1.8834408831721385
2025-09-14 12:00:00,766.1753476922703,7.467299137810415,1.8555832752633887
2025-09-14 16:00:00,766.1753476922703,7.493933435641722,1.8754387102842955
2025-09-14 20:00:00,766.1753476922703,7.470150636921266,1.8575829946942266
2025-09-15 00:00:00,766.1753476922703,7.481649955153752,1.866161511662947
2025-09-15 04:00:00,766.1753476922703,7.505056226377977,1.8836763176557503
2025-09-15 08:00:00,766.1753476922703,7.457318242854457,1.8477313868103917
2025-09-15 12:00:00,766.1753476922703,7.442600619034589,1.836791442482296
2025-09-15 16:00:00,766.1753476922703,7.4727280032766865,1.8590972429918924
2025-09-15 20:00:00,766.1753476922703,7.475445352315732,1.86112534415034
2025-09-16 00:00:00,766.1753476922703,7.47269365567376,1.859070114481033
2025-09-16 04:00:00,766.1753476922703,7.507219477294345,1.8848383017413246
2025-09-16 08:00:00,766.1753476922703,7.471435107657107,1.8578851465685218
2025-09-16 12:00:00,766.1753476922703,7.511488949144864,1.887765123878443
2025-09-16 16:00:00,766.1753476922703,7.569441780165026,1.9314587246960295
2025-09-16 20:00:00,766.1753476922703,7.568718536299638,1.9309050845276567
2025-09-17 00:00:00,766.1753476922703,7.541699286088367,1.9102259137950472
2025-09-17 04:00:00,766.1753476922703,7.592925171478842,1.9491507011743914
2025-09-17 08:00:00,766.1753476922703,7.534317143731164,1.9040155750672865
2025-09-17 12:00:00,766.1753476922703,7.509508453398783,1.8852071819951246
2025-09-17 16:00:00,766.1753476922703,7.495037095411216,1.8743083962034779
2025-09-17 20:00:00,766.1753476922703,7.546595439675296,1.912988486635991
2025-09-18 00:00:00,766.1753476922703,7.620090885053536,1.9688796266683257
2025-09-18 04:00:00,766.1753476922703,7.587969395637781,1.9439809684857954
2025-09-18 08:00:00,766.1753476922703,7.586504113935592,1.9428547858693377
2025-09-18 12:00:00,766.1753476922703,7.620214017969686,1.9687534530552677
2025-09-18 16:00:00,766.1753476922703,7.611572031459869,1.9620552393007706
2025-09-18 20:00:00,766.1753476922703,7.587160606799068,1.9431774450199477
2025-09-19 00:00:00,766.1753476922703,7.580942394533475,1.9383997328629046
2025-09-19 04:00:00,766.1753476922703,7.57656080692246,1.9350386989124964
2025-09-19 08:00:00,766.1753476922703,7.5431691042664175,1.909454173753145
2025-09-19 12:00:00,766.1753476922703,7.510072920609136,1.884320581301683
2025-09-19 16:00:00,766.1753476922703,7.460890393558778,1.8473000427765127
2025-09-19 20:00:00,766.1753476922703,7.493764289899009,1.8717185559480647
2025-09-20 00:00:00,766.1753476922703,7.481620792094663,1.8626193065073746
2025-09-20 04:00:00,766.1753476922703,7.515551039241869,1.88796106138931
2025-09-20 08:00:00,766.1753476922703,7.510722932792815,1.8843224950639155
2025-09-20 12:00:00,766.1753476922703,7.516725986489135,1.8888407109082244
2025-09-20 16:00:00,766.1753476922703,7.49827613917395,1.8749321996302026
2025-09-20 20:00:00,766.1753476922703,7.497215251891118,1.8741363800218656
2025-09-21 00:00:00,766.1753476922703,7.496164085627982,1.8733480757506102
2025-09-21 04:00:00,766.1753476922703,7.5056621699390345,1.8804690049742143
2025-09-21 08:00:00,766.1753476922703,7.491889429233625,1.8701171353761668
2025-09-21 12:00:00,766.1753476922703,7.487233708867182,1.8666306681036395
2025-09-21 16:00:00,766.1753476922703,7.483892270363649,1.8641315214913639
2025-09-21 20:00:00,766.1753476922703,7.46783573809764,1.8521331574683646
2025-09-22 00:00:00,766.1753476922703,7.430092258957652,1.8240503427232206
2025-09-22 04:00:00,766.1753476922703,7.292060259953083,1.7223918546522896
2025-09-22 08:00:00,766.1753476922703,7.315194990693799,1.7387851935854102
2025-09-22 12:00:00,766.1753476922703,7.3112113168223445,1.7359444956330368
2025-09-22 16:00:00,766.1753476922703,7.266326128545635,1.7039724219993044
2025-09-22 20:00:00,766.1753476922703,7.300549950487663,1.7280491484218365
2025-09-23 00:00:00,766.1753476922703,7.2803950363177865,1.713737069535734
2025-09-23 04:00:00,766.1753476922703,7.329009207749914,1.7480670367720195
2025-09-23 08:00:00,766.1753476922703,7.321612159829176,1.7427741512237274
2025-09-23 12:00:00,766.1753476922703,7.315533282179226,1.7384332585601239
2025-09-23 16:00:00,766.1753476922703,7.236021821745071,1.6817489286868084
2025-09-23 20:00:00,766.1753476922703,7.25828360491708,1.6972707434031526
2025-09-24 00:00:00,766.1753476922703,7.237823450728745,1.682917589269363
2025-09-24 04:00:00,766.1753476922703,7.296178731964325,1.7236233884174053
2025-09-24 08:00:00,766.1753476922703,7.3250773793168396,1.7441041303099534
2025-09-24 12:00:00,766.1753476922703,7.34561789393466,1.7587762468741233
2025-09-24 16:00:00,766.1753476922703,7.350387674265537,1.7622023615195692
2025-09-24 20:00:00,766.1753476922703,7.343063858026509,1.7569348653641204
2025-09-25 00:00:00,766.1753476922703,7.293759494195961,1.721544506174829
2025-09-25 04:00:00,766.1753476922703,7.243243243243301,1.6857744861861093
2025-09-25 08:00:00,766.1753476922703,7.216107340795677,1.6668278580792133
2025-09-25 12:00:00,766.1753476922703,7.231192419160058,1.677281234534788
2025-09-25 16:00:00,766.1753476922703,7.0872714264236025,1.577133444358636
2025-09-25 20:00:00,766.1753476922703,7.06358389369617,1.5613198549681593
2025-09-26 00:00:00,766.1753476922703,7.1015295700458365,1.5864821544976386
2025-09-26 04:00:00,766.1753476922703,7.084680450640608,1.575189871479564
2025-09-26 08:00:00,766.1753476922703,7.07259268668252,1.5671271831953404
2025-09-26 12:00:00,766.1753476922703,7.065741312000721,1.5625728524222757
2025-09-26 16:00:00,766.1753476922703,7.07510070976411,1.5687822819276778
2025-09-26 20:00:00,766.1753476922703,7.105641561377282,1.58909801262234
2025-09-27 00:00:00,766.1753476922703,7.0998290396670045,1.5851982943695933
2025-09-27 04:00:00,766.1753476922703,7.090589534479868,1.5790095054079278
2025-09-27 08:00:00,766.1753476922703,7.084044695952486,1.574637078180611
2025-09-27 12:00:00,766.1753476922703,7.090008865570022,1.5786142139935861
2025-09-27 16:00:00,766.1753476922703,7.091432022853528,1.5795648261969364
2025-09-27 20:00:00,766.1753476922703,7.1051483816447,1.5887304832124205
2025-09-28 00:00:00,766.1753476922703,7.09219674306962,1.5800424184853261
2025-09-28 04:00:00,766.1753476922703,7.0971907549214865,1.5833802068392993
2025-09-28 08:00:00,766.1753476922703,7.087855983741329,1.5771324565255067
2025-09-28 12:00:00,766.1753476922703,7.131205898974037,1.606070075372996
2025-09-28 16:00:00,766.1753476922703,7.15062655212287,1.6191916695220414
2025-09-28 20:00:00,766.1753476922703,7.268986447602467,1.6995961020717318
2025-09-29 00:00:00,766.1753476922703,7.249127052431351,1.685665844724727
2025-09-29 04:00:00,766.1753476922703,7.249674021806251,1.6860474110512835
2025-09-29 08:00:00,766.1753476922703,7.264842052872038,1.6966302397821857
2025-09-29 12:00:00,766.1753476922703,7.3760226512720894,1.774525545949799
2025-09-29 16:00:00,766.1753476922703,7.405184414224376,1.7955727806603
2025-09-29 20:00:00,766.1753476922703,7.408192097718343,1.7977606456664308
2025-09-30 00:00:00,766.1753476922703,7.412367599711801,1.8008004776770172
2025-09-30 04:00:00,766.1753476922703,7.368483028395808,1.76881581585659
2025-09-30 08:00:00,766.1753476922703,7.326733193005074,1.7387494770197007
2025-09-30 12:00:00,766.1753476922703,7.330048060721438,1.741109488373896
2025-09-30 16:00:00,766.1753476922703,7.41130476822503,1.7990123110797818
2025-09-30 20:00:00,766.1753476922703,7.391145965647273,1.7843323315829882
2025-10-01 00:00:00,766.1753476922703,7.39944058771995,1.7903396662011906
2025-10-01 04:00:00,766.1753476922703,7.422907129266293,1.807373283673044
2025-10-01 08:00:00,766.1753476922703,7.56875871651439,1.9139117022129406
2025-10-01 12:00:00,766.1753476922703,7.6098559474495255,1.9450884674506865
2025-10-01 16:00:00,766.1753476922703,7.610879894857513,1.9458736340720943
2025-10-01 20:00:00,766.1753476922703,7.6857615576444145,2.0033086174007475
2025-10-02 00:00:00,766.1753476922703,7.694769702562784,2.0103525885959566
2025-10-02 04:00:00,766.1753476922703,7.678941938293622,1.9979469982663602
2025-10-02 08:00:00,766.1753476922703,7.696826670330474,2.011907025692652
2025-10-02 12:00:00,766.1753476922703,7.771033694350466,2.07009891673149
2025-10-02 16:00:00,766.1753476922703,7.831025995302868,2.118042344375131
2025-10-02 20:00:00,766.1753476922703,7.811121235373171,2.1018915394572284
2025-10-03 00:00:00,766.1753476922703,7.791454964460017,2.0860155721539027
2025-10-03 04:00:00,766.1753476922703,7.753498919022674,2.055529519599854
2025-10-03 08:00:00,766.1753476922703,7.79849363078796,2.091315153631163
2025-10-03 12:00:00,766.1753476922703,7.923152747030619,2.1916043291485887
2025-10-03 16:00:00,766.1753476922703,7.949265998206214,2.2132737009826835
2025-10-03 20:00:00,766.1753476922703,7.921464529943399,2.190051836762007
2025-10-04 00:00:00,766.1753476922703,7.922241563451107,2.1906963174591114
2025-10-04 04:00:00,766.1753476922703,7.927431939900835,2.1950021209934683
2025-10-04 08:00:00,766.1753476922703,7.904696419035638,2.1761166167472
2025-10-04 12:00:00,766.1753476922703,7.89290482214429,2.166378144107775
2025-10-04 16:00:00,766.1753476922703,7.9037884757960235,2.1753399053086713
2025-10-04 20:00:00,766.1753476922703,7.931768810821246,2.19844277788579
2025-10-05 00:00:00,766.1753476922703,8.021540483510625,2.2730886318648316
2025-10-05 04:00:00,766.1753476922703,8.082291023999321,2.324733835145311
2025-10-05 08:00:00,766.1753476922703,8.001347981397924,2.2548881579865716
2025-10-05 12:00:00,766.1753476922703,7.958480228742141,2.2186460192690394
2025-10-05 16:00:00,766.1753476922703,7.944781367786421,2.2071892125216297
2025-10-05 20:00:00,766.1753476922703,8.00249311751812,2.2552889948366146
2025-10-06 00:00:00,766.1753476922703,8.025614886899241,2.2748377546770597
2025-10-06 04:00:00,766.1753476922703,7.996541261192199,2.25011524468034
2025-10-06 08:00:00,766.1753476922703,8.049976410325604,2.295222963032405
2025-10-06 12:00:00,766.1753476922703,8.100849746735099,2.3387382395927334
2025-10-06 16:00:00,766.1753476922703,8.12747302741075,2.3617968889417043
2025-10-06 20:00:00,766.1753476922703,8.078720817498938,2.3192955540333933
2025-10-07 00:00:00,766.1753476922703,8.057412342325128,2.300943396736361
2025-10-07 04:00:00,766.1753476922703,8.014526443765911,2.2642028077319045
2025-10-07 08:00:00,766.1753476922703,8.065425054826617,2.3073412684564114
2025-10-07 12:00:00,766.1753476922703,7.896449753993459,2.1623208824339053
2025-10-07 16:00:00,766.1753476922703,7.882915502304594,2.1512024446675597
2025-10-07 20:00:00,766.1753476922703,7.86319997822498,2.1350616842145644
2025-10-08 00:00:00,766.1753476922703,7.865908902380288,2.137268312630015
2025-10-08 04:00:00,766.1753476922703,7.880316101637862,2.1490121749715843
2025-10-08 08:00:00,766.1753476922703,7.963727635174085,2.217252737453007
2025-10-08 12:00:00,766.1753476922703,7.918724498525063,2.1796635584277366
2025-10-08 16:00:00,766.1753476922703,8.000399209875585,2.247107523175719
2025-10-08 20:00:00,766.1753476922703,7.991067030967346,2.23924401203751
2025-10-09 00:00:00,766.1753476922703,7.908892659204445,2.170163699283302
2025-10-09 04:00:00,766.1753476922703,7.900343994483711,2.1631265566691495
2025-10-09 08:00:00,766.1753476922703,7.954228902795053,2.2073878734877583
2025-10-09 12:00:00,766.1753476922703,7.851158227093453,2.1215780624666225
2025-10-09 16:00:00,766.1753476922703,7.8384936826333975,2.111311238545714
2025-10-09 20:00:00,766.1753476922703,7.884550577817476,2.1485277412381025
2025-10-10 00:00:00,766.1753476922703,7.843308179654877,2.114812273618365
2025-10-10 04:00:00,766.1753476922703,7.837218932917252,2.1098866937063483
2025-10-10 08:00:00,766.1753476922703,7.877561164655994,2.142468737924541
2025-10-10 12:00:00,766.1753476922703,7.71323899191736,2.0083961065548555
2025-10-10 16:00:00,766.1753476922703,7.560458261829895,1.8890516040238907
2025-10-10 20:00:00,766.1753476922703,7.308554238105421,1.7002298354496603
2025-10-11 00:00:00,766.1753476922703,7.277804060534793,1.6787690782406497
2025-10-11 04:00:00,766.1753476922703,7.153673119695623,1.592869327409048
2025-10-11 08:00:00,766.1753476922703,7.2765072765073375,1.6749217601117006
2025-10-11 12:00:00,766.1753476922703,7.244959327253652,1.6531364400327273
2025-10-11 16:00:00,766.1753476922703,7.205110275247494,1.6258584732437353
2025-10-11 20:00:00,766.1753476922703,7.1705092777412585,1.602434962917407
2025-10-12 00:00:00,766.1753476922703,7.172557172557233,1.6038079274278978
2025-10-12 04:00:00,766.1753476922703,7.227591105396653,1.6407252453280328
2025-10-12 08:00:00,766.1753476922703,7.248534070229893,1.654987943900559
2025-10-12 12:00:00,766.1753476922703,7.336012878406957,1.714907524112412
2025-10-12 16:00:00,766.1753476922703,7.410157039832915,1.766904589441716
2025-10-12 20:00:00,766.1753476922703,7.450111726919772,1.7954854088240817
2025-10-13 00:00:00,766.1753476922703,7.441189126974727,1.789034338586216
2025-10-13 04:00:00,766.1753476922703,7.478683099942516,1.8160775990052673
2025-10-13 08:00:00,766.1753476922703,7.399640192657713,1.7584947125417596
2025-10-13 12:00:00,766.1753476922703,7.408201170670063,1.7645981584568093
2025-10-13 16:00:00,766.1753476922703,7.504163188701907,1.8331712424213238
2025-10-13 20:00:00,766.1753476922703,7.46353969545996,1.8033998404520992
2025-10-14 00:00:00,766.1753476922703,7.355571570035474,1.7251354881034926
2025-10-14 04:00:00,766.1753476922703,7.240501267621031,1.6441716117689988
2025-10-14 08:00:00,766.1753476922703,7.213902613528611,1.626051560261409
2025-10-14 12:00:00,766.1753476922703,7.316715358174274,1.6955751591241044
2025-10-14 16:00:00,766.1753476922703,7.2981333049912225,1.682656547599534
2025-10-14 20:00:00,766.1753476922703,7.3249918343435185,1.7012340433994368
2025-10-15 00:00:00,766.1753476922703,7.259935530197438,1.6559059385275032
2025-10-15 04:00:00,766.1753476922703,7.296240946490387,1.6807484543557003
2025-10-15 08:00:00,766.1753476922703,7.252252036229655,1.6503488444174843
2025-10-15 12:00:00,766.1753476922703,7.180464249978027,1.6013399753826776
2025-10-15 16:00:00,766.1753476922703,7.211164526314214,1.6218796973453267
2025-10-15 20:00:00,766.1753476922703,7.178213509884395,1.59964642932347
2025-10-16 00:00:00,766.1753476922703,7.214907118897206,1.624177658669954
2025-10-16 04:00:00,766.1753476922703,7.166607908503232,1.5915591520860675
2025-10-16 08:00:00,766.1753476922703,7.219783182376761,1.626986621348485
2025-10-16 12:00:00,766.1753476922703,7.034726722694366,1.5018785496134597
2025-10-16 16:00:00,766.1753476922703,7.011943892866648,1.4872864930489778
2025-10-16 20:00:00,766.1753476922703,7.011724845889496,1.4871471084722732
2025-10-17 00:00:00,766.1753476922703,7.075394932626915,1.5276593023199427
2025-10-17 04:00:00,766.1753476922703,6.845785095473435,1.378933072771601
2025-10-17 08:00:00,766.1753476922703,6.8490234911681895,1.3808899838624142
2025-10-17 12:00:00,766.1753476922703,6.92159479160732,1.4247851385606674
2025-10-17 16:00:00,766.1753476922703,6.89898953240605,1.4108255071463869
2025-10-17 20:00:00,766.1753476922703,6.897496383780731,1.409909472056031
2025-10-18 00:00:00,766.1753476922703,6.938889781782608,1.435293005736744
2025-10-18 04:00:00,766.1753476922703,6.912617105883998,1.4189896823758805
2025-10-18 08:00:00,766.1753476922703,6.9478460812625995,1.4406845998653905
2025-10-18 12:00:00,766.1753476922703,6.931006034809086,1.430208894746351
2025-10-18 16:00:00,766.1753476922703,6.9395209999948735,1.4354800684631277
2025-10-18 20:00:00,766.1753476922703,6.946317288898394,1.4396976235049788
2025-10-19 00:00:00,766.1753476922703,6.952199801950482,1.4433552623843018
2025-10-19 04:00:00,766.1753476922703,6.9204587284388355,1.4235858454550403
2025-10-19 08:00:00,766.1753476922703,6.985101565213842,1.4634782706774299
2025-10-19 12:00:00,766.1753476922703,7.030675649753014,1.4921235302229374
2025-10-19 16:00:00,766.1753476922703,7.058006620662538,1.5095249238426414
2025-10-19 20:00:00,766.1753476922703,7.040790694780777,1.4984788010764207
2025-10-20 00:00:00,766.1753476922703,7.138173277824209,1.5606560802815044
2025-10-20 04:00:00,766.1753476922703,7.20456654621249,1.6042038006717478
2025-10-20 08:00:00,766.1753476922703,7.194640088966831,1.597572981035945
2025-10-20 12:00:00,766.1753476922703,7.202922397747893,1.6030902519065944
2025-10-20 16:00:00,766.1753476922703,7.1808018933954685,1.5883207613013433
2025-10-20 20:00:00,766.1753476922703,7.1632308262608095,1.5766611342252084
2025-10-21 00:00:00,766.1753476922703,7.06777883772902,1.5136328258461775
2025-10-21 04:00:00,766.1753476922703,7.004731544320129,1.473126272765444
2025-10-21 08:00:00,766.1753476922703,7.036722772071956,1.493309966230807
2025-10-21 12:00:00,766.1753476922703,7.350556171940271,1.693112015681787
2025-10-21 16:00:00,766.1753476922703,7.244129152171604,1.6195694720639064
2025-10-21 20:00:00,766.1753476922703,7.01842522073201,1.468187633306328
2025-10-22 00:00:00,766.1753476922703,7.013133745677443,1.4648668549296706
2025-10-22 04:00:00,766.1753476922703,7.019977991611466,1.469155626274684
2025-10-22 08:00:00,766.1753476922703,6.970298396420648,1.4379644785789845
2025-10-22 12:00:00,766.1753476922703,7.026126212535248,1.4725161198102943
2025-10-22 16:00:00,766.1753476922703,6.990731979821813,1.4502626432960817
2025-10-22 20:00:00,766.1753476922703,6.971101352647545,1.4380452251469564
2025-10-23 00:00:00,766.1753476922703,7.0236285585413345,1.4705522109751805
2025-10-23 04:00:00,766.1753476922703,7.0814323339261565,1.5068597131386419
2025-10-23 08:00:00,766.1753476922703,7.0803947770905955,1.506197367222502
2025-10-23 12:00:00,766.1753476922703,7.122803697616723,1.5332620464335593
2025-10-23 16:00:00,766.1753476922703,7.141709136721663,1.5454708592050517
2025-10-23 20:00:00,766.1753476922703,7.133814372592484,1.5403455617440251
2025-10-24 00:00:00,766.1753476922703,7.157357386160437,1.5555959066081138
2025-10-24 04:00:00,766.1753476922703,7.197093674338122,1.5815050252525997
2025-10-24 08:00:00,766.1753476922703,7.197850617738457,1.5820040224224141
2025-10-24 12:00:00,766.1753476922703,7.131787864019842,1.5384445429338058
2025-10-24 16:00:00,766.1753476922703,7.168608494356683,1.562272998948971
2025-10-24 20:00:00,766.1753476922703,7.19387148034286,1.5787898784424323
2025-10-25 00:00:00,766.1753476922703,7.195498130972005,1.5798608481794123
2025-10-25 04:00:00,766.1753476922703,7.225283983388781,1.5994804080235163
2025-10-25 08:00:00,766.1753476922703,7.230093295866422,1.6026743590578567
2025-10-25 12:00:00,766.1753476922703,7.218516857544348,1.5949760099043497
2025-10-25 16:00:00,766.1753476922703,7.233958373297584,1.60521170554752
2025-10-25 20:00:00,766.1753476922703,7.235437264427348,1.6061962011294229
2025-10-26 00:00:00,766.1753476922703,7.210434153701045,1.589544864106939
2025-10-26 04:00:00,766.1753476922703,7.240473400697898,1.609411378286662
2025-10-26 08:00:00,766.1753476922703,7.341708747880877,1.676919113191972
2025-10-26 12:00:00,766.1753476922703,7.368206951436439,1.6950764709135235
2025-10-26 16:00:00,766.1753476922703,7.361144306593245,1.690202127735453
2025-10-26 20:00:00,766.1753476922703,7.424227891809,1.733656245267702
2025-10-27 00:00:00,766.1753476922703,7.450092932948356,1.7517757416350568
2025-10-27 04:00:00,766.1753476922703,7.488723617152607,1.779025990490002
2025-10-27 08:00:00,766.1753476922703,7.476243123998796,1.7701313685905213
2025-10-27 12:00:00,766.1753476922703,7.4508168248817235,1.752071005019751
2025-10-27 16:00:00,766.1753476922703,7.44906444906451,1.750834783435702
2025-10-27 20:00:00,766.1753476922703,7.394951420824299,1.7126784594860958
2025-10-28 00:00:00,766.1753476922703,7.3820282972403275,1.7036994327966641
2025-10-28 04:00:00,766.1753476922703,7.40018262555675,1.7162689533715407
2025-10-28 08:00:00,766.1753476922703,7.4111583048616065,1.7239054747600933
2025-10-28 12:00:00,766.1753476922703,7.429540753106899,1.736733268419054
2025-10-28 16:00:00,766.1753476922703,7.367884213582529,1.6934946752276285
2025-10-28 20:00:00,766.1753476922703,7.316587040714283,1.6581229918833953
2025-10-29 00:00:00,766.1753476922703,7.292287083745997,1.64160204415462
2025-10-29 04:00:00,766.1753476922703,7.3606200195976355,1.6877503180317557
2025-10-29 08:00:00,766.1753476922703,7.331745998828353,1.6678883481407156
2025-10-29 12:00:00,766.1753476922703,7.226589192299976,1.5961224362974533
2025-10-29 16:00:00,766.1753476922703,7.170224127830172,1.5587747159706364
2025-10-29 20:00:00,766.1753476922703,7.1301275138557525,1.532624241336195
2025-10-30 00:00:00,766.1753476922703,7.177448141600321,1.5631390144825255
2025-10-30 04:00:00,766.1753476922703,7.217320524053751,1.589189809437943
2025-10-30 08:00:00,766.1753476922703,7.1104262472716915,1.5185783014206133
2025-10-30 12:00:00,766.1753476922703,6.98044130837154,1.4352954007080176
2025-10-30 16:00:00,766.1753476922703,6.904282303596575,1.3883167079089336
2025-10-30 20:00:00,766.1753476922703,7.020059000108933,1.458158024538272
2025-10-31 00:00:00,766.1753476922703,7.078707856139336,1.4947044268047176
2025-10-31 04:00:00,766.1753476922703,7.093059321550651,1.5037955770474092
2025-10-31 08:00:00,766.1753476922703,7.155682130432813,1.5436254580973927
2025-10-31 12:00:00,766.1753476922703,7.1418970764357885,1.534704312676236
2025-10-31 16:00:00,766.1753476922703,7.117651557177801,1.5190741365885354
2025-10-31 20:00:00,766.1753476922703,7.103344160389107,1.5099135323151933
2025-11-01 00:00:00,766.1753476922703,7.143418091984236,1.5354683288627016
2025-11-01 04:00:00,766.1753476922703,7.1333749825022235,1.52899206931817
2025-11-01 08:00:00,766.1753476922703,7.137664544460114,1.5317503876025245
2025-11-01 12:00:00,766.1753476922703,7.148880008917474,1.5389709393345485
2025-11-01 16:00:00,766.1753476922703,7.148189168451073,1.5385247785092804
2025-11-01 20:00:00,766.1753476922703,7.135105324008126,1.5300765610380032
2025-11-02 00:00:00,766.1753476922703,7.1321974429830375,1.528205832970204
2025-11-02 04:00:00,766.1753476922703,7.186784208916437,1.5632945197750565
2025-11-02 08:00:00,766.1753476922703,7.206320866233644,1.5760435665382058
2025-11-02 12:00:00,766.1753476922703,7.136361279752859,1.5301424646150241
2025-11-02 16:00:00,766.1753476922703,7.140467438472485,1.5327837299225309
2025-11-02 20:00:00,766.1753476922703,7.163787516655406,1.5478015015434943
2025-11-03 00:00:00,766.1753476922703,6.99508051596586,1.4384494520664222
2025-11-03 04:00:00,766.1753476922703,6.964671870220555,1.419689996884779
2025-11-03 08:00:00,766.1753476922703,6.985357552065839,1.4323398055800278
2025-11-03 12:00:00,766.1753476922703,6.853040864574587,1.3509456362664625
2025-11-03 16:00:00,766.1753476922703,6.940159995022895,1.402467235848421
2025-11-03 20:00:00,766.1753476922703,6.907305540722056,1.3825495556760687
2025-11-04 00:00:00,766.1753476922703,6.944618054655518,1.4049547030620082
